/**************************************************************************************************
Script:             Database Inserted Rows
Create Date:        17-11-2021
Author:             Ricardo Ribeiro (1181350)
Description:        This script consists in a insertion of all data required for the database to work.

Script Usage:
***************************************************************************************************
SUMMARY OF CHANGES
Date(dd-MM-yyyy)    Author              Comments
------------------- ------------------- ------------------------------------------------------------
  28-12-2021        Ricardo Ribeiro     Add Data to Tables Border, Seadist, Country
                    (1181350)
------------------- ------------------- ------------------------------------------------------------
***************************************************************************************************/

DECLARE
    /*Transport Type Ids*/
    transportTypeShip NUMBER;
    transportTypeTruck NUMBER;
    /*Cargo Manifest Type Ids*/
    CargoManifestTypeLoad NUMBER;
    CargoManifestTypeUnload NUMBER;
    /*Cargo Site Type Ids*/
    CargoSiteTypePort NUMBER;
    CargoSiteTypeWarehouse NUMBER;
    /*Role Ids*/
    RoleClient NUMBER;
    RoleFleetManager NUMBER;
    RoleTrafficManager NUMBER;
    RoleWarehouseStaff NUMBER;
    RoleWarehouseManager NUMBER;
    RolePortStaff NUMBER;
    RolePortManager NUMBER;
    RoleShipCaptain NUMBER;
    RoleShipChiefElectricalEngineer NUMBER;
    RoleTruckDriver NUMBER;
    /*Clients*/
    ClientOne NUMBER;
    ClientTwo NUMBER;
    /*Container Ids*/
    ContainerOne NUMBER;
    ContainerTwo NUMBER;
    ContainerThree NUMBER;
    ContainerFour NUMBER;
    ContainerFive NUMBER;
    ContainerSix NUMBER;
    ContainerSeven NUMBER;
    ContainerEight NUMBER;
    ContainerNine NUMBER;
    ContainerTen NUMBER;
    /*Continent Ids*/
    ContinentAsia VARCHAR(50);
    ContinentAmerica VARCHAR(50);
    ContinentAfrica VARCHAR(50);
    ContinentEurope VARCHAR(50);
    ContinentAntarctica VARCHAR(50);
    ContinentOceania VARCHAR(50);
    /*CargoSite Ids*/
    CargoSitePortOfOne NUMBER;
    CargoSitePortOfTwo NUMBER;
    CargoSitePortOfThree NUMBER;
    CargoSitePortOfFour NUMBER;
    CargoSiteOfFive NUMBER;
    /*Ship Ids*/
    ShipOne NUMBER;
    ShipTwo NUMBER;
    ShipThree NUMBER;
    /*Manifest Ship One Ids*/
    ManifestLoadOldOne NUMBER;
    ManifestUnloadOldOne NUMBER;
    ManifestShipOneLoadPlPi NUMBER;
    ManifestShipOneUnloadPlPi NUMBER;
    ManifestShipOneLoadPiPr NUMBER;
    ManifestShipOneUnloadPiPr NUMBER;
    /*Manifest Ship Two Ids*/
    ManifestShipTwoLoadPiPs NUMBER;
    ManifestShipTwoUnloadPiPs NUMBER;
    /*Manifest Ship Three Ids*/
    ManifestShipThreeLoadPwPs NUMBER;
    ManifestShipThreeUnloadPwPs NUMBER;
    ManifestShipThreeLoadPsPr NUMBER;
    ManifestShipThreeUnloadPsPr NUMBER;

BEGIN

    DBMS_OUTPUT.PUT_LINE('------- Inserting Data Into TransportType -------');

    INSERT INTO TransportType (description) VALUES ('Ship') RETURNING id INTO transportTypeShip;
    INSERT INTO TransportType (description) VALUES ('Truck') RETURNING id INTO transportTypeTruck;

    DBMS_OUTPUT.PUT_LINE('Results: id | description');
    DBMS_OUTPUT.PUT_LINE('         ' || TO_CHAR(transportTypeShip) || ' | Ship');
    DBMS_OUTPUT.PUT_LINE('         ' || TO_CHAR(transportTypeTruck) || ' | Truck');
    DBMS_OUTPUT.PUT_LINE('---------------------- END ---------------------');
    COMMIT;

    DBMS_OUTPUT.PUT_LINE(' ');

    DBMS_OUTPUT.PUT_LINE('------- Inserting Data Into CargoManifestType -------');

    INSERT INTO CargoManifestType (description) VALUES ('Load') RETURNING id INTO CargoManifestTypeLoad;
    INSERT INTO CargoManifestType (description) VALUES ('Unload') RETURNING id INTO CargoManifestTypeUnload;

    DBMS_OUTPUT.PUT_LINE('Results: id | description');
    DBMS_OUTPUT.PUT_LINE('         ' || TO_CHAR(CargoManifestTypeLoad) || ' | Load');
    DBMS_OUTPUT.PUT_LINE('         ' || TO_CHAR(CargoManifestTypeUnload) || ' | Unload');
    DBMS_OUTPUT.PUT_LINE('---------------------- END ---------------------');
    COMMIT;

    DBMS_OUTPUT.PUT_LINE(' ');

    DBMS_OUTPUT.PUT_LINE('------- Inserting Data Into CargoSiteType -------');

    INSERT INTO CargoSiteType (description) VALUES ('Port') RETURNING id INTO CargoSiteTypePort;
    INSERT INTO CargoSiteType (description) VALUES ('Warehouse') RETURNING id INTO CargoSiteTypeWarehouse;

    DBMS_OUTPUT.PUT_LINE('Results: id | description');
    DBMS_OUTPUT.PUT_LINE('         ' || TO_CHAR(CargoSiteTypePort) || ' | Port');
    DBMS_OUTPUT.PUT_LINE('         ' || TO_CHAR(CargoSiteTypeWarehouse) || ' | Warehouse');
    DBMS_OUTPUT.PUT_LINE('---------------------- END ---------------------');
    COMMIT;

    DBMS_OUTPUT.PUT_LINE(' ');

    DBMS_OUTPUT.PUT_LINE('------- Inserting Data Into Role -------');

    INSERT INTO Role (description) VALUES ('Client') RETURNING ID INTO RoleClient;
    INSERT INTO Role (description) VALUES ('Port staff') RETURNING ID INTO RolePortStaff;
    INSERT INTO Role (description) VALUES ('Port manager') RETURNING id INTO RolePortManager;
    INSERT INTO Role (description) VALUES ('Ship captain') RETURNING id INTO RoleShipCaptain;
    INSERT INTO Role (description) VALUES ('Truck driver') RETURNING id INTO RoleTruckDriver;
    INSERT INTO Role (description) VALUES ('Fleet manager') RETURNING id INTO RoleFleetManager;
    INSERT INTO Role (description) VALUES ('Traffic manager') RETURNING id INTO RoleTrafficManager;
    INSERT INTO Role (description) VALUES ('Warehouse staff') RETURNING id INTO RoleWarehouseStaff;
    INSERT INTO Role (description) VALUES ('Warehouse manager') RETURNING id INTO RoleWarehouseManager;
    INSERT INTO Role (description) VALUES ('Ship chief electrical engineer') RETURNING id INTO RoleShipChiefElectricalEngineer;

    DBMS_OUTPUT.PUT_LINE('Results: id | description');
    DBMS_OUTPUT.PUT_LINE('         ' || TO_CHAR(RoleClient) || ' | Client');
    DBMS_OUTPUT.PUT_LINE('         ' || TO_CHAR(RolePortStaff) || ' | PortStaff');
    DBMS_OUTPUT.PUT_LINE('         ' || TO_CHAR(RolePortManager) || ' | PortManager');
    DBMS_OUTPUT.PUT_LINE('         ' || TO_CHAR(RoleShipCaptain) || ' | ShipCaptain');
    DBMS_OUTPUT.PUT_LINE('         ' || TO_CHAR(RoleTruckDriver) || ' | TruckDriver');
    DBMS_OUTPUT.PUT_LINE('         ' || TO_CHAR(RoleFleetManager) || ' | FleetManager');
    DBMS_OUTPUT.PUT_LINE('         ' || TO_CHAR(RoleTrafficManager) || ' | TrafficManager');
    DBMS_OUTPUT.PUT_LINE('         ' || TO_CHAR(RoleWarehouseStaff) || ' | WarehouseStaff');
    DBMS_OUTPUT.PUT_LINE('         ' || TO_CHAR(RoleWarehouseManager) || ' | WarehouseManager');
    DBMS_OUTPUT.PUT_LINE('         ' || TO_CHAR(RoleShipChiefElectricalEngineer) || ' | ShipChiefElectricalEngineer');
    DBMS_OUTPUT.PUT_LINE('---------------------- END ---------------------');
    COMMIT;

    DBMS_OUTPUT.PUT_LINE(' ');

    DBMS_OUTPUT.PUT_LINE('------- Inserting Data Into Client -------');

    INSERT INTO PlatformUser (username, password, description, idRole) VALUES ('transAmerican', 'Uhf74hjr', 'Transports American', RoleClient) RETURNING Id INTO ClientOne;
    INSERT INTO PlatformUser (username, password, description, idRole) VALUES ('pingo2020', 'Gj58tjfd', 'Pingo Doce', RoleClient) RETURNING Id INTO ClientTwo;

    DBMS_OUTPUT.PUT_LINE('Results: id | description');
    DBMS_OUTPUT.PUT_LINE('         ' || TO_CHAR(ClientOne) || ' | Transports American');
    DBMS_OUTPUT.PUT_LINE('         ' || TO_CHAR(ClientTwo) || ' | Pingo Doce');
    DBMS_OUTPUT.PUT_LINE('---------------------- END ---------------------');
    COMMIT;

    DBMS_OUTPUT.PUT_LINE(' ');

    DBMS_OUTPUT.PUT_LINE('------- Inserting Data Into Continent -------');

    INSERT INTO Continent (description)
    VALUES ('Asia') RETURNING description INTO ContinentAsia;
    INSERT INTO Continent (description)
    VALUES ('America') RETURNING description INTO ContinentAmerica;
    INSERT INTO Continent (description)
    VALUES ('Africa') RETURNING description INTO ContinentAfrica;
    INSERT INTO Continent (description)
    VALUES ('Europe') RETURNING description INTO ContinentEurope;
    INSERT INTO Continent (description)
    VALUES ('Antarctica') RETURNING description INTO ContinentAntarctica;
    INSERT INTO Continent (description)
    VALUES ('Oceania') RETURNING description INTO ContinentOceania;

    DBMS_OUTPUT.PUT_LINE('Results: id | description');
    DBMS_OUTPUT.PUT_LINE('         ' || ContinentAsia || ' | Asia');
    DBMS_OUTPUT.PUT_LINE('         ' || ContinentAmerica || ' | America');
    DBMS_OUTPUT.PUT_LINE('         ' || ContinentAfrica || ' | Africa');
    DBMS_OUTPUT.PUT_LINE('         ' || ContinentEurope || ' | Europe');
    DBMS_OUTPUT.PUT_LINE('         ' || ContinentAntarctica || ' | Antarctica');
    DBMS_OUTPUT.PUT_LINE('         ' || ContinentOceania || ' | Oceania');
    DBMS_OUTPUT.PUT_LINE('---------------------- END ---------------------');
    COMMIT;

    DBMS_OUTPUT.PUT_LINE(' ');

    DBMS_OUTPUT.PUT_LINE('------- Inserting Data Into Country -------');
    INSERT INTO COUNTRY (DESCRIPTION, ALPHA2_CODE, ALPHA3_CODE, POPULATION, CAPITAL, LATITUDE, LONGITUDE, IDCONTINENT) VALUES ('Albania', 'AL', 'ALB', 2.88, 'Tirana', 41.316667, 19.816667, 'Europe');
    INSERT INTO COUNTRY (DESCRIPTION, ALPHA2_CODE, ALPHA3_CODE, POPULATION, CAPITAL, LATITUDE, LONGITUDE, IDCONTINENT) VALUES ('Argentina', 'AR', 'ARG', 41.67, 'Buenos Aires', -34.583333, -58.666667, 'America');
    INSERT INTO COUNTRY (DESCRIPTION, ALPHA2_CODE, ALPHA3_CODE, POPULATION, CAPITAL, LATITUDE, LONGITUDE, IDCONTINENT) VALUES ('Armenia', 'AM', 'ARM', 3.01, 'Yerevan', 40.166667, 44.500000, 'Europe');
    INSERT INTO COUNTRY (DESCRIPTION, ALPHA2_CODE, ALPHA3_CODE, POPULATION, CAPITAL, LATITUDE, LONGITUDE, IDCONTINENT) VALUES ('Austria', 'AT', 'AUT', 8.77, 'Vienna', 48.200000, 16.366667, 'Europe');
    INSERT INTO COUNTRY (DESCRIPTION, ALPHA2_CODE, ALPHA3_CODE, POPULATION, CAPITAL, LATITUDE, LONGITUDE, IDCONTINENT) VALUES ('Belarus', 'BY', 'BLR', 9.48, 'Minsk', 53.900000, 27.566667, 'Europe');
    INSERT INTO COUNTRY (DESCRIPTION, ALPHA2_CODE, ALPHA3_CODE, POPULATION, CAPITAL, LATITUDE, LONGITUDE, IDCONTINENT) VALUES ('Belgium', 'BE', 'BEL', 11.37, 'Brussels', 50.833333, 4.333333, 'Europe');
    INSERT INTO COUNTRY (DESCRIPTION, ALPHA2_CODE, ALPHA3_CODE, POPULATION, CAPITAL, LATITUDE, LONGITUDE, IDCONTINENT) VALUES ('Belize', 'BZ', 'BLZ', 397.60, 'Belmopan', 17.250000, -88.766667, 'America');
    INSERT INTO COUNTRY (DESCRIPTION, ALPHA2_CODE, ALPHA3_CODE, POPULATION, CAPITAL, LATITUDE, LONGITUDE, IDCONTINENT) VALUES ('Bolivia', 'BO', 'BOL', 9.70, 'La Paz', -16.500000, -68.150000, 'America');
    INSERT INTO COUNTRY (DESCRIPTION, ALPHA2_CODE, ALPHA3_CODE, POPULATION, CAPITAL, LATITUDE, LONGITUDE, IDCONTINENT) VALUES ('Bosnia', 'BA', 'BIH', 3.75, 'Sarajevo', 43.866667, 18.416667, 'Europe');
    INSERT INTO COUNTRY (DESCRIPTION, ALPHA2_CODE, ALPHA3_CODE, POPULATION, CAPITAL, LATITUDE, LONGITUDE, IDCONTINENT) VALUES ('Brazil', 'BR', 'BRA', 206.12, 'Brasilia', -15.783333, -47.916667, 'America');
    INSERT INTO COUNTRY (DESCRIPTION, ALPHA2_CODE, ALPHA3_CODE, POPULATION, CAPITAL, LATITUDE, LONGITUDE, IDCONTINENT) VALUES ('Bulgaria', 'BG', 'BGR', 7.10, 'Sofia', 42.683333, 23.316667, 'Europe');
    INSERT INTO COUNTRY (DESCRIPTION, ALPHA2_CODE, ALPHA3_CODE, POPULATION, CAPITAL, LATITUDE, LONGITUDE, IDCONTINENT) VALUES ('Canada', 'CA', 'CAN', 37.70, 'Ottawa', 45.416667, -75.700000, 'America');
    INSERT INTO COUNTRY (DESCRIPTION, ALPHA2_CODE, ALPHA3_CODE, POPULATION, CAPITAL, LATITUDE, LONGITUDE, IDCONTINENT) VALUES ('Chile', 'CL', 'CHL', 16.80, 'Santiago', -33.450000, -70.666667, 'America');
    INSERT INTO COUNTRY (DESCRIPTION, ALPHA2_CODE, ALPHA3_CODE, POPULATION, CAPITAL, LATITUDE, LONGITUDE, IDCONTINENT) VALUES ('Colombia', 'CO', 'COL', 46.86, 'Bogota', 4.600000, -74.083333, 'America');
    INSERT INTO COUNTRY (DESCRIPTION, ALPHA2_CODE, ALPHA3_CODE, POPULATION, CAPITAL, LATITUDE, LONGITUDE, IDCONTINENT) VALUES ('Costa Rica', 'CR', 'CRI', 5.10, 'San Jose', 9.933333, -84.083333, 'America');
    INSERT INTO COUNTRY (DESCRIPTION, ALPHA2_CODE, ALPHA3_CODE, POPULATION, CAPITAL, LATITUDE, LONGITUDE, IDCONTINENT) VALUES ('Croatia', 'HR', 'HRV', 4.15, 'Zagreb', 45.800000, 16.000000, 'Europe');
    INSERT INTO COUNTRY (DESCRIPTION, ALPHA2_CODE, ALPHA3_CODE, POPULATION, CAPITAL, LATITUDE, LONGITUDE, IDCONTINENT) VALUES ('Cyprus', 'CY', 'CYP', 0.85, 'Nicosia', 35.166667, 33.366667, 'Europe');
    INSERT INTO COUNTRY (DESCRIPTION, ALPHA2_CODE, ALPHA3_CODE, POPULATION, CAPITAL, LATITUDE, LONGITUDE, IDCONTINENT) VALUES ('Czech Republic', 'CZ', 'CZE', 10.57, 'Prague', 50.083333, 14.466667, 'Europe');
    INSERT INTO COUNTRY (DESCRIPTION, ALPHA2_CODE, ALPHA3_CODE, POPULATION, CAPITAL, LATITUDE, LONGITUDE, IDCONTINENT) VALUES ('Denmark', 'DK', 'DNK', 5.75, 'Copenhagen', 55.666667, 12.583333, 'Europe');
    INSERT INTO COUNTRY (DESCRIPTION, ALPHA2_CODE, ALPHA3_CODE, POPULATION, CAPITAL, LATITUDE, LONGITUDE, IDCONTINENT) VALUES ('Ecuador', 'EC', 'ECU', 14.88, 'Quito', -0.216667, -78.500000, 'America');
    INSERT INTO COUNTRY (DESCRIPTION, ALPHA2_CODE, ALPHA3_CODE, POPULATION, CAPITAL, LATITUDE, LONGITUDE, IDCONTINENT) VALUES ('El Salvador', 'SV', 'SLV', 6.48, 'San Salvador', 13.700000, -89.200000, 'America');
    INSERT INTO COUNTRY (DESCRIPTION, ALPHA2_CODE, ALPHA3_CODE, POPULATION, CAPITAL, LATITUDE, LONGITUDE, IDCONTINENT) VALUES ('Estonia', 'EE', 'EST', 1.32, 'Tallinn', 59.433333, 24.716667, 'Europe');
    INSERT INTO COUNTRY (DESCRIPTION, ALPHA2_CODE, ALPHA3_CODE, POPULATION, CAPITAL, LATITUDE, LONGITUDE, IDCONTINENT) VALUES ('Finland', 'FI', 'FIN', 5.50, 'Helsinki', 60.166667, 24.933333, 'Europe');
    INSERT INTO COUNTRY (DESCRIPTION, ALPHA2_CODE, ALPHA3_CODE, POPULATION, CAPITAL, LATITUDE, LONGITUDE, IDCONTINENT) VALUES ('France', 'FR', 'FRA', 66.99, 'Paris', 48.866667, 2.333333, 'Europe');
    INSERT INTO COUNTRY (DESCRIPTION, ALPHA2_CODE, ALPHA3_CODE, POPULATION, CAPITAL, LATITUDE, LONGITUDE, IDCONTINENT) VALUES ('Georgia', 'GE', 'GEO', 3.71, 'Tbilisi', 41.683333, 44.833333, 'Europe');
    INSERT INTO COUNTRY (DESCRIPTION, ALPHA2_CODE, ALPHA3_CODE, POPULATION, CAPITAL, LATITUDE, LONGITUDE, IDCONTINENT) VALUES ('Germany', 'DE', 'DEU', 82.80, 'Berlin', 52.516667, 13.400000, 'Europe');
    INSERT INTO COUNTRY (DESCRIPTION, ALPHA2_CODE, ALPHA3_CODE, POPULATION, CAPITAL, LATITUDE, LONGITUDE, IDCONTINENT) VALUES ('Greece', 'GR', 'GRC', 10.76, 'Athens', 37.983333, 23.733333, 'Europe');
    INSERT INTO COUNTRY (DESCRIPTION, ALPHA2_CODE, ALPHA3_CODE, POPULATION, CAPITAL, LATITUDE, LONGITUDE, IDCONTINENT) VALUES ('Guatemala', 'GT', 'GTM', 17.91, 'Guatemala City', 14.616667, -90.516667, 'America');
    INSERT INTO COUNTRY (DESCRIPTION, ALPHA2_CODE, ALPHA3_CODE, POPULATION, CAPITAL, LATITUDE, LONGITUDE, IDCONTINENT) VALUES ('Guyana', 'GY', 'GUY', 786.50, 'Georgetown', 6.800000, -58.150000, 'America');
    INSERT INTO COUNTRY (DESCRIPTION, ALPHA2_CODE, ALPHA3_CODE, POPULATION, CAPITAL, LATITUDE, LONGITUDE, IDCONTINENT) VALUES ('Honduras', 'HN', 'HND', 9.90, 'Tegucigalpa', 14.100000, -87.216667, 'America');
    INSERT INTO COUNTRY (DESCRIPTION, ALPHA2_CODE, ALPHA3_CODE, POPULATION, CAPITAL, LATITUDE, LONGITUDE, IDCONTINENT) VALUES ('Hungary', 'HU', 'HUN', 9.80, 'Budapest', 47.500000, 19.083333, 'Europe');
    INSERT INTO COUNTRY (DESCRIPTION, ALPHA2_CODE, ALPHA3_CODE, POPULATION, CAPITAL, LATITUDE, LONGITUDE, IDCONTINENT) VALUES ('Iceland', 'IS', 'ISL', 0.34, 'Reykjavik', 64.150000, -21.950000, 'Europe');
    INSERT INTO COUNTRY (DESCRIPTION, ALPHA2_CODE, ALPHA3_CODE, POPULATION, CAPITAL, LATITUDE, LONGITUDE, IDCONTINENT) VALUES ('Ireland', 'IE', 'IRL', 4.77, 'Dublin', 53.316667, -6.233333, 'Europe');
    INSERT INTO COUNTRY (DESCRIPTION, ALPHA2_CODE, ALPHA3_CODE, POPULATION, CAPITAL, LATITUDE, LONGITUDE, IDCONTINENT) VALUES ('Italy', 'IT', 'ITA', 60.59, 'Rome', 41.900000, 12.483333, 'Europe');
    INSERT INTO COUNTRY (DESCRIPTION, ALPHA2_CODE, ALPHA3_CODE, POPULATION, CAPITAL, LATITUDE, LONGITUDE, IDCONTINENT) VALUES ('Kosovo', 'KO', 'KOS', 1.77, 'Pristina', 42.666667, 21.166667, 'Europe');
    INSERT INTO COUNTRY (DESCRIPTION, ALPHA2_CODE, ALPHA3_CODE, POPULATION, CAPITAL, LATITUDE, LONGITUDE, IDCONTINENT) VALUES ('Latvia', 'LV', 'LVA', 1.98, 'Riga', 56.950000, 24.100000, 'Europe');
    INSERT INTO COUNTRY (DESCRIPTION, ALPHA2_CODE, ALPHA3_CODE, POPULATION, CAPITAL, LATITUDE, LONGITUDE, IDCONTINENT) VALUES ('Liechtenstein', 'LI', 'LIE', 0.04, 'Vaduz', 47.133333, 9.516667, 'Europe');
    INSERT INTO COUNTRY (DESCRIPTION, ALPHA2_CODE, ALPHA3_CODE, POPULATION, CAPITAL, LATITUDE, LONGITUDE, IDCONTINENT) VALUES ('Lithuania', 'LT', 'LTU', 2.85, 'Vilnius', 54.683333, 25.316667, 'Europe');
    INSERT INTO COUNTRY (DESCRIPTION, ALPHA2_CODE, ALPHA3_CODE, POPULATION, CAPITAL, LATITUDE, LONGITUDE, IDCONTINENT) VALUES ('Luxembourg', 'LU', 'LUX', 0.59, 'Luxembourg', 49.600000, 6.116667, 'Europe');
    INSERT INTO COUNTRY (DESCRIPTION, ALPHA2_CODE, ALPHA3_CODE, POPULATION, CAPITAL, LATITUDE, LONGITUDE, IDCONTINENT) VALUES ('Macedonia', 'MK', 'MKD', 2.07, 'Skopje', 42.000000, 21.433333, 'Europe');
    INSERT INTO COUNTRY (DESCRIPTION, ALPHA2_CODE, ALPHA3_CODE, POPULATION, CAPITAL, LATITUDE, LONGITUDE, IDCONTINENT) VALUES ('Malta', 'MT', 'MLT', 0.44, 'Valletta', 35.883333, 14.500000, 'Europe');
    INSERT INTO COUNTRY (DESCRIPTION, ALPHA2_CODE, ALPHA3_CODE, POPULATION, CAPITAL, LATITUDE, LONGITUDE, IDCONTINENT) VALUES ('Mexico', 'MX', 'MEX', 128.90, 'Mexico City', 19.433333, -99.133333, 'America');
    INSERT INTO COUNTRY (DESCRIPTION, ALPHA2_CODE, ALPHA3_CODE, POPULATION, CAPITAL, LATITUDE, LONGITUDE, IDCONTINENT) VALUES ('Moldova', 'MD', 'MDA', 3.55, 'Chisinau', 47.000000, 28.850000, 'Europe');
    INSERT INTO COUNTRY (DESCRIPTION, ALPHA2_CODE, ALPHA3_CODE, POPULATION, CAPITAL, LATITUDE, LONGITUDE, IDCONTINENT) VALUES ('Monaco', 'MC', 'MCO', 0.04, 'Monaco', 43.733333, 7.416667, 'Europe');
    INSERT INTO COUNTRY (DESCRIPTION, ALPHA2_CODE, ALPHA3_CODE, POPULATION, CAPITAL, LATITUDE, LONGITUDE, IDCONTINENT) VALUES ('Montenegro', 'ME', 'MNE', 0.62, 'Podgorica', 42.433333, 19.266667, 'Europe');
    INSERT INTO COUNTRY (DESCRIPTION, ALPHA2_CODE, ALPHA3_CODE, POPULATION, CAPITAL, LATITUDE, LONGITUDE, IDCONTINENT) VALUES ('Netherlands', 'NL', 'NLD', 17.08, 'Amsterdam', 52.350000, 4.916667, 'Europe');
    INSERT INTO COUNTRY (DESCRIPTION, ALPHA2_CODE, ALPHA3_CODE, POPULATION, CAPITAL, LATITUDE, LONGITUDE, IDCONTINENT) VALUES ('Nicaragua', 'NI', 'NIC', 6.60, 'Managua', 12.133333, -86.250000, 'America');
    INSERT INTO COUNTRY (DESCRIPTION, ALPHA2_CODE, ALPHA3_CODE, POPULATION, CAPITAL, LATITUDE, LONGITUDE, IDCONTINENT) VALUES ('Norway', 'NO', 'NOR', 5.26, 'Oslo', 59.916667, 10.750000, 'Europe');
    INSERT INTO COUNTRY (DESCRIPTION, ALPHA2_CODE, ALPHA3_CODE, POPULATION, CAPITAL, LATITUDE, LONGITUDE, IDCONTINENT) VALUES ('Panama', 'PA', 'PAN', 4.30, 'Panama City', 8.966667, -79.533333, 'America');
    INSERT INTO COUNTRY (DESCRIPTION, ALPHA2_CODE, ALPHA3_CODE, POPULATION, CAPITAL, LATITUDE, LONGITUDE, IDCONTINENT) VALUES ('Paraguay', 'PY', 'PRY', 6.24, 'Asuncion', -25.266667, -57.666667, 'America');
    INSERT INTO COUNTRY (DESCRIPTION, ALPHA2_CODE, ALPHA3_CODE, POPULATION, CAPITAL, LATITUDE, LONGITUDE, IDCONTINENT) VALUES ('Peru', 'PE', 'PER', 28.22, 'Lima', -12.050000, -77.050000, 'America');
    INSERT INTO COUNTRY (DESCRIPTION, ALPHA2_CODE, ALPHA3_CODE, POPULATION, CAPITAL, LATITUDE, LONGITUDE, IDCONTINENT) VALUES ('Poland', 'PL', 'POL', 38.42, 'Warsaw', 52.250000, 21.000000, 'Europe');
    INSERT INTO COUNTRY (DESCRIPTION, ALPHA2_CODE, ALPHA3_CODE, POPULATION, CAPITAL, LATITUDE, LONGITUDE, IDCONTINENT) VALUES ('Portugal', 'PT', 'PRT', 10.31, 'Lisbon', 38.716667, -9.133333, 'Europe');
    INSERT INTO COUNTRY (DESCRIPTION, ALPHA2_CODE, ALPHA3_CODE, POPULATION, CAPITAL, LATITUDE, LONGITUDE, IDCONTINENT) VALUES ('Romania', 'RO', 'ROU', 19.64, 'Bucharest', 44.433333, 26.100000, 'Europe');
    INSERT INTO COUNTRY (DESCRIPTION, ALPHA2_CODE, ALPHA3_CODE, POPULATION, CAPITAL, LATITUDE, LONGITUDE, IDCONTINENT) VALUES ('Russia', 'RU', 'RUS', 146.50, 'Moscow', 55.750000, 37.600000, 'Europe');
    INSERT INTO COUNTRY (DESCRIPTION, ALPHA2_CODE, ALPHA3_CODE, POPULATION, CAPITAL, LATITUDE, LONGITUDE, IDCONTINENT) VALUES ('Serbia', 'RS', 'SRB', 7.04, 'Belgrade', 44.833333, 20.500000, 'Europe');
    INSERT INTO COUNTRY (DESCRIPTION, ALPHA2_CODE, ALPHA3_CODE, POPULATION, CAPITAL, LATITUDE, LONGITUDE, IDCONTINENT) VALUES ('Slovakia', 'SK', 'SVK', 5.44, 'Bratislava', 48.150000, 17.116667, 'Europe');
    INSERT INTO COUNTRY (DESCRIPTION, ALPHA2_CODE, ALPHA3_CODE, POPULATION, CAPITAL, LATITUDE, LONGITUDE, IDCONTINENT) VALUES ('Slovenia', 'SI', 'SVN', 2.06, 'Ljubljana', 46.050000, 14.516667, 'Europe');
    INSERT INTO COUNTRY (DESCRIPTION, ALPHA2_CODE, ALPHA3_CODE, POPULATION, CAPITAL, LATITUDE, LONGITUDE, IDCONTINENT) VALUES ('Spain', 'ES', 'ESP', 46.53, 'Madrid', 40.400000, -3.683333, 'Europe');
    INSERT INTO COUNTRY (DESCRIPTION, ALPHA2_CODE, ALPHA3_CODE, POPULATION, CAPITAL, LATITUDE, LONGITUDE, IDCONTINENT) VALUES ('Suriname', 'SR', 'SUR', 0.04, 'Paramaribo', 5.833333, -55.166667, 'America');
    INSERT INTO COUNTRY (DESCRIPTION, ALPHA2_CODE, ALPHA3_CODE, POPULATION, CAPITAL, LATITUDE, LONGITUDE, IDCONTINENT) VALUES ('Sweden', 'SE', 'SWE', 10.00, 'Stockholm', 59.333333, 18.050000, 'Europe');
    INSERT INTO COUNTRY (DESCRIPTION, ALPHA2_CODE, ALPHA3_CODE, POPULATION, CAPITAL, LATITUDE, LONGITUDE, IDCONTINENT) VALUES ('Switzerland', 'CH', 'CHE', 8.42, 'Bern', 46.916667, 7.466667, 'Europe');
    INSERT INTO COUNTRY (DESCRIPTION, ALPHA2_CODE, ALPHA3_CODE, POPULATION, CAPITAL, LATITUDE, LONGITUDE, IDCONTINENT) VALUES ('Turkey', 'TR', 'TUR', 79.81, 'Ankara', 39.933333, 32.866667, 'Europe');
    INSERT INTO COUNTRY (DESCRIPTION, ALPHA2_CODE, ALPHA3_CODE, POPULATION, CAPITAL, LATITUDE, LONGITUDE, IDCONTINENT) VALUES ('Ukraine', 'UA', 'UKR', 42.59, 'Kyiv', 50.433333, 30.516667, 'Europe');
    INSERT INTO COUNTRY (DESCRIPTION, ALPHA2_CODE, ALPHA3_CODE, POPULATION, CAPITAL, LATITUDE, LONGITUDE, IDCONTINENT) VALUES ('United Kingdom', 'GB', 'GBR', 65.81, 'London', 51.500000, -0.083333, 'Europe');
    INSERT INTO COUNTRY (DESCRIPTION, ALPHA2_CODE, ALPHA3_CODE, POPULATION, CAPITAL, LATITUDE, LONGITUDE, IDCONTINENT) VALUES ('United States of America', 'US', 'USA', 331.00, 'Washington', 38.895110, -77.036370, 'America');
    INSERT INTO COUNTRY (DESCRIPTION, ALPHA2_CODE, ALPHA3_CODE, POPULATION, CAPITAL, LATITUDE, LONGITUDE, IDCONTINENT) VALUES ('Uruguay', 'UY', 'URY', 3.35, 'Montevideo', -34.850000, -56.166667, 'America');
    INSERT INTO COUNTRY (DESCRIPTION, ALPHA2_CODE, ALPHA3_CODE, POPULATION, CAPITAL, LATITUDE, LONGITUDE, IDCONTINENT) VALUES ('Venezuela', 'VE', 'VEN', 31.02, 'Caracas', 10.483333, -66.866667, 'America');

    DBMS_OUTPUT.PUT_LINE('Results: id | description');
    DBMS_OUTPUT.PUT_LINE('Results: Can´t show them in console, is too BIG! Trust they will be there!');
    DBMS_OUTPUT.PUT_LINE('---------------------- END ---------------------');
    COMMIT;

    DBMS_OUTPUT.PUT_LINE(' ');

    DBMS_OUTPUT.PUT_LINE('------- Inserting Data Into CargoSite -------');

    INSERT INTO CARGOSITE (NAME, LATITUDE, LONGITUDE, IDCOUNTRY, IDCARGOSITETYPE, CONTAINERCAPACITY, SHIPCAPACITY, TRUCKCAPACITY) VALUES ('Aarhus', 56.15000, 10.21667, 'Denmark', CargoSiteTypePort, 10, 10, 10);
    INSERT INTO CARGOSITE (NAME, LATITUDE, LONGITUDE, IDCOUNTRY, IDCARGOSITETYPE, CONTAINERCAPACITY, SHIPCAPACITY, TRUCKCAPACITY) VALUES ('Ambarli', 40.98333, 28.53333, 'Turkey', CargoSiteTypePort, 10, 10, 10);
    INSERT INTO CARGOSITE (NAME, LATITUDE, LONGITUDE, IDCOUNTRY, IDCARGOSITETYPE, CONTAINERCAPACITY, SHIPCAPACITY, TRUCKCAPACITY) VALUES ('Antwerp', 51.23333, 4.46667, 'Belgium', CargoSiteTypePort, 10, 10, 10);
    INSERT INTO CARGOSITE (NAME, LATITUDE, LONGITUDE, IDCOUNTRY, IDCARGOSITETYPE, CONTAINERCAPACITY, SHIPCAPACITY, TRUCKCAPACITY) VALUES ('Aspropyrgos', 38.03333, 23.58333, 'Greece', CargoSiteTypePort, 10, 10, 10);
    INSERT INTO CARGOSITE (NAME, LATITUDE, LONGITUDE, IDCOUNTRY, IDCARGOSITETYPE, CONTAINERCAPACITY, SHIPCAPACITY, TRUCKCAPACITY) VALUES ('Bahia Blanca', -38.78333, -62.26667, 'Argentina', CargoSiteTypePort, 10, 10, 10);
    INSERT INTO CARGOSITE (NAME, LATITUDE, LONGITUDE, IDCOUNTRY, IDCARGOSITETYPE, CONTAINERCAPACITY, SHIPCAPACITY, TRUCKCAPACITY) VALUES ('Balboa', 8.96667, -79.56667, 'Panama', CargoSiteTypePort, 10, 10, 10);
    INSERT INTO CARGOSITE (NAME, LATITUDE, LONGITUDE, IDCOUNTRY, IDCARGOSITETYPE, CONTAINERCAPACITY, SHIPCAPACITY, TRUCKCAPACITY) VALUES ('Barcelona', 41.33333, 2.16667, 'Spain', CargoSiteTypePort, 10, 10, 10);
    INSERT INTO CARGOSITE (NAME, LATITUDE, LONGITUDE, IDCOUNTRY, IDCARGOSITETYPE, CONTAINERCAPACITY, SHIPCAPACITY, TRUCKCAPACITY) VALUES ('Batumi', 41.65000, 41.63333, 'Georgia', CargoSiteTypePort, 10, 10, 10);
    INSERT INTO CARGOSITE (NAME, LATITUDE, LONGITUDE, IDCOUNTRY, IDCARGOSITETYPE, CONTAINERCAPACITY, SHIPCAPACITY, TRUCKCAPACITY) VALUES ('Bergen', 60.38333, 5.30000, 'Norway', CargoSiteTypePort, 10, 10, 10);
    INSERT INTO CARGOSITE (NAME, LATITUDE, LONGITUDE, IDCOUNTRY, IDCARGOSITETYPE, CONTAINERCAPACITY, SHIPCAPACITY, TRUCKCAPACITY) VALUES ('Bourgas', 42.50000, 27.48333, 'Bulgaria', CargoSiteTypePort, 10, 10, 10);
    INSERT INTO CARGOSITE (NAME, LATITUDE, LONGITUDE, IDCOUNTRY, IDCARGOSITETYPE, CONTAINERCAPACITY, SHIPCAPACITY, TRUCKCAPACITY) VALUES ('Brest', 48.40000, -4.50000, 'France', CargoSiteTypePort, 10, 10, 10);
    INSERT INTO CARGOSITE (NAME, LATITUDE, LONGITUDE, IDCOUNTRY, IDCARGOSITETYPE, CONTAINERCAPACITY, SHIPCAPACITY, TRUCKCAPACITY) VALUES ('Buenaventura', 3.91667, -77.05000, 'Colombia', CargoSiteTypePort, 10, 10, 10);
    INSERT INTO CARGOSITE (NAME, LATITUDE, LONGITUDE, IDCOUNTRY, IDCARGOSITETYPE, CONTAINERCAPACITY, SHIPCAPACITY, TRUCKCAPACITY) VALUES ('Buenos Aires', -34.56667, -58.38333, 'Argentina', CargoSiteTypePort, 10, 10, 10);
    INSERT INTO CARGOSITE (NAME, LATITUDE, LONGITUDE, IDCOUNTRY, IDCARGOSITETYPE, CONTAINERCAPACITY, SHIPCAPACITY, TRUCKCAPACITY) VALUES ('Callao', -12.05000, -77.16667, 'Peru', CargoSiteTypePort, 10, 10, 10);
    INSERT INTO CARGOSITE (NAME, LATITUDE, LONGITUDE, IDCOUNTRY, IDCARGOSITETYPE, CONTAINERCAPACITY, SHIPCAPACITY, TRUCKCAPACITY) VALUES ('Cartagena', 10.41667, -75.53333, 'Colombia', CargoSiteTypePort, 10, 10, 10);
    INSERT INTO CARGOSITE (NAME, LATITUDE, LONGITUDE, IDCOUNTRY, IDCARGOSITETYPE, CONTAINERCAPACITY, SHIPCAPACITY, TRUCKCAPACITY) VALUES ('Constantza', 44.16667, 28.65000, 'Romania', CargoSiteTypePort, 10, 10, 10);
    INSERT INTO CARGOSITE (NAME, LATITUDE, LONGITUDE, IDCOUNTRY, IDCARGOSITETYPE, CONTAINERCAPACITY, SHIPCAPACITY, TRUCKCAPACITY) VALUES ('Copenhagen', 55.70000, 12.61667, 'Denmark', CargoSiteTypePort, 10, 10, 10);
    INSERT INTO CARGOSITE (NAME, LATITUDE, LONGITUDE, IDCOUNTRY, IDCARGOSITETYPE, CONTAINERCAPACITY, SHIPCAPACITY, TRUCKCAPACITY) VALUES ('Cristobal', 9.35000, -79.91667, 'Panama', CargoSiteTypePort, 10, 10, 10);
    INSERT INTO CARGOSITE (NAME, LATITUDE, LONGITUDE, IDCOUNTRY, IDCARGOSITETYPE, CONTAINERCAPACITY, SHIPCAPACITY, TRUCKCAPACITY) VALUES ('Cutuco', 13.33333, -87.81667, 'El Salvador', CargoSiteTypePort, 10, 10, 10);
    INSERT INTO CARGOSITE (NAME, LATITUDE, LONGITUDE, IDCOUNTRY, IDCARGOSITETYPE, CONTAINERCAPACITY, SHIPCAPACITY, TRUCKCAPACITY) VALUES ('Dublin', 53.35000, -6.26667, 'Ireland', CargoSiteTypePort, 10, 10, 10);
    INSERT INTO CARGOSITE (NAME, LATITUDE, LONGITUDE, IDCOUNTRY, IDCARGOSITETYPE, CONTAINERCAPACITY, SHIPCAPACITY, TRUCKCAPACITY) VALUES ('Dunkirk', 51.05000, 2.36667, 'France', CargoSiteTypePort, 10, 10, 10);
    INSERT INTO CARGOSITE (NAME, LATITUDE, LONGITUDE, IDCOUNTRY, IDCARGOSITETYPE, CONTAINERCAPACITY, SHIPCAPACITY, TRUCKCAPACITY) VALUES ('Esmeraldas', 1.00000, -79.63333, 'Ecuador', CargoSiteTypePort, 10, 10, 10);
    INSERT INTO CARGOSITE (NAME, LATITUDE, LONGITUDE, IDCOUNTRY, IDCARGOSITETYPE, CONTAINERCAPACITY, SHIPCAPACITY, TRUCKCAPACITY) VALUES ('Feodosia', 45.01667, 35.38333, 'Ukraine', CargoSiteTypePort, 10, 10, 10);
    INSERT INTO CARGOSITE (NAME, LATITUDE, LONGITUDE, IDCOUNTRY, IDCARGOSITETYPE, CONTAINERCAPACITY, SHIPCAPACITY, TRUCKCAPACITY) VALUES ('Funchal', 32.65000, -16.91667, 'Portugal', CargoSiteTypePort, 10, 10, 10);
    INSERT INTO CARGOSITE (NAME, LATITUDE, LONGITUDE, IDCOUNTRY, IDCARGOSITETYPE, CONTAINERCAPACITY, SHIPCAPACITY, TRUCKCAPACITY) VALUES ('Galatz', 45.41667, 28.08333, 'Romania', CargoSiteTypePort, 10, 10, 10);
    INSERT INTO CARGOSITE (NAME, LATITUDE, LONGITUDE, IDCOUNTRY, IDCARGOSITETYPE, CONTAINERCAPACITY, SHIPCAPACITY, TRUCKCAPACITY) VALUES ('Gdansk', 54.35000, 18.68333, 'Poland', CargoSiteTypePort, 10, 10, 10);
    INSERT INTO CARGOSITE (NAME, LATITUDE, LONGITUDE, IDCOUNTRY, IDCARGOSITETYPE, CONTAINERCAPACITY, SHIPCAPACITY, TRUCKCAPACITY) VALUES ('Genoa', 44.40000, 8.93333, 'Italy', CargoSiteTypePort, 10, 10, 10);
    INSERT INTO CARGOSITE (NAME, LATITUDE, LONGITUDE, IDCOUNTRY, IDCARGOSITETYPE, CONTAINERCAPACITY, SHIPCAPACITY, TRUCKCAPACITY) VALUES ('Grundartangi', 64.35720, -21.77810, 'Iceland', CargoSiteTypePort, 10, 10, 10);
    INSERT INTO CARGOSITE (NAME, LATITUDE, LONGITUDE, IDCOUNTRY, IDCARGOSITETYPE, CONTAINERCAPACITY, SHIPCAPACITY, TRUCKCAPACITY) VALUES ('Guayaquil', -2.26667, -79.90000, 'Ecuador', CargoSiteTypePort, 10, 10, 10);
    INSERT INTO CARGOSITE (NAME, LATITUDE, LONGITUDE, IDCOUNTRY, IDCARGOSITETYPE, CONTAINERCAPACITY, SHIPCAPACITY, TRUCKCAPACITY) VALUES ('Halifax', 44.65000, -63.56667, 'Canada', CargoSiteTypePort, 10, 10, 10);
    INSERT INTO CARGOSITE (NAME, LATITUDE, LONGITUDE, IDCOUNTRY, IDCARGOSITETYPE, CONTAINERCAPACITY, SHIPCAPACITY, TRUCKCAPACITY) VALUES ('Hamburg', 53.55000, 9.98333, 'Germany', CargoSiteTypePort, 10, 10, 10);
    INSERT INTO CARGOSITE (NAME, LATITUDE, LONGITUDE, IDCOUNTRY, IDCARGOSITETYPE, CONTAINERCAPACITY, SHIPCAPACITY, TRUCKCAPACITY) VALUES ('Helsinki', 60.16667, 24.95000, 'Finland', CargoSiteTypePort, 10, 10, 10);
    INSERT INTO CARGOSITE (NAME, LATITUDE, LONGITUDE, IDCOUNTRY, IDCARGOSITETYPE, CONTAINERCAPACITY, SHIPCAPACITY, TRUCKCAPACITY) VALUES ('Horta', 38.53333, -28.61667, 'Portugal', CargoSiteTypePort, 10, 10, 10);
    INSERT INTO CARGOSITE (NAME, LATITUDE, LONGITUDE, IDCOUNTRY, IDCARGOSITETYPE, CONTAINERCAPACITY, SHIPCAPACITY, TRUCKCAPACITY) VALUES ('Izola', 45.51667, 13.68333, 'Slovenia', CargoSiteTypePort, 10, 10, 10);
    INSERT INTO CARGOSITE (NAME, LATITUDE, LONGITUDE, IDCOUNTRY, IDCARGOSITETYPE, CONTAINERCAPACITY, SHIPCAPACITY, TRUCKCAPACITY) VALUES ('Kaliningrad', 54.70000, 20.48333, 'Russia', CargoSiteTypePort, 10, 10, 10);
    INSERT INTO CARGOSITE (NAME, LATITUDE, LONGITUDE, IDCOUNTRY, IDCARGOSITETYPE, CONTAINERCAPACITY, SHIPCAPACITY, TRUCKCAPACITY) VALUES ('Koper', 45.55000, 13.73333, 'Slovenia', CargoSiteTypePort, 10, 10, 10);
    INSERT INTO CARGOSITE (NAME, LATITUDE, LONGITUDE, IDCOUNTRY, IDCARGOSITETYPE, CONTAINERCAPACITY, SHIPCAPACITY, TRUCKCAPACITY) VALUES ('Kotka', 60.46667, 26.95000, 'Finland', CargoSiteTypePort, 10, 10, 10);
    INSERT INTO CARGOSITE (NAME, LATITUDE, LONGITUDE, IDCOUNTRY, IDCARGOSITETYPE, CONTAINERCAPACITY, SHIPCAPACITY, TRUCKCAPACITY) VALUES ('Larnaca', 34.91667, 33.65000, 'Cyprus', CargoSiteTypePort, 10, 10, 10);
    INSERT INTO CARGOSITE (NAME, LATITUDE, LONGITUDE, IDCOUNTRY, IDCARGOSITETYPE, CONTAINERCAPACITY, SHIPCAPACITY, TRUCKCAPACITY) VALUES ('Leixoes', 41.18333, -8.70000, 'Portugal', CargoSiteTypePort, 10, 10, 10);
    INSERT INTO CARGOSITE (NAME, LATITUDE, LONGITUDE, IDCOUNTRY, IDCARGOSITETYPE, CONTAINERCAPACITY, SHIPCAPACITY, TRUCKCAPACITY) VALUES ('Liverpool', 53.46667, -3.03333, 'United Kingdom', CargoSiteTypePort, 10, 10, 10);
    INSERT INTO CARGOSITE (NAME, LATITUDE, LONGITUDE, IDCOUNTRY, IDCARGOSITETYPE, CONTAINERCAPACITY, SHIPCAPACITY, TRUCKCAPACITY) VALUES ('London', 51.50000, -0.06667, 'United Kingdom', CargoSiteTypePort, 10, 10, 10);
    INSERT INTO CARGOSITE (NAME, LATITUDE, LONGITUDE, IDCOUNTRY, IDCARGOSITETYPE, CONTAINERCAPACITY, SHIPCAPACITY, TRUCKCAPACITY) VALUES ('Los Angeles', 33.71667, -118.26667, 'United States of America', CargoSiteTypePort, 10, 10, 10);
    INSERT INTO CARGOSITE (NAME, LATITUDE, LONGITUDE, IDCOUNTRY, IDCARGOSITETYPE, CONTAINERCAPACITY, SHIPCAPACITY, TRUCKCAPACITY) VALUES ('Lysekil', 58.26667, 11.41667, 'Sweden', CargoSiteTypePort, 10, 10, 10);
    INSERT INTO CARGOSITE (NAME, LATITUDE, LONGITUDE, IDCOUNTRY, IDCARGOSITETYPE, CONTAINERCAPACITY, SHIPCAPACITY, TRUCKCAPACITY) VALUES ('Manzanillo', 19.05000, -104.33333, 'Mexico', CargoSiteTypePort, 10, 10, 10);
    INSERT INTO CARGOSITE (NAME, LATITUDE, LONGITUDE, IDCOUNTRY, IDCARGOSITETYPE, CONTAINERCAPACITY, SHIPCAPACITY, TRUCKCAPACITY) VALUES ('Marsaxlokk', 35.84194, 14.54306, 'Malta', CargoSiteTypePort, 10, 10, 10);
    INSERT INTO CARGOSITE (NAME, LATITUDE, LONGITUDE, IDCOUNTRY, IDCARGOSITETYPE, CONTAINERCAPACITY, SHIPCAPACITY, TRUCKCAPACITY) VALUES ('Matarani', -17.00000, -72.10000, 'Peru', CargoSiteTypePort, 10, 10, 10);
    INSERT INTO CARGOSITE (NAME, LATITUDE, LONGITUDE, IDCOUNTRY, IDCARGOSITETYPE, CONTAINERCAPACITY, SHIPCAPACITY, TRUCKCAPACITY) VALUES ('Mersin', 36.76667, 34.65000, 'Turkey', CargoSiteTypePort, 10, 10, 10);
    INSERT INTO CARGOSITE (NAME, LATITUDE, LONGITUDE, IDCOUNTRY, IDCARGOSITETYPE, CONTAINERCAPACITY, SHIPCAPACITY, TRUCKCAPACITY) VALUES ('Monaco', 43.73333, 7.45000, 'Monaco', CargoSiteTypePort, 10, 10, 10);
    INSERT INTO CARGOSITE (NAME, LATITUDE, LONGITUDE, IDCOUNTRY, IDCARGOSITETYPE, CONTAINERCAPACITY, SHIPCAPACITY, TRUCKCAPACITY) VALUES ('Montevideo', -34.90000, -56.21667, 'Uruguay', CargoSiteTypePort, 10, 10, 10);
    INSERT INTO CARGOSITE (NAME, LATITUDE, LONGITUDE, IDCOUNTRY, IDCARGOSITETYPE, CONTAINERCAPACITY, SHIPCAPACITY, TRUCKCAPACITY) VALUES ('Narvik', 68.41667, 17.41667, 'Norway', CargoSiteTypePort, 10, 10, 10);
    INSERT INTO CARGOSITE (NAME, LATITUDE, LONGITUDE, IDCOUNTRY, IDCARGOSITETYPE, CONTAINERCAPACITY, SHIPCAPACITY, TRUCKCAPACITY) VALUES ('New Jersey', 40.66667, -74.16667, 'United States of America', CargoSiteTypePort, 10, 10, 10);
    INSERT INTO CARGOSITE (NAME, LATITUDE, LONGITUDE, IDCOUNTRY, IDCARGOSITETYPE, CONTAINERCAPACITY, SHIPCAPACITY, TRUCKCAPACITY) VALUES ('Piraeus', 37.95000, 23.63333, 'Greece', CargoSiteTypePort, 10, 10, 10);
    INSERT INTO CARGOSITE (NAME, LATITUDE, LONGITUDE, IDCOUNTRY, IDCARGOSITETYPE, CONTAINERCAPACITY, SHIPCAPACITY, TRUCKCAPACITY) VALUES ('Piran', 45.51667, 13.60000, 'Slovenia', CargoSiteTypePort, 10, 10, 10);
    INSERT INTO CARGOSITE (NAME, LATITUDE, LONGITUDE, IDCOUNTRY, IDCARGOSITETYPE, CONTAINERCAPACITY, SHIPCAPACITY, TRUCKCAPACITY) VALUES ('Ponta Delgada', 37.73333, -25.66667, 'Portugal', CargoSiteTypePort, 10, 10, 10);
    INSERT INTO CARGOSITE (NAME, LATITUDE, LONGITUDE, IDCOUNTRY, IDCARGOSITETYPE, CONTAINERCAPACITY, SHIPCAPACITY, TRUCKCAPACITY) VALUES ('Poti', 42.13333, 41.65000, 'Georgia', CargoSiteTypePort, 10, 10, 10);
    INSERT INTO CARGOSITE (NAME, LATITUDE, LONGITUDE, IDCOUNTRY, IDCARGOSITETYPE, CONTAINERCAPACITY, SHIPCAPACITY, TRUCKCAPACITY) VALUES ('Puerto Limon', 10.00000, -83.01667, 'Costa Rica', CargoSiteTypePort, 10, 10, 10);
    INSERT INTO CARGOSITE (NAME, LATITUDE, LONGITUDE, IDCOUNTRY, IDCARGOSITETYPE, CONTAINERCAPACITY, SHIPCAPACITY, TRUCKCAPACITY) VALUES ('Puerto Quetzal', 13.91667, -90.78333, 'Guatemala', CargoSiteTypePort, 10, 10, 10);
    INSERT INTO CARGOSITE (NAME, LATITUDE, LONGITUDE, IDCOUNTRY, IDCARGOSITETYPE, CONTAINERCAPACITY, SHIPCAPACITY, TRUCKCAPACITY) VALUES ('Rijeka', 45.31667, 14.43333, 'Croatia', CargoSiteTypePort, 10, 10, 10);
    INSERT INTO CARGOSITE (NAME, LATITUDE, LONGITUDE, IDCOUNTRY, IDCARGOSITETYPE, CONTAINERCAPACITY, SHIPCAPACITY, TRUCKCAPACITY) VALUES ('Rio Grande', -32.06667, -52.06667, 'Brazil', CargoSiteTypePort, 10, 10, 10);
    INSERT INTO CARGOSITE (NAME, LATITUDE, LONGITUDE, IDCOUNTRY, IDCARGOSITETYPE, CONTAINERCAPACITY, SHIPCAPACITY, TRUCKCAPACITY) VALUES ('Rostock', 54.15000, 12.10000, 'Germany', CargoSiteTypePort, 10, 10, 10);
    INSERT INTO CARGOSITE (NAME, LATITUDE, LONGITUDE, IDCOUNTRY, IDCARGOSITETYPE, CONTAINERCAPACITY, SHIPCAPACITY, TRUCKCAPACITY) VALUES ('Salvador', -12.96667, -38.51667, 'Brazil', CargoSiteTypePort, 10, 10, 10);
    INSERT INTO CARGOSITE (NAME, LATITUDE, LONGITUDE, IDCOUNTRY, IDCARGOSITETYPE, CONTAINERCAPACITY, SHIPCAPACITY, TRUCKCAPACITY) VALUES ('San Vicente', -36.73333, -73.15000, 'Chile', CargoSiteTypePort, 10, 10, 10);
    INSERT INTO CARGOSITE (NAME, LATITUDE, LONGITUDE, IDCOUNTRY, IDCARGOSITETYPE, CONTAINERCAPACITY, SHIPCAPACITY, TRUCKCAPACITY) VALUES ('Santos', -23.93333, -46.31667, 'Brazil', CargoSiteTypePort, 10, 10, 10);
    INSERT INTO CARGOSITE (NAME, LATITUDE, LONGITUDE, IDCOUNTRY, IDCARGOSITETYPE, CONTAINERCAPACITY, SHIPCAPACITY, TRUCKCAPACITY) VALUES ('Setubal', 38.50000, -8.91667, 'Portugal', CargoSiteTypePort, 10, 10, 10);
    INSERT INTO CARGOSITE (NAME, LATITUDE, LONGITUDE, IDCOUNTRY, IDCARGOSITETYPE, CONTAINERCAPACITY, SHIPCAPACITY, TRUCKCAPACITY) VALUES ('Split', 43.50000, 16.43333, 'Croatia', CargoSiteTypePort, 10, 10, 10);
    INSERT INTO CARGOSITE (NAME, LATITUDE, LONGITUDE, IDCOUNTRY, IDCARGOSITETYPE, CONTAINERCAPACITY, SHIPCAPACITY, TRUCKCAPACITY) VALUES ('St Petersburg', 59.88333, 30.21667, 'Russia', CargoSiteTypePort, 10, 10, 10);
    INSERT INTO CARGOSITE (NAME, LATITUDE, LONGITUDE, IDCOUNTRY, IDCARGOSITETYPE, CONTAINERCAPACITY, SHIPCAPACITY, TRUCKCAPACITY) VALUES ('Stockholm', 59.33333, 18.05000, 'Sweden', CargoSiteTypePort, 10, 10, 10);
    INSERT INTO CARGOSITE (NAME, LATITUDE, LONGITUDE, IDCOUNTRY, IDCARGOSITETYPE, CONTAINERCAPACITY, SHIPCAPACITY, TRUCKCAPACITY) VALUES ('Tallinn', 59.45000, 24.76667, 'Estonia', CargoSiteTypePort, 10, 10, 10);
    INSERT INTO CARGOSITE (NAME, LATITUDE, LONGITUDE, IDCOUNTRY, IDCARGOSITETYPE, CONTAINERCAPACITY, SHIPCAPACITY, TRUCKCAPACITY) VALUES ('Valencia', 39.45000, -0.30000, 'Spain', CargoSiteTypePort, 10, 10, 10);
    INSERT INTO CARGOSITE (NAME, LATITUDE, LONGITUDE, IDCOUNTRY, IDCARGOSITETYPE, CONTAINERCAPACITY, SHIPCAPACITY, TRUCKCAPACITY) VALUES ('Valparaiso', -33.01667, -71.63333, 'Chile', CargoSiteTypePort, 10, 10, 10);
    INSERT INTO CARGOSITE (NAME, LATITUDE, LONGITUDE, IDCOUNTRY, IDCARGOSITETYPE, CONTAINERCAPACITY, SHIPCAPACITY, TRUCKCAPACITY) VALUES ('Vancouver', 49.28333, -123.11667, 'Canada', CargoSiteTypePort, 10, 10, 10);
    INSERT INTO CARGOSITE (NAME, LATITUDE, LONGITUDE, IDCOUNTRY, IDCARGOSITETYPE, CONTAINERCAPACITY, SHIPCAPACITY, TRUCKCAPACITY) VALUES ('Varna', 43.20000, 27.95000, 'Bulgaria', CargoSiteTypePort, 10, 10, 10);
    INSERT INTO CARGOSITE (NAME, LATITUDE, LONGITUDE, IDCOUNTRY, IDCARGOSITETYPE, CONTAINERCAPACITY, SHIPCAPACITY, TRUCKCAPACITY) VALUES ('Venice', 45.43333, 12.33333, 'Italy', CargoSiteTypePort, 10, 10, 10);
    INSERT INTO CARGOSITE (NAME, LATITUDE, LONGITUDE, IDCOUNTRY, IDCARGOSITETYPE, CONTAINERCAPACITY, SHIPCAPACITY, TRUCKCAPACITY) VALUES ('Veracruz', 19.20000, -96.13333, 'Mexico', CargoSiteTypePort, 10, 10, 10)RETURNING id INTO CargoSitePortOfOne;
    INSERT INTO CARGOSITE (NAME, LATITUDE, LONGITUDE, IDCOUNTRY, IDCARGOSITETYPE, CONTAINERCAPACITY, SHIPCAPACITY, TRUCKCAPACITY) VALUES ('Vlissingen', 51.45000, 3.60000, 'Netherlands', CargoSiteTypePort, 10, 10, 10) RETURNING id INTO CargoSitePortOfTwo;
    INSERT INTO CARGOSITE (NAME, LATITUDE, LONGITUDE, IDCOUNTRY, IDCARGOSITETYPE, CONTAINERCAPACITY, SHIPCAPACITY, TRUCKCAPACITY) VALUES ('Vlone', 40.48333, 19.48333, 'Albania', CargoSiteTypePort, 10, 10, 10) RETURNING id INTO CargoSitePortOfThree;
    INSERT INTO CARGOSITE (NAME, LATITUDE, LONGITUDE, IDCOUNTRY, IDCARGOSITETYPE, CONTAINERCAPACITY, SHIPCAPACITY, TRUCKCAPACITY) VALUES ('Vlore', 40.48333, 19.48333, 'Albania', CargoSiteTypePort, 10, 10, 10) RETURNING id INTO CargoSitePortOfFour;
    INSERT INTO CARGOSITE (NAME, LATITUDE, LONGITUDE, IDCOUNTRY, IDCARGOSITETYPE, CONTAINERCAPACITY, SHIPCAPACITY, TRUCKCAPACITY) VALUES ('Zeebrugge', 51.33333, 3.20000, 'Belgium', CargoSiteTypePort, 10, 10, 10) RETURNING id INTO CargoSiteOfFive;

    DBMS_OUTPUT.PUT_LINE('Results: id | description');
    DBMS_OUTPUT.PUT_LINE('Results: Can´t show them in console, is too BIG! Trust they will be there!');
    DBMS_OUTPUT.PUT_LINE('---------------------- END ---------------------');
    COMMIT;

    DBMS_OUTPUT.PUT_LINE(' ');

    DBMS_OUTPUT.PUT_LINE('------- Inserting Data Into Transport/Ship -------');

    INSERT INTO Transport (active, idTransportType)
    VALUES ('1', transportTypeShip) RETURNING id INTO ShipOne;
    INSERT INTO Transport (active, idTransportType)
    VALUES ('1', transportTypeShip) RETURNING id INTO ShipTwo;
    INSERT INTO Transport (active, idTransportType)
    VALUES ('1', transportTypeShip) RETURNING id INTO ShipThree;
    COMMIT;

    INSERT INTO Ship (idTransport, mmsi, callSign, name, imoNumber, generators, outputGenerator, vesselType, length, width, capacity, draft)
    VALUES (ShipOne, 210950000, 'C4SQ2', 'VARAMO', 9395044, 1, 1000, 70, 166, 25, 100, 9.5 );
    INSERT INTO Ship (idTransport, mmsi, callSign, name, imoNumber, generators, outputGenerator, vesselType, length, width, capacity, draft)
    VALUES (ShipTwo, 212180000, '5BBA4', 'SAITA I', 9643544, 1, 1000, 70, 228, 32, 50, 14.4);
    INSERT INTO Ship (idTransport, mmsi, callSign, name, imoNumber, generators, outputGenerator, vesselType, length, width, capacity, draft)
    VALUES (ShipThree, 212351000, '5BZP3', 'HYUNDAI SINGAPORE', 9305685, 1, 1000, 70, 303, 40, 79, 14.5);

    DBMS_OUTPUT.PUT_LINE('Results: id | description');
    DBMS_OUTPUT.PUT_LINE('         ' || TO_CHAR(ShipOne) || ' | VARAMO');
    DBMS_OUTPUT.PUT_LINE('         ' || TO_CHAR(ShipTwo) || ' | SAITA I');
    DBMS_OUTPUT.PUT_LINE('         ' || TO_CHAR(ShipThree) || ' | HYUNDAI SINGAPORE');
    DBMS_OUTPUT.PUT_LINE('---------------------- END ---------------------');
    COMMIT;

    DBMS_OUTPUT.PUT_LINE(' ');

    DBMS_OUTPUT.PUT_LINE('------- Inserting Data Into Container -------');

    INSERT INTO Container (identificationNumber, isoCod, maxWeight, tareWeight, maxVolume, repair, temperature, idCsc)
    VALUES ('CAIU9802647', '45G1', 32500, 3830, 76.4, TO_DATE('04/12/2023', 'dd/MM/yyyy'), NULL, 'Not Needed Now!') RETURNING id INTO ContainerOne;
    INSERT INTO Container (identificationNumber, isoCod, maxWeight, tareWeight, maxVolume, repair, temperature, idCsc)
    VALUES ('FTAU1353466', '22G1', 30480, 2100, 33.2, TO_DATE('04/12/2023', 'dd/MM/yyyy'), NULL, 'Not Needed Now!') RETURNING id INTO ContainerTwo;
    INSERT INTO Container (identificationNumber, isoCod, maxWeight, tareWeight, maxVolume, repair, temperature, idCsc)
    VALUES ('FCIU8965123', '45G1', 32500, 3830, 76.4, TO_DATE('04/12/2023', 'dd/MM/yyyy'), NULL, 'Not Needed Now!') RETURNING id INTO ContainerThree;
    INSERT INTO Container (identificationNumber, isoCod, maxWeight, tareWeight, maxVolume, repair, temperature, idCsc)
    VALUES ('OOLU8796530', '45G1', 30480, 3780, 76.4, TO_DATE('04/12/2023', 'dd/MM/yyyy'), NULL, 'Not Needed Now!') RETURNING id INTO ContainerFour;
    INSERT INTO Container (identificationNumber, isoCod, maxWeight, tareWeight, maxVolume, repair, temperature, idCsc)
    VALUES ('EKOE4530241', 'LFG1', 34000, 4660, 99.1, TO_DATE('04/12/2023', 'dd/MM/yyyy'), NULL, 'Not Needed Now!') RETURNING id INTO ContainerFive;
    INSERT INTO Container (identificationNumber, isoCod, maxWeight, tareWeight, maxVolume, repair, temperature, idCsc)
    VALUES ('OOLU9590651', '45G1', 30480, 3800, 76.4, TO_DATE('04/12/2023', 'dd/MM/yyyy'), NULL, 'Not Needed Now!') RETURNING id INTO ContainerSix;
    INSERT INTO Container (identificationNumber, isoCod, maxWeight, tareWeight, maxVolume, repair, temperature, idCsc)
    VALUES ('SEGU3067877', '22G1', 30480, 2100, 33.2, TO_DATE('04/12/2023', 'dd/MM/yyyy'), NULL, 'Not Needed Now!') RETURNING id INTO ContainerSeven;
    INSERT INTO Container (identificationNumber, isoCod, maxWeight, tareWeight, maxVolume, repair, temperature, idCsc)
    VALUES ('UETU4070013', '42G1', 30480, 3570, 67.7, TO_DATE('04/12/2023', 'dd/MM/yyyy'), NULL, 'Not Needed Now!') RETURNING id INTO ContainerEight;
    INSERT INTO Container (identificationNumber, isoCod, maxWeight, tareWeight, maxVolume, repair, temperature, idCsc)
    VALUES ('TEMP4574739', '4542', 30480, 4570, 67.1, TO_DATE('04/12/2023', 'dd/MM/yyyy'), 7, 'Not Needed Now!') RETURNING id INTO ContainerNine;
    INSERT INTO Container (identificationNumber, isoCod, maxWeight, tareWeight, maxVolume, repair, temperature, idCsc)
    VALUES ('TEMP6737962', '4548', 30480, 4270, 70.2, TO_DATE('04/12/2023', 'dd/MM/yyyy'), -5, 'Not Needed Now!') RETURNING id INTO ContainerTen;

    DBMS_OUTPUT.PUT_LINE('Results: id | identificationNumber');
    DBMS_OUTPUT.PUT_LINE('         ' || TO_CHAR(ContainerOne) || ' | CAIU9802647');
    DBMS_OUTPUT.PUT_LINE('         ' || TO_CHAR(ContainerTwo) || ' | FTAU1353466');
    DBMS_OUTPUT.PUT_LINE('         ' || TO_CHAR(ContainerThree) || ' | FCIU8965123');
    DBMS_OUTPUT.PUT_LINE('         ' || TO_CHAR(ContainerFour) || ' | OOLU8796530');
    DBMS_OUTPUT.PUT_LINE('         ' || TO_CHAR(ContainerFive) || ' | EKOE4530241');
    DBMS_OUTPUT.PUT_LINE('         ' || TO_CHAR(ContainerSix) || ' | OOLU9590651');
    DBMS_OUTPUT.PUT_LINE('         ' || TO_CHAR(ContainerSeven) || ' | SEGU3067877');
    DBMS_OUTPUT.PUT_LINE('         ' || TO_CHAR(ContainerEight) || ' | UETU4070013');
    DBMS_OUTPUT.PUT_LINE('         ' || TO_CHAR(ContainerNine) || ' | TEMP4574739');
    DBMS_OUTPUT.PUT_LINE('         ' || TO_CHAR(ContainerTen) || ' | TEMP6737962');
    DBMS_OUTPUT.PUT_LINE('---------------------- END ---------------------');
    COMMIT;

    DBMS_OUTPUT.PUT_LINE(' ');

    DBMS_OUTPUT.PUT_LINE('------- Inserting Data Into Cargo Manifest -------');

    INSERT INTO CargoManifest (idTransport, idCargoSiteOrigin, idCargoSiteDestination, idCargoManifestType, dateStart, dateFinish, dateStartEstimated, dateFinishEstimated)
    VALUES (ShipOne, CargoSitePortOfTwo, CargoSitePortOfOne, CargoManifestTypeLoad,TO_DATE('01/12/2020', 'dd/MM/yyyy'), TO_DATE('04/12/2020', 'dd/MM/yyyy'), TO_DATE('01/12/2020', 'dd/MM/yyyy'), TO_DATE('04/12/2020', 'dd/MM/yyyy')) RETURNING id INTO ManifestLoadOldOne;
    INSERT INTO CargoManifest (idTransport, idCargoSiteOrigin, idCargoSiteDestination, idCargoManifestType, dateStart, dateFinish, dateStartEstimated, dateFinishEstimated)
    VALUES (ShipOne, CargoSitePortOfTwo, CargoSitePortOfOne, CargoManifestTypeUnLoad,TO_DATE('01/12/2020', 'dd/MM/yyyy'), TO_DATE('04/12/2020', 'dd/MM/yyyy'), TO_DATE('01/12/2020', 'dd/MM/yyyy'), TO_DATE('04/12/2020', 'dd/MM/yyyy')) RETURNING id INTO ManifestUnloadOldOne;

    INSERT INTO CargoManifest (idTransport, idCargoSiteOrigin, idCargoSiteDestination, idCargoManifestType, dateStart, dateFinish, dateStartEstimated, dateFinishEstimated)
    VALUES (ShipOne, CargoSitePortOfOne, CargoSitePortOfTwo, CargoManifestTypeLoad,TO_DATE('01/12/2021', 'dd/MM/yyyy'), TO_DATE('04/12/2021', 'dd/MM/yyyy'), TO_DATE('01/12/2021', 'dd/MM/yyyy'), TO_DATE('04/12/2021', 'dd/MM/yyyy')) RETURNING id INTO ManifestShipOneLoadPlPi;
    INSERT INTO CargoManifest (idTransport, idCargoSiteOrigin, idCargoSiteDestination, idCargoManifestType, dateStart, dateFinish, dateStartEstimated, dateFinishEstimated)
    VALUES (ShipOne, CargoSitePortOfOne, CargoSitePortOfTwo, CargoManifestTypeUnload,TO_DATE('01/12/2021', 'dd/MM/yyyy'), TO_DATE('04/12/2021', 'dd/MM/yyyy'), TO_DATE('01/12/2021', 'dd/MM/yyyy'), TO_DATE('04/12/2021', 'dd/MM/yyyy')) RETURNING id INTO ManifestShipOneUnloadPlPi;
    INSERT INTO CargoManifest (idTransport, idCargoSiteOrigin, idCargoSiteDestination, idCargoManifestType, dateStart, dateFinish, dateStartEstimated, dateFinishEstimated)
    VALUES (ShipOne, CargoSitePortOfTwo, CargoSitePortOfThree, CargoManifestTypeLoad,NULL, NULL, TO_DATE('04/12/2021', 'dd/MM/yyyy'), TO_DATE('10/12/2021', 'dd/MM/yyyy')) RETURNING id INTO ManifestShipOneLoadPiPr;
    INSERT INTO CargoManifest (idTransport, idCargoSiteOrigin, idCargoSiteDestination, idCargoManifestType, dateStart, dateFinish, dateStartEstimated, dateFinishEstimated)
    VALUES (ShipOne, CargoSitePortOfTwo, CargoSitePortOfThree, CargoManifestTypeUnload,NULL, NULL, TO_DATE('04/12/2021', 'dd/MM/yyyy'), TO_DATE('10/12/2021', 'dd/MM/yyyy')) RETURNING id INTO ManifestShipOneUnloadPiPr;

    INSERT INTO CargoManifest (idTransport, idCargoSiteOrigin, idCargoSiteDestination, idCargoManifestType, dateStart, dateFinish, dateStartEstimated, dateFinishEstimated)
    VALUES (ShipTwo, CargoSitePortOfTwo, CargoSitePortOfFour, CargoManifestTypeLoad,TO_DATE('05/12/2021', 'dd/MM/yyyy'), TO_DATE('09/12/2021', 'dd/MM/yyyy'), TO_DATE('05/12/2021', 'dd/MM/yyyy'), TO_DATE('09/12/2021', 'dd/MM/yyyy')) RETURNING id INTO ManifestShipTwoLoadPiPs;
    INSERT INTO CargoManifest (idTransport, idCargoSiteOrigin, idCargoSiteDestination, idCargoManifestType, dateStart, dateFinish, dateStartEstimated, dateFinishEstimated)
    VALUES (ShipTwo, CargoSitePortOfTwo, CargoSitePortOfFour, CargoManifestTypeUnload,TO_DATE('05/12/2021', 'dd/MM/yyyy'), TO_DATE('09/12/2021', 'dd/MM/yyyy'), TO_DATE('05/12/2021', 'dd/MM/yyyy'), TO_DATE('09/12/2021', 'dd/MM/yyyy')) RETURNING id INTO ManifestShipTwoUnloadPiPs;

    INSERT INTO CargoManifest (idTransport, idCargoSiteOrigin, idCargoSiteDestination, idCargoManifestType, dateStart, dateFinish, dateStartEstimated, dateFinishEstimated)
    VALUES (ShipThree, CargoSiteOfFive, CargoSitePortOfFour, CargoManifestTypeLoad,TO_DATE('05/12/2021', 'dd/MM/yyyy'), TO_DATE('10/12/2021', 'dd/MM/yyyy'), TO_DATE('05/12/2021', 'dd/MM/yyyy'), TO_DATE('10/12/2021', 'dd/MM/yyyy')) RETURNING id INTO ManifestShipThreeLoadPwPs;
    INSERT INTO CargoManifest (idTransport, idCargoSiteOrigin, idCargoSiteDestination, idCargoManifestType, dateStart, dateFinish, dateStartEstimated, dateFinishEstimated)
    VALUES (ShipThree, CargoSiteOfFive, CargoSitePortOfFour, CargoManifestTypeUnload,TO_DATE('05/12/2021', 'dd/MM/yyyy'), TO_DATE('10/12/2021', 'dd/MM/yyyy'), TO_DATE('05/12/2021', 'dd/MM/yyyy'), TO_DATE('10/12/2021', 'dd/MM/yyyy')) RETURNING id INTO ManifestShipThreeUnloadPwPs;
    INSERT INTO CargoManifest (idTransport, idCargoSiteOrigin, idCargoSiteDestination, idCargoManifestType, dateStart, dateFinish, dateStartEstimated, dateFinishEstimated)
    VALUES (ShipThree, CargoSitePortOfFour, CargoSitePortOfThree, CargoManifestTypeLoad,TO_DATE('10/12/2021', 'dd/MM/yyyy'), NULL, TO_DATE('10/12/2021', 'dd/MM/yyyy'), TO_DATE('15/12/2021', 'dd/MM/yyyy')) RETURNING id INTO ManifestShipThreeLoadPsPr;
    INSERT INTO CargoManifest (idTransport, idCargoSiteOrigin, idCargoSiteDestination, idCargoManifestType, dateStart, dateFinish, dateStartEstimated, dateFinishEstimated)
    VALUES (ShipThree, CargoSitePortOfFour, CargoSitePortOfThree, CargoManifestTypeUnload,TO_DATE('10/12/2021', 'dd/MM/yyyy'), NULL, TO_DATE('10/12/2021', 'dd/MM/yyyy'), TO_DATE('15/12/2021', 'dd/MM/yyyy')) RETURNING id INTO ManifestShipThreeUnloadPsPr;

    DBMS_OUTPUT.PUT_LINE('Results: id | description');
    DBMS_OUTPUT.PUT_LINE('         ' || TO_CHAR(ManifestShipOneLoadPlPi) || ' | Load Pl -> Pi');
    DBMS_OUTPUT.PUT_LINE('         ' || TO_CHAR(ManifestShipOneUnloadPlPi) || ' | Unload Pl -> Pi');
    DBMS_OUTPUT.PUT_LINE('         ' || TO_CHAR(ManifestShipOneLoadPiPr) || ' | Load Pi -> Pr');
    DBMS_OUTPUT.PUT_LINE('         ' || TO_CHAR(ManifestShipOneUnloadPiPr) || ' | Unload Pi -> Pr');
    DBMS_OUTPUT.PUT_LINE('         ' || TO_CHAR(ManifestShipTwoLoadPiPs) || ' | Load Pi -> Ps');
    DBMS_OUTPUT.PUT_LINE('         ' || TO_CHAR(ManifestShipTwoUnloadPiPs) || ' | Unload Pi -> Ps');
    DBMS_OUTPUT.PUT_LINE('         ' || TO_CHAR(ManifestShipThreeLoadPwPs) || ' | Load Pw -> Ps');
    DBMS_OUTPUT.PUT_LINE('         ' || TO_CHAR(ManifestShipThreeUnloadPwPs) || ' | Unload Pw -> Ps');
    DBMS_OUTPUT.PUT_LINE('         ' || TO_CHAR(ManifestShipThreeLoadPsPr) || ' | Load Ps -> Pr');
    DBMS_OUTPUT.PUT_LINE('         ' || TO_CHAR(ManifestShipThreeUnloadPsPr) || ' | Unload Ps -> Pr');

    DBMS_OUTPUT.PUT_LINE('---------------------- END ---------------------');
    COMMIT;

    DBMS_OUTPUT.PUT_LINE(' ');

    DBMS_OUTPUT.PUT_LINE('------- Inserting Data Into CargoManifestLine -------');

    INSERT INTO CargoManifestLine (idContainer, idCargoManifest, grossWeight, xPosition, yPosition, zPosition, IDLEASINGCLIENT)
    VALUES (ContainerOne, ManifestLoadOldOne, 10000, 0, 0, 0, ClientOne);
    INSERT INTO CargoManifestLine (idContainer, idCargoManifest, grossWeight, xPosition, yPosition, zPosition, IDLEASINGCLIENT)
    VALUES (ContainerOne, ManifestUnloadOldOne, 10000, 0, 0, 0, ClientOne);

    INSERT INTO CargoManifestLine (idContainer, idCargoManifest, grossWeight, xPosition, yPosition, zPosition, IDLEASINGCLIENT)
    VALUES (ContainerOne, ManifestShipOneLoadPlPi, 15000, 0, 0, 0, ClientOne);
    INSERT INTO CargoManifestLine (idContainer, idCargoManifest, grossWeight, xPosition, yPosition, zPosition)
    VALUES (ContainerTwo, ManifestShipOneLoadPlPi, 25000, 0, 0, 1);
    INSERT INTO CargoManifestLine (idContainer, idCargoManifest, grossWeight, xPosition, yPosition, zPosition, IDLEASINGCLIENT)
    VALUES (ContainerThree, ManifestShipOneLoadPlPi, 10000, 0, 1, 0, ClientTwo);
    INSERT INTO CargoManifestLine (idContainer, idCargoManifest, grossWeight, xPosition, yPosition, zPosition)
    VALUES (ContainerFour, ManifestShipOneLoadPlPi, 30000, 0, 1, 1);

    INSERT INTO CargoManifestLine (idContainer, idCargoManifest, grossWeight, xPosition, yPosition, zPosition, IDLEASINGCLIENT)
    VALUES (ContainerThree, ManifestShipOneUnloadPlPi, 10000, 0, 1, 0, ClientTwo);
    INSERT INTO CargoManifestLine (idContainer, idCargoManifest, grossWeight, xPosition, yPosition, zPosition)
    VALUES (ContainerFour, ManifestShipOneUnloadPlPi, 30000, 0, 1, 1);

    INSERT INTO CargoManifestLine (idContainer, idCargoManifest, grossWeight, xPosition, yPosition, zPosition)
    VALUES (ContainerFive, ManifestShipOneLoadPiPr, 40000, 0, 1, 0);
    INSERT INTO CargoManifestLine (idContainer, idCargoManifest, grossWeight, xPosition, yPosition, zPosition)
    VALUES (ContainerSix, ManifestShipOneLoadPiPr, 50000, 0, 1, 1);

    INSERT INTO CargoManifestLine (idContainer, idCargoManifest, grossWeight, xPosition, yPosition, zPosition, IDLEASINGCLIENT)
    VALUES (ContainerOne, ManifestShipOneUnloadPiPr, 40000, 0, 1, 0, ClientOne);
    INSERT INTO CargoManifestLine (idContainer, idCargoManifest, grossWeight, xPosition, yPosition, zPosition)
    VALUES (ContainerTwo, ManifestShipOneUnloadPiPr, 25000, 0, 0, 1);

    INSERT INTO CargoManifestLine (idContainer, idCargoManifest, grossWeight, xPosition, yPosition, zPosition, IDLEASINGCLIENT)
    VALUES (ContainerThree, ManifestShipTwoLoadPiPs, 45000, 0, 0, 0, ClientTwo);
    INSERT INTO CargoManifestLine (idContainer, idCargoManifest, grossWeight, xPosition, yPosition, zPosition)
    VALUES (ContainerFour, ManifestShipTwoLoadPiPs, 15000, 0, 1, 0);
    INSERT INTO CargoManifestLine (idContainer, idCargoManifest, grossWeight, xPosition, yPosition, zPosition)
    VALUES (ContainerSeven, ManifestShipTwoLoadPiPs, 30000, 1, 0, 0);
    INSERT INTO CargoManifestLine (idContainer, idCargoManifest, grossWeight, xPosition, yPosition, zPosition)
    VALUES (ContainerEight, ManifestShipTwoLoadPiPs, 20000, 1, 1, 0);

    INSERT INTO CargoManifestLine (idContainer, idCargoManifest, grossWeight, xPosition, yPosition, zPosition)
    VALUES (ContainerSeven, ManifestShipTwoUnloadPiPs, 30000, 1, 0, 0);
    INSERT INTO CargoManifestLine (idContainer, idCargoManifest, grossWeight, xPosition, yPosition, zPosition)
    VALUES (ContainerEight, ManifestShipTwoUnloadPiPs, 20000, 1, 1, 0);

    INSERT INTO CargoManifestLine (idContainer, idCargoManifest, grossWeight, xPosition, yPosition, zPosition)
    VALUES (ContainerNine, ManifestShipThreeLoadPwPs, 15000, 0, 1, 0);
    INSERT INTO CargoManifestLine (idContainer, idCargoManifest, grossWeight, xPosition, yPosition, zPosition)
    VALUES (ContainerTen, ManifestShipThreeLoadPwPs, 45000, 0, 0, 0);

    INSERT INTO CargoManifestLine (idContainer, idCargoManifest, grossWeight, xPosition, yPosition, zPosition)
    VALUES (ContainerNine, ManifestShipThreeUnloadPwPs, 15000, 0, 1, 0);

    INSERT INTO CargoManifestLine (idContainer, idCargoManifest, grossWeight, xPosition, yPosition, zPosition)
    VALUES (ContainerSeven, ManifestShipThreeLoadPsPr, 95000, 0, 1, 0);
    INSERT INTO CargoManifestLine (idContainer, idCargoManifest, grossWeight, xPosition, yPosition, zPosition)
    VALUES (ContainerEight, ManifestShipThreeLoadPsPr, 81000, 1, 0, 0);

    INSERT INTO CargoManifestLine (idContainer, idCargoManifest, grossWeight, xPosition, yPosition, zPosition)
    VALUES (ContainerEight, ManifestShipThreeUnloadPsPr, 81000, 1, 0, 0);

    DBMS_OUTPUT.PUT_LINE('Results: Can´t show them in console. Trust they will be there!');
    DBMS_OUTPUT.PUT_LINE('---------------------- END ---------------------');
    COMMIT;

    DBMS_OUTPUT.PUT_LINE(' ');

    DBMS_OUTPUT.PUT_LINE('------- Inserting Data Into Borders -------');
    INSERT INTO BORDER (IDCOUNTRYBASE, IDCOUNTRYBORDER) VALUES ('Albania', 'Greece');
    INSERT INTO BORDER (IDCOUNTRYBASE, IDCOUNTRYBORDER) VALUES ('Albania', 'Kosovo');
    INSERT INTO BORDER (IDCOUNTRYBASE, IDCOUNTRYBORDER) VALUES ('Albania', 'Macedonia');
    INSERT INTO BORDER (IDCOUNTRYBASE, IDCOUNTRYBORDER) VALUES ('Albania', 'Montenegro');
    INSERT INTO BORDER (IDCOUNTRYBASE, IDCOUNTRYBORDER) VALUES ('Argentina', 'Bolivia');
    INSERT INTO BORDER (IDCOUNTRYBASE, IDCOUNTRYBORDER) VALUES ('Argentina', 'Brazil');
    INSERT INTO BORDER (IDCOUNTRYBASE, IDCOUNTRYBORDER) VALUES ('Argentina', 'Chile');
    INSERT INTO BORDER (IDCOUNTRYBASE, IDCOUNTRYBORDER) VALUES ('Argentina', 'Paraguay');
    INSERT INTO BORDER (IDCOUNTRYBASE, IDCOUNTRYBORDER) VALUES ('Argentina', 'Uruguay');
    INSERT INTO BORDER (IDCOUNTRYBASE, IDCOUNTRYBORDER) VALUES ('Armenia', 'Georgia');
    INSERT INTO BORDER (IDCOUNTRYBASE, IDCOUNTRYBORDER) VALUES ('Armenia', 'Turkey');
    INSERT INTO BORDER (IDCOUNTRYBASE, IDCOUNTRYBORDER) VALUES ('Austria', 'Czech Republic');
    INSERT INTO BORDER (IDCOUNTRYBASE, IDCOUNTRYBORDER) VALUES ('Austria', 'Hungary');
    INSERT INTO BORDER (IDCOUNTRYBASE, IDCOUNTRYBORDER) VALUES ('Austria', 'Italy');
    INSERT INTO BORDER (IDCOUNTRYBASE, IDCOUNTRYBORDER) VALUES ('Austria', 'Liechtenstein');
    INSERT INTO BORDER (IDCOUNTRYBASE, IDCOUNTRYBORDER) VALUES ('Austria', 'Slovakia');
    INSERT INTO BORDER (IDCOUNTRYBASE, IDCOUNTRYBORDER) VALUES ('Austria', 'Slovenia');
    INSERT INTO BORDER (IDCOUNTRYBASE, IDCOUNTRYBORDER) VALUES ('Austria', 'Switzerland');
    INSERT INTO BORDER (IDCOUNTRYBASE, IDCOUNTRYBORDER) VALUES ('Belarus', 'Latvia');
    INSERT INTO BORDER (IDCOUNTRYBASE, IDCOUNTRYBORDER) VALUES ('Belarus', 'Lithuania');
    INSERT INTO BORDER (IDCOUNTRYBASE, IDCOUNTRYBORDER) VALUES ('Belarus', 'Poland');
    INSERT INTO BORDER (IDCOUNTRYBASE, IDCOUNTRYBORDER) VALUES ('Belarus', 'Russia');
    INSERT INTO BORDER (IDCOUNTRYBASE, IDCOUNTRYBORDER) VALUES ('Belarus', 'Ukraine');
    INSERT INTO BORDER (IDCOUNTRYBASE, IDCOUNTRYBORDER) VALUES ('Belgium', 'France');
    INSERT INTO BORDER (IDCOUNTRYBASE, IDCOUNTRYBORDER) VALUES ('Belgium', 'Luxembourg');
    INSERT INTO BORDER (IDCOUNTRYBASE, IDCOUNTRYBORDER) VALUES ('Belgium', 'Netherlands');
    INSERT INTO BORDER (IDCOUNTRYBASE, IDCOUNTRYBORDER) VALUES ('Belize', 'Mexico');
    INSERT INTO BORDER (IDCOUNTRYBASE, IDCOUNTRYBORDER) VALUES ('Bolivia', 'Brazil');
    INSERT INTO BORDER (IDCOUNTRYBASE, IDCOUNTRYBORDER) VALUES ('Bolivia', 'Chile');
    INSERT INTO BORDER (IDCOUNTRYBASE, IDCOUNTRYBORDER) VALUES ('Bolivia', 'Paraguay');
    INSERT INTO BORDER (IDCOUNTRYBASE, IDCOUNTRYBORDER) VALUES ('Bolivia', 'Peru');
    INSERT INTO BORDER (IDCOUNTRYBASE, IDCOUNTRYBORDER) VALUES ('Bosnia', 'Croatia');
    INSERT INTO BORDER (IDCOUNTRYBASE, IDCOUNTRYBORDER) VALUES ('Bosnia', 'Montenegro');
    INSERT INTO BORDER (IDCOUNTRYBASE, IDCOUNTRYBORDER) VALUES ('Bosnia', 'Serbia');
    INSERT INTO BORDER (IDCOUNTRYBASE, IDCOUNTRYBORDER) VALUES ('Brazil', 'Colombia');
    INSERT INTO BORDER (IDCOUNTRYBASE, IDCOUNTRYBORDER) VALUES ('Brazil', 'Guyana');
    INSERT INTO BORDER (IDCOUNTRYBASE, IDCOUNTRYBORDER) VALUES ('Brazil', 'Paraguay');
    INSERT INTO BORDER (IDCOUNTRYBASE, IDCOUNTRYBORDER) VALUES ('Brazil', 'Peru');
    INSERT INTO BORDER (IDCOUNTRYBASE, IDCOUNTRYBORDER) VALUES ('Brazil', 'Suriname');
    INSERT INTO BORDER (IDCOUNTRYBASE, IDCOUNTRYBORDER) VALUES ('Brazil', 'Uruguay');
    INSERT INTO BORDER (IDCOUNTRYBASE, IDCOUNTRYBORDER) VALUES ('Brazil', 'Venezuela');
    INSERT INTO BORDER (IDCOUNTRYBASE, IDCOUNTRYBORDER) VALUES ('Bulgaria', 'Greece');
    INSERT INTO BORDER (IDCOUNTRYBASE, IDCOUNTRYBORDER) VALUES ('Bulgaria', 'Macedonia');
    INSERT INTO BORDER (IDCOUNTRYBASE, IDCOUNTRYBORDER) VALUES ('Bulgaria', 'Romania');
    INSERT INTO BORDER (IDCOUNTRYBASE, IDCOUNTRYBORDER) VALUES ('Bulgaria', 'Serbia');
    INSERT INTO BORDER (IDCOUNTRYBASE, IDCOUNTRYBORDER) VALUES ('Bulgaria', 'Turkey');
    INSERT INTO BORDER (IDCOUNTRYBASE, IDCOUNTRYBORDER) VALUES ('Canada', 'United States of America');
    INSERT INTO BORDER (IDCOUNTRYBASE, IDCOUNTRYBORDER) VALUES ('Chile', 'Peru');
    INSERT INTO BORDER (IDCOUNTRYBASE, IDCOUNTRYBORDER) VALUES ('Colombia', 'Ecuador');
    INSERT INTO BORDER (IDCOUNTRYBASE, IDCOUNTRYBORDER) VALUES ('Colombia', 'Peru');
    INSERT INTO BORDER (IDCOUNTRYBASE, IDCOUNTRYBORDER) VALUES ('Colombia', 'Venezuela');
    INSERT INTO BORDER (IDCOUNTRYBASE, IDCOUNTRYBORDER) VALUES ('Costa Rica', 'Nicaragua');
    INSERT INTO BORDER (IDCOUNTRYBASE, IDCOUNTRYBORDER) VALUES ('Costa Rica', 'Panama');
    INSERT INTO BORDER (IDCOUNTRYBASE, IDCOUNTRYBORDER) VALUES ('Croatia', 'Hungary');
    INSERT INTO BORDER (IDCOUNTRYBASE, IDCOUNTRYBORDER) VALUES ('Croatia', 'Montenegro');
    INSERT INTO BORDER (IDCOUNTRYBASE, IDCOUNTRYBORDER) VALUES ('Croatia', 'Serbia');
    INSERT INTO BORDER (IDCOUNTRYBASE, IDCOUNTRYBORDER) VALUES ('Croatia', 'Slovenia');
    INSERT INTO BORDER (IDCOUNTRYBASE, IDCOUNTRYBORDER) VALUES ('Ecuador', 'Peru');
    INSERT INTO BORDER (IDCOUNTRYBASE, IDCOUNTRYBORDER) VALUES ('Estonia', 'Latvia');
    INSERT INTO BORDER (IDCOUNTRYBASE, IDCOUNTRYBORDER) VALUES ('Estonia', 'Russia');
    INSERT INTO BORDER (IDCOUNTRYBASE, IDCOUNTRYBORDER) VALUES ('Finland', 'Norway');
    INSERT INTO BORDER (IDCOUNTRYBASE, IDCOUNTRYBORDER) VALUES ('Finland', 'Russia');
    INSERT INTO BORDER (IDCOUNTRYBASE, IDCOUNTRYBORDER) VALUES ('Finland', 'Sweden');
    INSERT INTO BORDER (IDCOUNTRYBASE, IDCOUNTRYBORDER) VALUES ('France', 'Italy');
    INSERT INTO BORDER (IDCOUNTRYBASE, IDCOUNTRYBORDER) VALUES ('France', 'Luxembourg');
    INSERT INTO BORDER (IDCOUNTRYBASE, IDCOUNTRYBORDER) VALUES ('France', 'Monaco');
    INSERT INTO BORDER (IDCOUNTRYBASE, IDCOUNTRYBORDER) VALUES ('France', 'Switzerland');
    INSERT INTO BORDER (IDCOUNTRYBASE, IDCOUNTRYBORDER) VALUES ('Georgia', 'Russia');
    INSERT INTO BORDER (IDCOUNTRYBASE, IDCOUNTRYBORDER) VALUES ('Georgia', 'Turkey');
    INSERT INTO BORDER (IDCOUNTRYBASE, IDCOUNTRYBORDER) VALUES ('Germany', 'Austria');
    INSERT INTO BORDER (IDCOUNTRYBASE, IDCOUNTRYBORDER) VALUES ('Germany', 'Belgium');
    INSERT INTO BORDER (IDCOUNTRYBASE, IDCOUNTRYBORDER) VALUES ('Germany', 'Czech Republic');
    INSERT INTO BORDER (IDCOUNTRYBASE, IDCOUNTRYBORDER) VALUES ('Germany', 'Denmark');
    INSERT INTO BORDER (IDCOUNTRYBASE, IDCOUNTRYBORDER) VALUES ('Germany', 'France');
    INSERT INTO BORDER (IDCOUNTRYBASE, IDCOUNTRYBORDER) VALUES ('Germany', 'Luxembourg');
    INSERT INTO BORDER (IDCOUNTRYBASE, IDCOUNTRYBORDER) VALUES ('Germany', 'Netherlands');
    INSERT INTO BORDER (IDCOUNTRYBASE, IDCOUNTRYBORDER) VALUES ('Germany', 'Poland');
    INSERT INTO BORDER (IDCOUNTRYBASE, IDCOUNTRYBORDER) VALUES ('Germany', 'Switzerland');
    INSERT INTO BORDER (IDCOUNTRYBASE, IDCOUNTRYBORDER) VALUES ('Greece', 'Macedonia');
    INSERT INTO BORDER (IDCOUNTRYBASE, IDCOUNTRYBORDER) VALUES ('Greece', 'Turkey');
    INSERT INTO BORDER (IDCOUNTRYBASE, IDCOUNTRYBORDER) VALUES ('Guatemala', 'El Salvador');
    INSERT INTO BORDER (IDCOUNTRYBASE, IDCOUNTRYBORDER) VALUES ('Guatemala', 'Mexico');
    INSERT INTO BORDER (IDCOUNTRYBASE, IDCOUNTRYBORDER) VALUES ('Honduras', 'El Salvador');
    INSERT INTO BORDER (IDCOUNTRYBASE, IDCOUNTRYBORDER) VALUES ('Honduras', 'Nicaragua');
    INSERT INTO BORDER (IDCOUNTRYBASE, IDCOUNTRYBORDER) VALUES ('Hungary', 'Romania');
    INSERT INTO BORDER (IDCOUNTRYBASE, IDCOUNTRYBORDER) VALUES ('Hungary', 'Serbia');
    INSERT INTO BORDER (IDCOUNTRYBASE, IDCOUNTRYBORDER) VALUES ('Hungary', 'Ukraine');
    INSERT INTO BORDER (IDCOUNTRYBASE, IDCOUNTRYBORDER) VALUES ('Ireland', 'United Kingdom');
    INSERT INTO BORDER (IDCOUNTRYBASE, IDCOUNTRYBORDER) VALUES ('Italy', 'Switzerland');
    INSERT INTO BORDER (IDCOUNTRYBASE, IDCOUNTRYBORDER) VALUES ('Kosovo', 'Macedonia');
    INSERT INTO BORDER (IDCOUNTRYBASE, IDCOUNTRYBORDER) VALUES ('Kosovo', 'Montenegro');
    INSERT INTO BORDER (IDCOUNTRYBASE, IDCOUNTRYBORDER) VALUES ('Kosovo', 'Serbia');
    INSERT INTO BORDER (IDCOUNTRYBASE, IDCOUNTRYBORDER) VALUES ('Latvia', 'Lithuania');
    INSERT INTO BORDER (IDCOUNTRYBASE, IDCOUNTRYBORDER) VALUES ('Latvia', 'Russia');
    INSERT INTO BORDER (IDCOUNTRYBASE, IDCOUNTRYBORDER) VALUES ('Liechtenstein', 'Switzerland');
    INSERT INTO BORDER (IDCOUNTRYBASE, IDCOUNTRYBORDER) VALUES ('Lithuania', 'Poland');
    INSERT INTO BORDER (IDCOUNTRYBASE, IDCOUNTRYBORDER) VALUES ('Lithuania', 'Russia');
    INSERT INTO BORDER (IDCOUNTRYBASE, IDCOUNTRYBORDER) VALUES ('Macedonia', 'Serbia');
    INSERT INTO BORDER (IDCOUNTRYBASE, IDCOUNTRYBORDER) VALUES ('Mexico', 'United States of America');
    INSERT INTO BORDER (IDCOUNTRYBASE, IDCOUNTRYBORDER) VALUES ('Moldova', 'Romania');
    INSERT INTO BORDER (IDCOUNTRYBASE, IDCOUNTRYBORDER) VALUES ('Moldova', 'Ukraine');
    INSERT INTO BORDER (IDCOUNTRYBASE, IDCOUNTRYBORDER) VALUES ('Montenegro', 'Serbia');
    INSERT INTO BORDER (IDCOUNTRYBASE, IDCOUNTRYBORDER) VALUES ('Norway', 'Russia');
    INSERT INTO BORDER (IDCOUNTRYBASE, IDCOUNTRYBORDER) VALUES ('Norway', 'Sweden');
    INSERT INTO BORDER (IDCOUNTRYBASE, IDCOUNTRYBORDER) VALUES ('Panama', 'Colombia');
    INSERT INTO BORDER (IDCOUNTRYBASE, IDCOUNTRYBORDER) VALUES ('Poland', 'Czech Republic');
    INSERT INTO BORDER (IDCOUNTRYBASE, IDCOUNTRYBORDER) VALUES ('Poland', 'Russia');
    INSERT INTO BORDER (IDCOUNTRYBASE, IDCOUNTRYBORDER) VALUES ('Poland', 'Ukraine');
    INSERT INTO BORDER (IDCOUNTRYBASE, IDCOUNTRYBORDER) VALUES ('Romania', 'Serbia');
    INSERT INTO BORDER (IDCOUNTRYBASE, IDCOUNTRYBORDER) VALUES ('Romania', 'Ukraine');
    INSERT INTO BORDER (IDCOUNTRYBASE, IDCOUNTRYBORDER) VALUES ('Russia', 'Ukraine');
    INSERT INTO BORDER (IDCOUNTRYBASE, IDCOUNTRYBORDER) VALUES ('Slovakia', 'Czech Republic');
    INSERT INTO BORDER (IDCOUNTRYBASE, IDCOUNTRYBORDER) VALUES ('Slovakia', 'Hungary');
    INSERT INTO BORDER (IDCOUNTRYBASE, IDCOUNTRYBORDER) VALUES ('Slovakia', 'Poland');
    INSERT INTO BORDER (IDCOUNTRYBASE, IDCOUNTRYBORDER) VALUES ('Slovakia', 'Ukraine');
    INSERT INTO BORDER (IDCOUNTRYBASE, IDCOUNTRYBORDER) VALUES ('Slovenia', 'Hungary');
    INSERT INTO BORDER (IDCOUNTRYBASE, IDCOUNTRYBORDER) VALUES ('Slovenia', 'Italy');
    INSERT INTO BORDER (IDCOUNTRYBASE, IDCOUNTRYBORDER) VALUES ('Spain', 'France');
    INSERT INTO BORDER (IDCOUNTRYBASE, IDCOUNTRYBORDER) VALUES ('Spain', 'Portugal');
    DBMS_OUTPUT.PUT_LINE('Results: Can´t show them in console, is too BIG! Trust they will be there!');
    DBMS_OUTPUT.PUT_LINE('---------------------- END ---------------------');
    COMMIT;

    DBMS_OUTPUT.PUT_LINE(' ');

    DBMS_OUTPUT.PUT_LINE('------- Inserting Data Into Seadist -------');
    INSERT INTO SEADIST (IDCARGOSITEFROM, IDCARGOSITETO, DISTANCE) VALUES (78, 71, 8795);
    INSERT INTO SEADIST (IDCARGOSITEFROM, IDCARGOSITETO, DISTANCE) VALUES (1, 17, 113);
    INSERT INTO SEADIST (IDCARGOSITEFROM, IDCARGOSITETO, DISTANCE) VALUES (1, 60, 158);
    INSERT INTO SEADIST (IDCARGOSITEFROM, IDCARGOSITETO, DISTANCE) VALUES (1, 43, 183);
    INSERT INTO SEADIST (IDCARGOSITEFROM, IDCARGOSITETO, DISTANCE) VALUES (1, 31, 223);
    INSERT INTO SEADIST (IDCARGOSITEFROM, IDCARGOSITETO, DISTANCE) VALUES (1, 69, 226);
    INSERT INTO SEADIST (IDCARGOSITEFROM, IDCARGOSITETO, DISTANCE) VALUES (1, 7, 279);
    INSERT INTO SEADIST (IDCARGOSITEFROM, IDCARGOSITETO, DISTANCE) VALUES (1, 26, 379);
    INSERT INTO SEADIST (IDCARGOSITEFROM, IDCARGOSITETO, DISTANCE) VALUES (1, 35, 410);
    INSERT INTO SEADIST (IDCARGOSITEFROM, IDCARGOSITETO, DISTANCE) VALUES (1, 9, 433);
    INSERT INTO SEADIST (IDCARGOSITEFROM, IDCARGOSITETO, DISTANCE) VALUES (1, 48, 459);
    INSERT INTO SEADIST (IDCARGOSITEFROM, IDCARGOSITETO, DISTANCE) VALUES (1, 27, 528);
    INSERT INTO SEADIST (IDCARGOSITEFROM, IDCARGOSITETO, DISTANCE) VALUES (1, 67, 536);
    INSERT INTO SEADIST (IDCARGOSITEFROM, IDCARGOSITETO, DISTANCE) VALUES (1, 75, 630);
    INSERT INTO SEADIST (IDCARGOSITEFROM, IDCARGOSITETO, DISTANCE) VALUES (1, 68, 640);
    INSERT INTO SEADIST (IDCARGOSITEFROM, IDCARGOSITETO, DISTANCE) VALUES (1, 32, 663);
    INSERT INTO SEADIST (IDCARGOSITEFROM, IDCARGOSITETO, DISTANCE) VALUES (1, 21, 668);
    INSERT INTO SEADIST (IDCARGOSITEFROM, IDCARGOSITETO, DISTANCE) VALUES (1, 41, 681);
    INSERT INTO SEADIST (IDCARGOSITEFROM, IDCARGOSITETO, DISTANCE) VALUES (1, 64, 696);
    INSERT INTO SEADIST (IDCARGOSITEFROM, IDCARGOSITETO, DISTANCE) VALUES (1, 37, 716);
    INSERT INTO SEADIST (IDCARGOSITEFROM, IDCARGOSITETO, DISTANCE) VALUES (1, 66, 805);
    INSERT INTO SEADIST (IDCARGOSITEFROM, IDCARGOSITETO, DISTANCE) VALUES (1, 39, 866);
    INSERT INTO SEADIST (IDCARGOSITEFROM, IDCARGOSITETO, DISTANCE) VALUES (1, 20, 996);
    INSERT INTO SEADIST (IDCARGOSITEFROM, IDCARGOSITETO, DISTANCE) VALUES (1, 11, 1004);
    INSERT INTO SEADIST (IDCARGOSITEFROM, IDCARGOSITETO, DISTANCE) VALUES (1, 24, 1020);
    INSERT INTO SEADIST (IDCARGOSITEFROM, IDCARGOSITETO, DISTANCE) VALUES (1, 40, 1026);
    INSERT INTO SEADIST (IDCARGOSITEFROM, IDCARGOSITETO, DISTANCE) VALUES (1, 50, 1035);
    INSERT INTO SEADIST (IDCARGOSITEFROM, IDCARGOSITETO, DISTANCE) VALUES (1, 52, 1071);
    INSERT INTO SEADIST (IDCARGOSITEFROM, IDCARGOSITETO, DISTANCE) VALUES (1, 4, 1079);
    INSERT INTO SEADIST (IDCARGOSITEFROM, IDCARGOSITETO, DISTANCE) VALUES (1, 65, 1080);
    INSERT INTO SEADIST (IDCARGOSITEFROM, IDCARGOSITETO, DISTANCE) VALUES (1, 58, 1200);
    INSERT INTO SEADIST (IDCARGOSITEFROM, IDCARGOSITETO, DISTANCE) VALUES (1, 34, 1236);
    INSERT INTO SEADIST (IDCARGOSITEFROM, IDCARGOSITETO, DISTANCE) VALUES (1, 36, 1236);
    INSERT INTO SEADIST (IDCARGOSITEFROM, IDCARGOSITETO, DISTANCE) VALUES (1, 53, 1236);
    INSERT INTO SEADIST (IDCARGOSITEFROM, IDCARGOSITETO, DISTANCE) VALUES (1, 73, 1256);
    INSERT INTO SEADIST (IDCARGOSITEFROM, IDCARGOSITETO, DISTANCE) VALUES (1, 2, 1369);
    INSERT INTO SEADIST (IDCARGOSITEFROM, IDCARGOSITETO, DISTANCE) VALUES (1, 54, 1394);
    INSERT INTO SEADIST (IDCARGOSITEFROM, IDCARGOSITETO, DISTANCE) VALUES (1, 10, 1510);
    INSERT INTO SEADIST (IDCARGOSITEFROM, IDCARGOSITETO, DISTANCE) VALUES (1, 38, 1511);
    INSERT INTO SEADIST (IDCARGOSITEFROM, IDCARGOSITETO, DISTANCE) VALUES (1, 72, 1533);
    INSERT INTO SEADIST (IDCARGOSITEFROM, IDCARGOSITETO, DISTANCE) VALUES (1, 33, 1536);
    INSERT INTO SEADIST (IDCARGOSITEFROM, IDCARGOSITETO, DISTANCE) VALUES (1, 47, 1551);
    INSERT INTO SEADIST (IDCARGOSITEFROM, IDCARGOSITETO, DISTANCE) VALUES (1, 16, 1580);
    INSERT INTO SEADIST (IDCARGOSITEFROM, IDCARGOSITETO, DISTANCE) VALUES (1, 25, 1704);
    INSERT INTO SEADIST (IDCARGOSITEFROM, IDCARGOSITETO, DISTANCE) VALUES (1, 78, 1707);
    INSERT INTO SEADIST (IDCARGOSITEFROM, IDCARGOSITETO, DISTANCE) VALUES (1, 23, 1775);
    INSERT INTO SEADIST (IDCARGOSITEFROM, IDCARGOSITETO, DISTANCE) VALUES (1, 3, 1778);
    INSERT INTO SEADIST (IDCARGOSITEFROM, IDCARGOSITETO, DISTANCE) VALUES (1, 8, 1970);
    INSERT INTO SEADIST (IDCARGOSITEFROM, IDCARGOSITETO, DISTANCE) VALUES (1, 55, 1987);
    INSERT INTO SEADIST (IDCARGOSITEFROM, IDCARGOSITETO, DISTANCE) VALUES (1, 1, 2300);
    INSERT INTO SEADIST (IDCARGOSITEFROM, IDCARGOSITETO, DISTANCE) VALUES (1, 30, 3126);
    INSERT INTO SEADIST (IDCARGOSITEFROM, IDCARGOSITETO, DISTANCE) VALUES (1, 51, 3625);
    INSERT INTO SEADIST (IDCARGOSITEFROM, IDCARGOSITETO, DISTANCE) VALUES (1, 61, 3924);
    INSERT INTO SEADIST (IDCARGOSITEFROM, IDCARGOSITETO, DISTANCE) VALUES (1, 15, 4511);
    INSERT INTO SEADIST (IDCARGOSITEFROM, IDCARGOSITETO, DISTANCE) VALUES (1, 18, 4737);
    INSERT INTO SEADIST (IDCARGOSITEFROM, IDCARGOSITETO, DISTANCE) VALUES (1, 6, 4776);
    INSERT INTO SEADIST (IDCARGOSITEFROM, IDCARGOSITETO, DISTANCE) VALUES (1, 63, 4789);
    INSERT INTO SEADIST (IDCARGOSITEFROM, IDCARGOSITETO, DISTANCE) VALUES (1, 56, 4870);
    INSERT INTO SEADIST (IDCARGOSITEFROM, IDCARGOSITETO, DISTANCE) VALUES (1, 12, 5130);
    INSERT INTO SEADIST (IDCARGOSITEFROM, IDCARGOSITETO, DISTANCE) VALUES (1, 74, 5231);
    INSERT INTO SEADIST (IDCARGOSITEFROM, IDCARGOSITETO, DISTANCE) VALUES (1, 22, 5256);
    INSERT INTO SEADIST (IDCARGOSITEFROM, IDCARGOSITETO, DISTANCE) VALUES (1, 59, 5310);
    INSERT INTO SEADIST (IDCARGOSITEFROM, IDCARGOSITETO, DISTANCE) VALUES (1, 19, 5517);
    INSERT INTO SEADIST (IDCARGOSITEFROM, IDCARGOSITETO, DISTANCE) VALUES (1, 49, 5604);
    INSERT INTO SEADIST (IDCARGOSITEFROM, IDCARGOSITETO, DISTANCE) VALUES (1, 29, 5613);
    INSERT INTO SEADIST (IDCARGOSITEFROM, IDCARGOSITETO, DISTANCE) VALUES (1, 57, 5665);
    INSERT INTO SEADIST (IDCARGOSITEFROM, IDCARGOSITETO, DISTANCE) VALUES (1, 13, 5701);
    INSERT INTO SEADIST (IDCARGOSITEFROM, IDCARGOSITETO, DISTANCE) VALUES (1, 5, 5979);
    INSERT INTO SEADIST (IDCARGOSITEFROM, IDCARGOSITETO, DISTANCE) VALUES (1, 14, 6116);
    INSERT INTO SEADIST (IDCARGOSITEFROM, IDCARGOSITETO, DISTANCE) VALUES (1, 44, 6501);
    INSERT INTO SEADIST (IDCARGOSITEFROM, IDCARGOSITETO, DISTANCE) VALUES (1, 46, 6551);
    INSERT INTO SEADIST (IDCARGOSITEFROM, IDCARGOSITETO, DISTANCE) VALUES (1, 70, 7391);
    INSERT INTO SEADIST (IDCARGOSITEFROM, IDCARGOSITETO, DISTANCE) VALUES (1, 62, 7578);
    INSERT INTO SEADIST (IDCARGOSITEFROM, IDCARGOSITETO, DISTANCE) VALUES (1, 42, 7688);
    INSERT INTO SEADIST (IDCARGOSITEFROM, IDCARGOSITETO, DISTANCE) VALUES (1, 71, 8797);
    INSERT INTO SEADIST (IDCARGOSITEFROM, IDCARGOSITETO, DISTANCE) VALUES (2, 23, 406);
    INSERT INTO SEADIST (IDCARGOSITEFROM, IDCARGOSITETO, DISTANCE) VALUES (2, 47, 735);
    INSERT INTO SEADIST (IDCARGOSITEFROM, IDCARGOSITETO, DISTANCE) VALUES (2, 40, 3051);
    INSERT INTO SEADIST (IDCARGOSITEFROM, IDCARGOSITETO, DISTANCE) VALUES (2, 41, 3105);
    INSERT INTO SEADIST (IDCARGOSITEFROM, IDCARGOSITETO, DISTANCE) VALUES (2, 51, 4998);
    INSERT INTO SEADIST (IDCARGOSITEFROM, IDCARGOSITETO, DISTANCE) VALUES (2, 49, 6977);
    INSERT INTO SEADIST (IDCARGOSITEFROM, IDCARGOSITETO, DISTANCE) VALUES (2, 42, 9061);
    INSERT INTO SEADIST (IDCARGOSITEFROM, IDCARGOSITETO, DISTANCE) VALUES (3, 75, 50);
    INSERT INTO SEADIST (IDCARGOSITEFROM, IDCARGOSITETO, DISTANCE) VALUES (3, 78, 87);
    INSERT INTO SEADIST (IDCARGOSITEFROM, IDCARGOSITETO, DISTANCE) VALUES (3, 21, 146);
    INSERT INTO SEADIST (IDCARGOSITEFROM, IDCARGOSITETO, DISTANCE) VALUES (3, 41, 196);
    INSERT INTO SEADIST (IDCARGOSITEFROM, IDCARGOSITETO, DISTANCE) VALUES (3, 31, 405);
    INSERT INTO SEADIST (IDCARGOSITEFROM, IDCARGOSITETO, DISTANCE) VALUES (3, 11, 482);
    INSERT INTO SEADIST (IDCARGOSITEFROM, IDCARGOSITETO, DISTANCE) VALUES (3, 43, 588);
    INSERT INTO SEADIST (IDCARGOSITEFROM, IDCARGOSITETO, DISTANCE) VALUES (3, 20, 633);
    INSERT INTO SEADIST (IDCARGOSITEFROM, IDCARGOSITETO, DISTANCE) VALUES (3, 9, 635);
    INSERT INTO SEADIST (IDCARGOSITEFROM, IDCARGOSITETO, DISTANCE) VALUES (3, 1, 680);
    INSERT INTO SEADIST (IDCARGOSITEFROM, IDCARGOSITETO, DISTANCE) VALUES (3, 40, 698);
    INSERT INTO SEADIST (IDCARGOSITEFROM, IDCARGOSITETO, DISTANCE) VALUES (3, 17, 704);
    INSERT INTO SEADIST (IDCARGOSITEFROM, IDCARGOSITETO, DISTANCE) VALUES (3, 60, 813);
    INSERT INTO SEADIST (IDCARGOSITEFROM, IDCARGOSITETO, DISTANCE) VALUES (3, 39, 935);
    INSERT INTO SEADIST (IDCARGOSITEFROM, IDCARGOSITETO, DISTANCE) VALUES (3, 26, 970);
    INSERT INTO SEADIST (IDCARGOSITEFROM, IDCARGOSITETO, DISTANCE) VALUES (3, 35, 1005);
    INSERT INTO SEADIST (IDCARGOSITEFROM, IDCARGOSITETO, DISTANCE) VALUES (3, 64, 1117);
    INSERT INTO SEADIST (IDCARGOSITEFROM, IDCARGOSITETO, DISTANCE) VALUES (3, 67, 1126);
    INSERT INTO SEADIST (IDCARGOSITEFROM, IDCARGOSITETO, DISTANCE) VALUES (3, 50, 1230);
    INSERT INTO SEADIST (IDCARGOSITEFROM, IDCARGOSITETO, DISTANCE) VALUES (3, 68, 1233);
    INSERT INTO SEADIST (IDCARGOSITEFROM, IDCARGOSITETO, DISTANCE) VALUES (3, 32, 1254);
    INSERT INTO SEADIST (IDCARGOSITEFROM, IDCARGOSITETO, DISTANCE) VALUES (3, 37, 1309);
    INSERT INTO SEADIST (IDCARGOSITEFROM, IDCARGOSITETO, DISTANCE) VALUES (3, 66, 1395);
    INSERT INTO SEADIST (IDCARGOSITEFROM, IDCARGOSITETO, DISTANCE) VALUES (3, 24, 1536);
    INSERT INTO SEADIST (IDCARGOSITEFROM, IDCARGOSITETO, DISTANCE) VALUES (3, 69, 1753);
    INSERT INTO SEADIST (IDCARGOSITEFROM, IDCARGOSITETO, DISTANCE) VALUES (3, 7, 1881);
    INSERT INTO SEADIST (IDCARGOSITEFROM, IDCARGOSITETO, DISTANCE) VALUES (3, 48, 2135);
    INSERT INTO SEADIST (IDCARGOSITEFROM, IDCARGOSITETO, DISTANCE) VALUES (3, 27, 2213);
    INSERT INTO SEADIST (IDCARGOSITEFROM, IDCARGOSITETO, DISTANCE) VALUES (3, 30, 2787);
    INSERT INTO SEADIST (IDCARGOSITEFROM, IDCARGOSITETO, DISTANCE) VALUES (3, 52, 2847);
    INSERT INTO SEADIST (IDCARGOSITEFROM, IDCARGOSITETO, DISTANCE) VALUES (3, 65, 2854);
    INSERT INTO SEADIST (IDCARGOSITEFROM, IDCARGOSITETO, DISTANCE) VALUES (3, 4, 2855);
    INSERT INTO SEADIST (IDCARGOSITEFROM, IDCARGOSITETO, DISTANCE) VALUES (3, 58, 2974);
    INSERT INTO SEADIST (IDCARGOSITEFROM, IDCARGOSITETO, DISTANCE) VALUES (3, 34, 3010);
    INSERT INTO SEADIST (IDCARGOSITEFROM, IDCARGOSITETO, DISTANCE) VALUES (3, 36, 3010);
    INSERT INTO SEADIST (IDCARGOSITEFROM, IDCARGOSITETO, DISTANCE) VALUES (3, 53, 3010);
    INSERT INTO SEADIST (IDCARGOSITEFROM, IDCARGOSITETO, DISTANCE) VALUES (3, 73, 3030);
    INSERT INTO SEADIST (IDCARGOSITEFROM, IDCARGOSITETO, DISTANCE) VALUES (3, 2, 3151);
    INSERT INTO SEADIST (IDCARGOSITEFROM, IDCARGOSITETO, DISTANCE) VALUES (3, 38, 3287);
    INSERT INTO SEADIST (IDCARGOSITEFROM, IDCARGOSITETO, DISTANCE) VALUES (3, 10, 3292);
    INSERT INTO SEADIST (IDCARGOSITEFROM, IDCARGOSITETO, DISTANCE) VALUES (3, 72, 3315);
    INSERT INTO SEADIST (IDCARGOSITEFROM, IDCARGOSITETO, DISTANCE) VALUES (3, 47, 3327);
    INSERT INTO SEADIST (IDCARGOSITEFROM, IDCARGOSITETO, DISTANCE) VALUES (3, 16, 3362);
    INSERT INTO SEADIST (IDCARGOSITEFROM, IDCARGOSITETO, DISTANCE) VALUES (3, 51, 3395);
    INSERT INTO SEADIST (IDCARGOSITEFROM, IDCARGOSITETO, DISTANCE) VALUES (3, 25, 3486);
    INSERT INTO SEADIST (IDCARGOSITEFROM, IDCARGOSITETO, DISTANCE) VALUES (3, 23, 3557);
    INSERT INTO SEADIST (IDCARGOSITEFROM, IDCARGOSITETO, DISTANCE) VALUES (3, 8, 3752);
    INSERT INTO SEADIST (IDCARGOSITEFROM, IDCARGOSITETO, DISTANCE) VALUES (3, 55, 3769);
    INSERT INTO SEADIST (IDCARGOSITEFROM, IDCARGOSITETO, DISTANCE) VALUES (3, 61, 4563);
    INSERT INTO SEADIST (IDCARGOSITEFROM, IDCARGOSITETO, DISTANCE) VALUES (3, 15, 4591);
    INSERT INTO SEADIST (IDCARGOSITEFROM, IDCARGOSITETO, DISTANCE) VALUES (3, 18, 4806);
    INSERT INTO SEADIST (IDCARGOSITEFROM, IDCARGOSITETO, DISTANCE) VALUES (3, 6, 4845);
    INSERT INTO SEADIST (IDCARGOSITEFROM, IDCARGOSITETO, DISTANCE) VALUES (3, 56, 4890);
    INSERT INTO SEADIST (IDCARGOSITEFROM, IDCARGOSITETO, DISTANCE) VALUES (3, 74, 5109);
    INSERT INTO SEADIST (IDCARGOSITEFROM, IDCARGOSITETO, DISTANCE) VALUES (3, 12, 5199);
    INSERT INTO SEADIST (IDCARGOSITEFROM, IDCARGOSITETO, DISTANCE) VALUES (3, 22, 5325);
    INSERT INTO SEADIST (IDCARGOSITEFROM, IDCARGOSITETO, DISTANCE) VALUES (3, 63, 5435);
    INSERT INTO SEADIST (IDCARGOSITEFROM, IDCARGOSITETO, DISTANCE) VALUES (3, 19, 5586);
    INSERT INTO SEADIST (IDCARGOSITEFROM, IDCARGOSITETO, DISTANCE) VALUES (3, 29, 5682);
    INSERT INTO SEADIST (IDCARGOSITEFROM, IDCARGOSITETO, DISTANCE) VALUES (3, 57, 5734);
    INSERT INTO SEADIST (IDCARGOSITEFROM, IDCARGOSITETO, DISTANCE) VALUES (3, 59, 5956);
    INSERT INTO SEADIST (IDCARGOSITEFROM, IDCARGOSITETO, DISTANCE) VALUES (3, 14, 6185);
    INSERT INTO SEADIST (IDCARGOSITEFROM, IDCARGOSITETO, DISTANCE) VALUES (3, 49, 6249);
    INSERT INTO SEADIST (IDCARGOSITEFROM, IDCARGOSITETO, DISTANCE) VALUES (3, 44, 6570);
    INSERT INTO SEADIST (IDCARGOSITEFROM, IDCARGOSITETO, DISTANCE) VALUES (3, 46, 6620);
    INSERT INTO SEADIST (IDCARGOSITEFROM, IDCARGOSITETO, DISTANCE) VALUES (3, 70, 7460);
    INSERT INTO SEADIST (IDCARGOSITEFROM, IDCARGOSITETO, DISTANCE) VALUES (3, 62, 7647);
    INSERT INTO SEADIST (IDCARGOSITEFROM, IDCARGOSITETO, DISTANCE) VALUES (3, 42, 7757);
    INSERT INTO SEADIST (IDCARGOSITEFROM, IDCARGOSITETO, DISTANCE) VALUES (3, 71, 8866);
    INSERT INTO SEADIST (IDCARGOSITEFROM, IDCARGOSITETO, DISTANCE) VALUES (4, 52, 10);
    INSERT INTO SEADIST (IDCARGOSITEFROM, IDCARGOSITETO, DISTANCE) VALUES (4, 2, 345);
    INSERT INTO SEADIST (IDCARGOSITEFROM, IDCARGOSITETO, DISTANCE) VALUES (4, 16, 556);
    INSERT INTO SEADIST (IDCARGOSITEFROM, IDCARGOSITETO, DISTANCE) VALUES (4, 47, 594);
    INSERT INTO SEADIST (IDCARGOSITEFROM, IDCARGOSITETO, DISTANCE) VALUES (4, 25, 680);
    INSERT INTO SEADIST (IDCARGOSITEFROM, IDCARGOSITETO, DISTANCE) VALUES (4, 23, 751);
    INSERT INTO SEADIST (IDCARGOSITEFROM, IDCARGOSITETO, DISTANCE) VALUES (4, 34, 843);
    INSERT INTO SEADIST (IDCARGOSITEFROM, IDCARGOSITETO, DISTANCE) VALUES (4, 36, 843);
    INSERT INTO SEADIST (IDCARGOSITEFROM, IDCARGOSITETO, DISTANCE) VALUES (4, 53, 843);
    INSERT INTO SEADIST (IDCARGOSITEFROM, IDCARGOSITETO, DISTANCE) VALUES (4, 73, 863);
    INSERT INTO SEADIST (IDCARGOSITEFROM, IDCARGOSITETO, DISTANCE) VALUES (4, 27, 980);
    INSERT INTO SEADIST (IDCARGOSITEFROM, IDCARGOSITETO, DISTANCE) VALUES (4, 48, 1008);
    INSERT INTO SEADIST (IDCARGOSITEFROM, IDCARGOSITETO, DISTANCE) VALUES (4, 7, 1164);
    INSERT INTO SEADIST (IDCARGOSITEFROM, IDCARGOSITETO, DISTANCE) VALUES (4, 69, 1245);
    INSERT INTO SEADIST (IDCARGOSITEFROM, IDCARGOSITETO, DISTANCE) VALUES (4, 64, 1773);
    INSERT INTO SEADIST (IDCARGOSITEFROM, IDCARGOSITETO, DISTANCE) VALUES (4, 39, 1943);
    INSERT INTO SEADIST (IDCARGOSITEFROM, IDCARGOSITETO, DISTANCE) VALUES (4, 24, 2097);
    INSERT INTO SEADIST (IDCARGOSITEFROM, IDCARGOSITETO, DISTANCE) VALUES (4, 20, 2685);
    INSERT INTO SEADIST (IDCARGOSITEFROM, IDCARGOSITETO, DISTANCE) VALUES (4, 40, 2755);
    INSERT INTO SEADIST (IDCARGOSITEFROM, IDCARGOSITETO, DISTANCE) VALUES (4, 75, 2805);
    INSERT INTO SEADIST (IDCARGOSITEFROM, IDCARGOSITETO, DISTANCE) VALUES (4, 41, 2809);
    INSERT INTO SEADIST (IDCARGOSITEFROM, IDCARGOSITETO, DISTANCE) VALUES (4, 43, 3285);
    INSERT INTO SEADIST (IDCARGOSITEFROM, IDCARGOSITETO, DISTANCE) VALUES (4, 9, 3301);
    INSERT INTO SEADIST (IDCARGOSITEFROM, IDCARGOSITETO, DISTANCE) VALUES (4, 26, 3667);
    INSERT INTO SEADIST (IDCARGOSITEFROM, IDCARGOSITETO, DISTANCE) VALUES (4, 35, 3702);
    INSERT INTO SEADIST (IDCARGOSITEFROM, IDCARGOSITETO, DISTANCE) VALUES (4, 67, 3823);
    INSERT INTO SEADIST (IDCARGOSITEFROM, IDCARGOSITETO, DISTANCE) VALUES (4, 50, 3897);
    INSERT INTO SEADIST (IDCARGOSITEFROM, IDCARGOSITETO, DISTANCE) VALUES (4, 66, 4092);
    INSERT INTO SEADIST (IDCARGOSITEFROM, IDCARGOSITETO, DISTANCE) VALUES (4, 51, 4702);
    INSERT INTO SEADIST (IDCARGOSITEFROM, IDCARGOSITETO, DISTANCE) VALUES (4, 18, 5814);
    INSERT INTO SEADIST (IDCARGOSITEFROM, IDCARGOSITETO, DISTANCE) VALUES (4, 6, 5853);
    INSERT INTO SEADIST (IDCARGOSITEFROM, IDCARGOSITETO, DISTANCE) VALUES (4, 74, 6308);
    INSERT INTO SEADIST (IDCARGOSITEFROM, IDCARGOSITETO, DISTANCE) VALUES (4, 49, 6681);
    INSERT INTO SEADIST (IDCARGOSITEFROM, IDCARGOSITETO, DISTANCE) VALUES (4, 57, 6742);
    INSERT INTO SEADIST (IDCARGOSITEFROM, IDCARGOSITETO, DISTANCE) VALUES (4, 14, 7193);
    INSERT INTO SEADIST (IDCARGOSITEFROM, IDCARGOSITETO, DISTANCE) VALUES (4, 44, 7578);
    INSERT INTO SEADIST (IDCARGOSITEFROM, IDCARGOSITETO, DISTANCE) VALUES (4, 46, 7628);
    INSERT INTO SEADIST (IDCARGOSITEFROM, IDCARGOSITETO, DISTANCE) VALUES (4, 42, 8765);
    INSERT INTO SEADIST (IDCARGOSITEFROM, IDCARGOSITETO, DISTANCE) VALUES (5, 49, 460);
    INSERT INTO SEADIST (IDCARGOSITEFROM, IDCARGOSITETO, DISTANCE) VALUES (5, 13, 557);
    INSERT INTO SEADIST (IDCARGOSITEFROM, IDCARGOSITETO, DISTANCE) VALUES (5, 59, 710);
    INSERT INTO SEADIST (IDCARGOSITEFROM, IDCARGOSITETO, DISTANCE) VALUES (5, 63, 1280);
    INSERT INTO SEADIST (IDCARGOSITEFROM, IDCARGOSITETO, DISTANCE) VALUES (5, 61, 2126);
    INSERT INTO SEADIST (IDCARGOSITEFROM, IDCARGOSITETO, DISTANCE) VALUES (5, 62, 2174);
    INSERT INTO SEADIST (IDCARGOSITEFROM, IDCARGOSITETO, DISTANCE) VALUES (5, 70, 2394);
    INSERT INTO SEADIST (IDCARGOSITEFROM, IDCARGOSITETO, DISTANCE) VALUES (5, 46, 3334);
    INSERT INTO SEADIST (IDCARGOSITEFROM, IDCARGOSITETO, DISTANCE) VALUES (5, 14, 3622);
    INSERT INTO SEADIST (IDCARGOSITEFROM, IDCARGOSITETO, DISTANCE) VALUES (5, 29, 4265);
    INSERT INTO SEADIST (IDCARGOSITEFROM, IDCARGOSITETO, DISTANCE) VALUES (5, 22, 4443);
    INSERT INTO SEADIST (IDCARGOSITEFROM, IDCARGOSITETO, DISTANCE) VALUES (5, 12, 4683);
    INSERT INTO SEADIST (IDCARGOSITEFROM, IDCARGOSITETO, DISTANCE) VALUES (5, 6, 4904);
    INSERT INTO SEADIST (IDCARGOSITEFROM, IDCARGOSITETO, DISTANCE) VALUES (5, 24, 5101);
    INSERT INTO SEADIST (IDCARGOSITEFROM, IDCARGOSITETO, DISTANCE) VALUES (5, 19, 5191);
    INSERT INTO SEADIST (IDCARGOSITEFROM, IDCARGOSITETO, DISTANCE) VALUES (5, 54, 5250);
    INSERT INTO SEADIST (IDCARGOSITEFROM, IDCARGOSITETO, DISTANCE) VALUES (5, 57, 5257);
    INSERT INTO SEADIST (IDCARGOSITEFROM, IDCARGOSITETO, DISTANCE) VALUES (5, 33, 5272);
    INSERT INTO SEADIST (IDCARGOSITEFROM, IDCARGOSITETO, DISTANCE) VALUES (5, 15, 5388);
    INSERT INTO SEADIST (IDCARGOSITEFROM, IDCARGOSITETO, DISTANCE) VALUES (5, 64, 5608);
    INSERT INTO SEADIST (IDCARGOSITEFROM, IDCARGOSITETO, DISTANCE) VALUES (5, 18, 5623);
    INSERT INTO SEADIST (IDCARGOSITEFROM, IDCARGOSITETO, DISTANCE) VALUES (5, 44, 5745);
    INSERT INTO SEADIST (IDCARGOSITEFROM, IDCARGOSITETO, DISTANCE) VALUES (5, 39, 5763);
    INSERT INTO SEADIST (IDCARGOSITEFROM, IDCARGOSITETO, DISTANCE) VALUES (5, 56, 5784);
    INSERT INTO SEADIST (IDCARGOSITEFROM, IDCARGOSITETO, DISTANCE) VALUES (5, 69, 5954);
    INSERT INTO SEADIST (IDCARGOSITEFROM, IDCARGOSITETO, DISTANCE) VALUES (5, 30, 5990);
    INSERT INTO SEADIST (IDCARGOSITEFROM, IDCARGOSITETO, DISTANCE) VALUES (5, 7, 6082);
    INSERT INTO SEADIST (IDCARGOSITEFROM, IDCARGOSITETO, DISTANCE) VALUES (5, 51, 6129);
    INSERT INTO SEADIST (IDCARGOSITEFROM, IDCARGOSITETO, DISTANCE) VALUES (5, 11, 6201);
    INSERT INTO SEADIST (IDCARGOSITEFROM, IDCARGOSITETO, DISTANCE) VALUES (5, 48, 6336);
    INSERT INTO SEADIST (IDCARGOSITEFROM, IDCARGOSITETO, DISTANCE) VALUES (5, 27, 6414);
    INSERT INTO SEADIST (IDCARGOSITEFROM, IDCARGOSITETO, DISTANCE) VALUES (5, 20, 6431);
    INSERT INTO SEADIST (IDCARGOSITEFROM, IDCARGOSITETO, DISTANCE) VALUES (5, 40, 6510);
    INSERT INTO SEADIST (IDCARGOSITEFROM, IDCARGOSITETO, DISTANCE) VALUES (5, 21, 6521);
    INSERT INTO SEADIST (IDCARGOSITEFROM, IDCARGOSITETO, DISTANCE) VALUES (5, 78, 6554);
    INSERT INTO SEADIST (IDCARGOSITEFROM, IDCARGOSITETO, DISTANCE) VALUES (5, 75, 6575);
    INSERT INTO SEADIST (IDCARGOSITEFROM, IDCARGOSITETO, DISTANCE) VALUES (5, 41, 6579);
    INSERT INTO SEADIST (IDCARGOSITEFROM, IDCARGOSITETO, DISTANCE) VALUES (5, 3, 6625);
    INSERT INTO SEADIST (IDCARGOSITEFROM, IDCARGOSITETO, DISTANCE) VALUES (5, 74, 6632);
    INSERT INTO SEADIST (IDCARGOSITEFROM, IDCARGOSITETO, DISTANCE) VALUES (5, 42, 6832);
    INSERT INTO SEADIST (IDCARGOSITEFROM, IDCARGOSITETO, DISTANCE) VALUES (5, 31, 6873);
    INSERT INTO SEADIST (IDCARGOSITEFROM, IDCARGOSITETO, DISTANCE) VALUES (5, 52, 7048);
    INSERT INTO SEADIST (IDCARGOSITEFROM, IDCARGOSITETO, DISTANCE) VALUES (5, 43, 7055);
    INSERT INTO SEADIST (IDCARGOSITEFROM, IDCARGOSITETO, DISTANCE) VALUES (5, 65, 7055);
    INSERT INTO SEADIST (IDCARGOSITEFROM, IDCARGOSITETO, DISTANCE) VALUES (5, 4, 7056);
    INSERT INTO SEADIST (IDCARGOSITEFROM, IDCARGOSITETO, DISTANCE) VALUES (5, 9, 7062);
    INSERT INTO SEADIST (IDCARGOSITEFROM, IDCARGOSITETO, DISTANCE) VALUES (5, 1, 7147);
    INSERT INTO SEADIST (IDCARGOSITEFROM, IDCARGOSITETO, DISTANCE) VALUES (5, 17, 7171);
    INSERT INTO SEADIST (IDCARGOSITEFROM, IDCARGOSITETO, DISTANCE) VALUES (5, 58, 7175);
    INSERT INTO SEADIST (IDCARGOSITEFROM, IDCARGOSITETO, DISTANCE) VALUES (5, 34, 7211);
    INSERT INTO SEADIST (IDCARGOSITEFROM, IDCARGOSITETO, DISTANCE) VALUES (5, 36, 7211);
    INSERT INTO SEADIST (IDCARGOSITEFROM, IDCARGOSITETO, DISTANCE) VALUES (5, 53, 7211);
    INSERT INTO SEADIST (IDCARGOSITEFROM, IDCARGOSITETO, DISTANCE) VALUES (5, 73, 7231);
    INSERT INTO SEADIST (IDCARGOSITEFROM, IDCARGOSITETO, DISTANCE) VALUES (5, 60, 7280);
    INSERT INTO SEADIST (IDCARGOSITEFROM, IDCARGOSITETO, DISTANCE) VALUES (5, 2, 7352);
    INSERT INTO SEADIST (IDCARGOSITEFROM, IDCARGOSITETO, DISTANCE) VALUES (5, 26, 7437);
    INSERT INTO SEADIST (IDCARGOSITEFROM, IDCARGOSITETO, DISTANCE) VALUES (5, 35, 7472);
    INSERT INTO SEADIST (IDCARGOSITEFROM, IDCARGOSITETO, DISTANCE) VALUES (5, 38, 7488);
    INSERT INTO SEADIST (IDCARGOSITEFROM, IDCARGOSITETO, DISTANCE) VALUES (5, 10, 7493);
    INSERT INTO SEADIST (IDCARGOSITEFROM, IDCARGOSITETO, DISTANCE) VALUES (5, 72, 7516);
    INSERT INTO SEADIST (IDCARGOSITEFROM, IDCARGOSITETO, DISTANCE) VALUES (5, 47, 7528);
    INSERT INTO SEADIST (IDCARGOSITEFROM, IDCARGOSITETO, DISTANCE) VALUES (5, 50, 7561);
    INSERT INTO SEADIST (IDCARGOSITEFROM, IDCARGOSITETO, DISTANCE) VALUES (5, 16, 7563);
    INSERT INTO SEADIST (IDCARGOSITEFROM, IDCARGOSITETO, DISTANCE) VALUES (5, 67, 7593);
    INSERT INTO SEADIST (IDCARGOSITEFROM, IDCARGOSITETO, DISTANCE) VALUES (5, 25, 7687);
    INSERT INTO SEADIST (IDCARGOSITEFROM, IDCARGOSITETO, DISTANCE) VALUES (5, 68, 7700);
    INSERT INTO SEADIST (IDCARGOSITEFROM, IDCARGOSITETO, DISTANCE) VALUES (5, 32, 7721);
    INSERT INTO SEADIST (IDCARGOSITEFROM, IDCARGOSITETO, DISTANCE) VALUES (5, 23, 7758);
    INSERT INTO SEADIST (IDCARGOSITEFROM, IDCARGOSITETO, DISTANCE) VALUES (5, 37, 7776);
    INSERT INTO SEADIST (IDCARGOSITEFROM, IDCARGOSITETO, DISTANCE) VALUES (5, 66, 7862);
    INSERT INTO SEADIST (IDCARGOSITEFROM, IDCARGOSITETO, DISTANCE) VALUES (5, 8, 7953);
    INSERT INTO SEADIST (IDCARGOSITEFROM, IDCARGOSITETO, DISTANCE) VALUES (5, 55, 7970);
    INSERT INTO SEADIST (IDCARGOSITEFROM, IDCARGOSITETO, DISTANCE) VALUES (5, 71, 7971);
    INSERT INTO SEADIST (IDCARGOSITEFROM, IDCARGOSITETO, DISTANCE) VALUES (6, 18, 39);
    INSERT INTO SEADIST (IDCARGOSITEFROM, IDCARGOSITETO, DISTANCE) VALUES (6, 14, 1340);
    INSERT INTO SEADIST (IDCARGOSITEFROM, IDCARGOSITETO, DISTANCE) VALUES (6, 46, 1775);
    INSERT INTO SEADIST (IDCARGOSITEFROM, IDCARGOSITETO, DISTANCE) VALUES (6, 51, 2018);
    INSERT INTO SEADIST (IDCARGOSITEFROM, IDCARGOSITETO, DISTANCE) VALUES (6, 42, 2912);
    INSERT INTO SEADIST (IDCARGOSITEFROM, IDCARGOSITETO, DISTANCE) VALUES (6, 64, 4209);
    INSERT INTO SEADIST (IDCARGOSITEFROM, IDCARGOSITETO, DISTANCE) VALUES (6, 39, 4229);
    INSERT INTO SEADIST (IDCARGOSITEFROM, IDCARGOSITETO, DISTANCE) VALUES (6, 40, 4579);
    INSERT INTO SEADIST (IDCARGOSITEFROM, IDCARGOSITETO, DISTANCE) VALUES (6, 69, 4751);
    INSERT INTO SEADIST (IDCARGOSITEFROM, IDCARGOSITETO, DISTANCE) VALUES (6, 41, 4799);
    INSERT INTO SEADIST (IDCARGOSITEFROM, IDCARGOSITETO, DISTANCE) VALUES (6, 7, 4879);
    INSERT INTO SEADIST (IDCARGOSITEFROM, IDCARGOSITETO, DISTANCE) VALUES (6, 43, 5056);
    INSERT INTO SEADIST (IDCARGOSITEFROM, IDCARGOSITETO, DISTANCE) VALUES (6, 49, 5235);
    INSERT INTO SEADIST (IDCARGOSITEFROM, IDCARGOSITETO, DISTANCE) VALUES (6, 26, 5449);
    INSERT INTO SEADIST (IDCARGOSITEFROM, IDCARGOSITETO, DISTANCE) VALUES (6, 35, 5484);
    INSERT INTO SEADIST (IDCARGOSITEFROM, IDCARGOSITETO, DISTANCE) VALUES (6, 67, 5605);
    INSERT INTO SEADIST (IDCARGOSITEFROM, IDCARGOSITETO, DISTANCE) VALUES (6, 66, 5874);
    INSERT INTO SEADIST (IDCARGOSITEFROM, IDCARGOSITETO, DISTANCE) VALUES (6, 34, 6008);
    INSERT INTO SEADIST (IDCARGOSITEFROM, IDCARGOSITETO, DISTANCE) VALUES (6, 36, 6008);
    INSERT INTO SEADIST (IDCARGOSITEFROM, IDCARGOSITETO, DISTANCE) VALUES (6, 53, 6008);
    INSERT INTO SEADIST (IDCARGOSITEFROM, IDCARGOSITETO, DISTANCE) VALUES (6, 2, 6149);
    INSERT INTO SEADIST (IDCARGOSITEFROM, IDCARGOSITETO, DISTANCE) VALUES (6, 47, 6325);
    INSERT INTO SEADIST (IDCARGOSITEFROM, IDCARGOSITETO, DISTANCE) VALUES (6, 16, 6360);
    INSERT INTO SEADIST (IDCARGOSITEFROM, IDCARGOSITETO, DISTANCE) VALUES (6, 25, 6484);
    INSERT INTO SEADIST (IDCARGOSITEFROM, IDCARGOSITETO, DISTANCE) VALUES (6, 23, 6555);
    INSERT INTO SEADIST (IDCARGOSITEFROM, IDCARGOSITETO, DISTANCE) VALUES (7, 69, 164);
    INSERT INTO SEADIST (IDCARGOSITEFROM, IDCARGOSITETO, DISTANCE) VALUES (7, 2, 1454);
    INSERT INTO SEADIST (IDCARGOSITEFROM, IDCARGOSITETO, DISTANCE) VALUES (7, 47, 1636);
    INSERT INTO SEADIST (IDCARGOSITEFROM, IDCARGOSITETO, DISTANCE) VALUES (7, 40, 1781);
    INSERT INTO SEADIST (IDCARGOSITEFROM, IDCARGOSITETO, DISTANCE) VALUES (7, 41, 1835);
    INSERT INTO SEADIST (IDCARGOSITEFROM, IDCARGOSITETO, DISTANCE) VALUES (7, 23, 1860);
    INSERT INTO SEADIST (IDCARGOSITEFROM, IDCARGOSITETO, DISTANCE) VALUES (7, 43, 2311);
    INSERT INTO SEADIST (IDCARGOSITEFROM, IDCARGOSITETO, DISTANCE) VALUES (7, 67, 2849);
    INSERT INTO SEADIST (IDCARGOSITEFROM, IDCARGOSITETO, DISTANCE) VALUES (7, 51, 3728);
    INSERT INTO SEADIST (IDCARGOSITEFROM, IDCARGOSITETO, DISTANCE) VALUES (7, 49, 5707);
    INSERT INTO SEADIST (IDCARGOSITEFROM, IDCARGOSITETO, DISTANCE) VALUES (7, 42, 7791);
    INSERT INTO SEADIST (IDCARGOSITEFROM, IDCARGOSITETO, DISTANCE) VALUES (8, 55, 31);
    INSERT INTO SEADIST (IDCARGOSITEFROM, IDCARGOSITETO, DISTANCE) VALUES (8, 23, 343);
    INSERT INTO SEADIST (IDCARGOSITEFROM, IDCARGOSITETO, DISTANCE) VALUES (8, 16, 588);
    INSERT INTO SEADIST (IDCARGOSITEFROM, IDCARGOSITETO, DISTANCE) VALUES (8, 2, 601);
    INSERT INTO SEADIST (IDCARGOSITEFROM, IDCARGOSITETO, DISTANCE) VALUES (8, 25, 643);
    INSERT INTO SEADIST (IDCARGOSITEFROM, IDCARGOSITETO, DISTANCE) VALUES (8, 52, 938);
    INSERT INTO SEADIST (IDCARGOSITEFROM, IDCARGOSITETO, DISTANCE) VALUES (8, 4, 946);
    INSERT INTO SEADIST (IDCARGOSITEFROM, IDCARGOSITETO, DISTANCE) VALUES (8, 47, 1336);
    INSERT INTO SEADIST (IDCARGOSITEFROM, IDCARGOSITETO, DISTANCE) VALUES (8, 34, 1734);
    INSERT INTO SEADIST (IDCARGOSITEFROM, IDCARGOSITETO, DISTANCE) VALUES (8, 36, 1734);
    INSERT INTO SEADIST (IDCARGOSITEFROM, IDCARGOSITETO, DISTANCE) VALUES (8, 53, 1734);
    INSERT INTO SEADIST (IDCARGOSITEFROM, IDCARGOSITETO, DISTANCE) VALUES (8, 73, 1755);
    INSERT INTO SEADIST (IDCARGOSITEFROM, IDCARGOSITETO, DISTANCE) VALUES (8, 27, 1871);
    INSERT INTO SEADIST (IDCARGOSITEFROM, IDCARGOSITETO, DISTANCE) VALUES (8, 48, 1899);
    INSERT INTO SEADIST (IDCARGOSITEFROM, IDCARGOSITETO, DISTANCE) VALUES (8, 7, 2055);
    INSERT INTO SEADIST (IDCARGOSITEFROM, IDCARGOSITETO, DISTANCE) VALUES (8, 69, 2136);
    INSERT INTO SEADIST (IDCARGOSITEFROM, IDCARGOSITETO, DISTANCE) VALUES (8, 64, 2670);
    INSERT INTO SEADIST (IDCARGOSITEFROM, IDCARGOSITETO, DISTANCE) VALUES (8, 39, 2840);
    INSERT INTO SEADIST (IDCARGOSITEFROM, IDCARGOSITETO, DISTANCE) VALUES (8, 24, 2994);
    INSERT INTO SEADIST (IDCARGOSITEFROM, IDCARGOSITETO, DISTANCE) VALUES (8, 20, 3582);
    INSERT INTO SEADIST (IDCARGOSITEFROM, IDCARGOSITETO, DISTANCE) VALUES (8, 40, 3652);
    INSERT INTO SEADIST (IDCARGOSITEFROM, IDCARGOSITETO, DISTANCE) VALUES (8, 75, 3702);
    INSERT INTO SEADIST (IDCARGOSITEFROM, IDCARGOSITETO, DISTANCE) VALUES (8, 41, 3706);
    INSERT INTO SEADIST (IDCARGOSITEFROM, IDCARGOSITETO, DISTANCE) VALUES (8, 31, 4000);
    INSERT INTO SEADIST (IDCARGOSITEFROM, IDCARGOSITETO, DISTANCE) VALUES (8, 43, 4182);
    INSERT INTO SEADIST (IDCARGOSITEFROM, IDCARGOSITETO, DISTANCE) VALUES (8, 9, 4198);
    INSERT INTO SEADIST (IDCARGOSITEFROM, IDCARGOSITETO, DISTANCE) VALUES (8, 60, 4407);
    INSERT INTO SEADIST (IDCARGOSITEFROM, IDCARGOSITETO, DISTANCE) VALUES (8, 26, 4564);
    INSERT INTO SEADIST (IDCARGOSITEFROM, IDCARGOSITETO, DISTANCE) VALUES (8, 35, 4599);
    INSERT INTO SEADIST (IDCARGOSITEFROM, IDCARGOSITETO, DISTANCE) VALUES (8, 67, 4720);
    INSERT INTO SEADIST (IDCARGOSITEFROM, IDCARGOSITETO, DISTANCE) VALUES (8, 50, 4794);
    INSERT INTO SEADIST (IDCARGOSITEFROM, IDCARGOSITETO, DISTANCE) VALUES (8, 66, 4989);
    INSERT INTO SEADIST (IDCARGOSITEFROM, IDCARGOSITETO, DISTANCE) VALUES (8, 51, 5599);
    INSERT INTO SEADIST (IDCARGOSITEFROM, IDCARGOSITETO, DISTANCE) VALUES (8, 18, 6711);
    INSERT INTO SEADIST (IDCARGOSITEFROM, IDCARGOSITETO, DISTANCE) VALUES (8, 6, 6750);
    INSERT INTO SEADIST (IDCARGOSITEFROM, IDCARGOSITETO, DISTANCE) VALUES (8, 74, 7205);
    INSERT INTO SEADIST (IDCARGOSITEFROM, IDCARGOSITETO, DISTANCE) VALUES (8, 49, 7578);
    INSERT INTO SEADIST (IDCARGOSITEFROM, IDCARGOSITETO, DISTANCE) VALUES (8, 57, 7639);
    INSERT INTO SEADIST (IDCARGOSITEFROM, IDCARGOSITETO, DISTANCE) VALUES (8, 14, 8090);
    INSERT INTO SEADIST (IDCARGOSITEFROM, IDCARGOSITETO, DISTANCE) VALUES (8, 44, 8475);
    INSERT INTO SEADIST (IDCARGOSITEFROM, IDCARGOSITETO, DISTANCE) VALUES (8, 46, 8525);
    INSERT INTO SEADIST (IDCARGOSITEFROM, IDCARGOSITETO, DISTANCE) VALUES (8, 42, 9662);
    INSERT INTO SEADIST (IDCARGOSITEFROM, IDCARGOSITETO, DISTANCE) VALUES (9, 43, 330);
    INSERT INTO SEADIST (IDCARGOSITEFROM, IDCARGOSITETO, DISTANCE) VALUES (9, 41, 613);
    INSERT INTO SEADIST (IDCARGOSITEFROM, IDCARGOSITETO, DISTANCE) VALUES (9, 50, 627);
    INSERT INTO SEADIST (IDCARGOSITEFROM, IDCARGOSITETO, DISTANCE) VALUES (9, 26, 723);
    INSERT INTO SEADIST (IDCARGOSITEFROM, IDCARGOSITETO, DISTANCE) VALUES (9, 40, 740);
    INSERT INTO SEADIST (IDCARGOSITEFROM, IDCARGOSITETO, DISTANCE) VALUES (9, 35, 758);
    INSERT INTO SEADIST (IDCARGOSITEFROM, IDCARGOSITETO, DISTANCE) VALUES (9, 67, 879);
    INSERT INTO SEADIST (IDCARGOSITEFROM, IDCARGOSITETO, DISTANCE) VALUES (9, 2, 1038);
    INSERT INTO SEADIST (IDCARGOSITEFROM, IDCARGOSITETO, DISTANCE) VALUES (9, 66, 1148);
    INSERT INTO SEADIST (IDCARGOSITEFROM, IDCARGOSITETO, DISTANCE) VALUES (9, 47, 1220);
    INSERT INTO SEADIST (IDCARGOSITEFROM, IDCARGOSITETO, DISTANCE) VALUES (9, 39, 1381);
    INSERT INTO SEADIST (IDCARGOSITEFROM, IDCARGOSITETO, DISTANCE) VALUES (9, 23, 1444);
    INSERT INTO SEADIST (IDCARGOSITEFROM, IDCARGOSITETO, DISTANCE) VALUES (9, 64, 1563);
    INSERT INTO SEADIST (IDCARGOSITEFROM, IDCARGOSITETO, DISTANCE) VALUES (9, 69, 2199);
    INSERT INTO SEADIST (IDCARGOSITEFROM, IDCARGOSITETO, DISTANCE) VALUES (9, 7, 2327);
    INSERT INTO SEADIST (IDCARGOSITEFROM, IDCARGOSITETO, DISTANCE) VALUES (9, 51, 3372);
    INSERT INTO SEADIST (IDCARGOSITEFROM, IDCARGOSITETO, DISTANCE) VALUES (9, 34, 3456);
    INSERT INTO SEADIST (IDCARGOSITEFROM, IDCARGOSITETO, DISTANCE) VALUES (9, 36, 3456);
    INSERT INTO SEADIST (IDCARGOSITEFROM, IDCARGOSITETO, DISTANCE) VALUES (9, 53, 3456);
    INSERT INTO SEADIST (IDCARGOSITEFROM, IDCARGOSITETO, DISTANCE) VALUES (9, 16, 3808);
    INSERT INTO SEADIST (IDCARGOSITEFROM, IDCARGOSITETO, DISTANCE) VALUES (9, 25, 3932);
    INSERT INTO SEADIST (IDCARGOSITEFROM, IDCARGOSITETO, DISTANCE) VALUES (9, 18, 4834);
    INSERT INTO SEADIST (IDCARGOSITEFROM, IDCARGOSITETO, DISTANCE) VALUES (9, 6, 4873);
    INSERT INTO SEADIST (IDCARGOSITEFROM, IDCARGOSITETO, DISTANCE) VALUES (9, 49, 5935);
    INSERT INTO SEADIST (IDCARGOSITEFROM, IDCARGOSITETO, DISTANCE) VALUES (9, 14, 6213);
    INSERT INTO SEADIST (IDCARGOSITEFROM, IDCARGOSITETO, DISTANCE) VALUES (9, 46, 6648);
    INSERT INTO SEADIST (IDCARGOSITEFROM, IDCARGOSITETO, DISTANCE) VALUES (9, 42, 7785);
    INSERT INTO SEADIST (IDCARGOSITEFROM, IDCARGOSITETO, DISTANCE) VALUES (10, 72, 56);
    INSERT INTO SEADIST (IDCARGOSITEFROM, IDCARGOSITETO, DISTANCE) VALUES (10, 16, 126);
    INSERT INTO SEADIST (IDCARGOSITEFROM, IDCARGOSITETO, DISTANCE) VALUES (10, 2, 141);
    INSERT INTO SEADIST (IDCARGOSITEFROM, IDCARGOSITETO, DISTANCE) VALUES (10, 25, 260);
    INSERT INTO SEADIST (IDCARGOSITEFROM, IDCARGOSITETO, DISTANCE) VALUES (10, 23, 382);
    INSERT INTO SEADIST (IDCARGOSITEFROM, IDCARGOSITETO, DISTANCE) VALUES (10, 52, 478);
    INSERT INTO SEADIST (IDCARGOSITEFROM, IDCARGOSITETO, DISTANCE) VALUES (10, 4, 486);
    INSERT INTO SEADIST (IDCARGOSITEFROM, IDCARGOSITETO, DISTANCE) VALUES (10, 55, 629);
    INSERT INTO SEADIST (IDCARGOSITEFROM, IDCARGOSITETO, DISTANCE) VALUES (10, 8, 633);
    INSERT INTO SEADIST (IDCARGOSITEFROM, IDCARGOSITETO, DISTANCE) VALUES (10, 38, 852);
    INSERT INTO SEADIST (IDCARGOSITEFROM, IDCARGOSITETO, DISTANCE) VALUES (10, 47, 876);
    INSERT INTO SEADIST (IDCARGOSITEFROM, IDCARGOSITETO, DISTANCE) VALUES (10, 65, 1117);
    INSERT INTO SEADIST (IDCARGOSITEFROM, IDCARGOSITETO, DISTANCE) VALUES (10, 58, 1238);
    INSERT INTO SEADIST (IDCARGOSITEFROM, IDCARGOSITETO, DISTANCE) VALUES (10, 34, 1274);
    INSERT INTO SEADIST (IDCARGOSITEFROM, IDCARGOSITETO, DISTANCE) VALUES (10, 36, 1274);
    INSERT INTO SEADIST (IDCARGOSITEFROM, IDCARGOSITETO, DISTANCE) VALUES (10, 53, 1274);
    INSERT INTO SEADIST (IDCARGOSITEFROM, IDCARGOSITETO, DISTANCE) VALUES (10, 73, 1295);
    INSERT INTO SEADIST (IDCARGOSITEFROM, IDCARGOSITETO, DISTANCE) VALUES (10, 27, 1411);
    INSERT INTO SEADIST (IDCARGOSITEFROM, IDCARGOSITETO, DISTANCE) VALUES (10, 48, 1439);
    INSERT INTO SEADIST (IDCARGOSITEFROM, IDCARGOSITETO, DISTANCE) VALUES (10, 7, 1595);
    INSERT INTO SEADIST (IDCARGOSITEFROM, IDCARGOSITETO, DISTANCE) VALUES (10, 69, 1676);
    INSERT INTO SEADIST (IDCARGOSITEFROM, IDCARGOSITETO, DISTANCE) VALUES (10, 64, 2210);
    INSERT INTO SEADIST (IDCARGOSITEFROM, IDCARGOSITETO, DISTANCE) VALUES (10, 39, 2380);
    INSERT INTO SEADIST (IDCARGOSITEFROM, IDCARGOSITETO, DISTANCE) VALUES (10, 24, 2534);
    INSERT INTO SEADIST (IDCARGOSITEFROM, IDCARGOSITETO, DISTANCE) VALUES (10, 11, 2868);
    INSERT INTO SEADIST (IDCARGOSITEFROM, IDCARGOSITETO, DISTANCE) VALUES (10, 20, 3122);
    INSERT INTO SEADIST (IDCARGOSITEFROM, IDCARGOSITETO, DISTANCE) VALUES (10, 21, 3188);
    INSERT INTO SEADIST (IDCARGOSITEFROM, IDCARGOSITETO, DISTANCE) VALUES (10, 40, 3192);
    INSERT INTO SEADIST (IDCARGOSITEFROM, IDCARGOSITETO, DISTANCE) VALUES (10, 75, 3242);
    INSERT INTO SEADIST (IDCARGOSITEFROM, IDCARGOSITETO, DISTANCE) VALUES (10, 41, 3246);
    INSERT INTO SEADIST (IDCARGOSITEFROM, IDCARGOSITETO, DISTANCE) VALUES (10, 31, 3540);
    INSERT INTO SEADIST (IDCARGOSITEFROM, IDCARGOSITETO, DISTANCE) VALUES (10, 43, 3722);
    INSERT INTO SEADIST (IDCARGOSITEFROM, IDCARGOSITETO, DISTANCE) VALUES (10, 9, 3738);
    INSERT INTO SEADIST (IDCARGOSITEFROM, IDCARGOSITETO, DISTANCE) VALUES (10, 1, 3814);
    INSERT INTO SEADIST (IDCARGOSITEFROM, IDCARGOSITETO, DISTANCE) VALUES (10, 17, 3838);
    INSERT INTO SEADIST (IDCARGOSITEFROM, IDCARGOSITETO, DISTANCE) VALUES (10, 60, 3947);
    INSERT INTO SEADIST (IDCARGOSITEFROM, IDCARGOSITETO, DISTANCE) VALUES (10, 26, 4104);
    INSERT INTO SEADIST (IDCARGOSITEFROM, IDCARGOSITETO, DISTANCE) VALUES (10, 35, 4139);
    INSERT INTO SEADIST (IDCARGOSITEFROM, IDCARGOSITETO, DISTANCE) VALUES (10, 67, 4260);
    INSERT INTO SEADIST (IDCARGOSITEFROM, IDCARGOSITETO, DISTANCE) VALUES (10, 50, 4334);
    INSERT INTO SEADIST (IDCARGOSITEFROM, IDCARGOSITETO, DISTANCE) VALUES (10, 68, 4367);
    INSERT INTO SEADIST (IDCARGOSITEFROM, IDCARGOSITETO, DISTANCE) VALUES (10, 32, 4388);
    INSERT INTO SEADIST (IDCARGOSITEFROM, IDCARGOSITETO, DISTANCE) VALUES (10, 37, 4443);
    INSERT INTO SEADIST (IDCARGOSITEFROM, IDCARGOSITETO, DISTANCE) VALUES (10, 66, 4529);
    INSERT INTO SEADIST (IDCARGOSITEFROM, IDCARGOSITETO, DISTANCE) VALUES (10, 30, 4640);
    INSERT INTO SEADIST (IDCARGOSITEFROM, IDCARGOSITETO, DISTANCE) VALUES (10, 51, 5139);
    INSERT INTO SEADIST (IDCARGOSITEFROM, IDCARGOSITETO, DISTANCE) VALUES (10, 15, 6025);
    INSERT INTO SEADIST (IDCARGOSITEFROM, IDCARGOSITETO, DISTANCE) VALUES (10, 18, 6251);
    INSERT INTO SEADIST (IDCARGOSITEFROM, IDCARGOSITETO, DISTANCE) VALUES (10, 6, 6290);
    INSERT INTO SEADIST (IDCARGOSITEFROM, IDCARGOSITETO, DISTANCE) VALUES (10, 56, 6384);
    INSERT INTO SEADIST (IDCARGOSITEFROM, IDCARGOSITETO, DISTANCE) VALUES (10, 12, 6644);
    INSERT INTO SEADIST (IDCARGOSITEFROM, IDCARGOSITETO, DISTANCE) VALUES (10, 74, 6745);
    INSERT INTO SEADIST (IDCARGOSITEFROM, IDCARGOSITETO, DISTANCE) VALUES (10, 22, 6770);
    INSERT INTO SEADIST (IDCARGOSITEFROM, IDCARGOSITETO, DISTANCE) VALUES (10, 19, 7031);
    INSERT INTO SEADIST (IDCARGOSITEFROM, IDCARGOSITETO, DISTANCE) VALUES (10, 49, 7118);
    INSERT INTO SEADIST (IDCARGOSITEFROM, IDCARGOSITETO, DISTANCE) VALUES (10, 29, 7127);
    INSERT INTO SEADIST (IDCARGOSITEFROM, IDCARGOSITETO, DISTANCE) VALUES (10, 57, 7179);
    INSERT INTO SEADIST (IDCARGOSITEFROM, IDCARGOSITETO, DISTANCE) VALUES (10, 14, 7630);
    INSERT INTO SEADIST (IDCARGOSITEFROM, IDCARGOSITETO, DISTANCE) VALUES (10, 44, 8015);
    INSERT INTO SEADIST (IDCARGOSITEFROM, IDCARGOSITETO, DISTANCE) VALUES (10, 46, 8065);
    INSERT INTO SEADIST (IDCARGOSITEFROM, IDCARGOSITETO, DISTANCE) VALUES (10, 70, 8905);
    INSERT INTO SEADIST (IDCARGOSITEFROM, IDCARGOSITETO, DISTANCE) VALUES (10, 62, 9092);
    INSERT INTO SEADIST (IDCARGOSITEFROM, IDCARGOSITETO, DISTANCE) VALUES (10, 42, 9202);
    INSERT INTO SEADIST (IDCARGOSITEFROM, IDCARGOSITETO, DISTANCE) VALUES (10, 71, 10311);
    INSERT INTO SEADIST (IDCARGOSITEFROM, IDCARGOSITETO, DISTANCE) VALUES (11, 20, 341);
    INSERT INTO SEADIST (IDCARGOSITEFROM, IDCARGOSITETO, DISTANCE) VALUES (11, 21, 378);
    INSERT INTO SEADIST (IDCARGOSITEFROM, IDCARGOSITETO, DISTANCE) VALUES (11, 40, 406);
    INSERT INTO SEADIST (IDCARGOSITEFROM, IDCARGOSITETO, DISTANCE) VALUES (11, 75, 432);
    INSERT INTO SEADIST (IDCARGOSITEFROM, IDCARGOSITETO, DISTANCE) VALUES (11, 41, 436);
    INSERT INTO SEADIST (IDCARGOSITEFROM, IDCARGOSITETO, DISTANCE) VALUES (11, 39, 511);
    INSERT INTO SEADIST (IDCARGOSITEFROM, IDCARGOSITETO, DISTANCE) VALUES (11, 64, 693);
    INSERT INTO SEADIST (IDCARGOSITEFROM, IDCARGOSITETO, DISTANCE) VALUES (11, 31, 730);
    INSERT INTO SEADIST (IDCARGOSITEFROM, IDCARGOSITETO, DISTANCE) VALUES (11, 43, 912);
    INSERT INTO SEADIST (IDCARGOSITEFROM, IDCARGOSITETO, DISTANCE) VALUES (11, 9, 928);
    INSERT INTO SEADIST (IDCARGOSITEFROM, IDCARGOSITETO, DISTANCE) VALUES (11, 24, 1114);
    INSERT INTO SEADIST (IDCARGOSITEFROM, IDCARGOSITETO, DISTANCE) VALUES (11, 60, 1137);
    INSERT INTO SEADIST (IDCARGOSITEFROM, IDCARGOSITETO, DISTANCE) VALUES (11, 26, 1294);
    INSERT INTO SEADIST (IDCARGOSITEFROM, IDCARGOSITETO, DISTANCE) VALUES (11, 35, 1329);
    INSERT INTO SEADIST (IDCARGOSITEFROM, IDCARGOSITETO, DISTANCE) VALUES (11, 69, 1329);
    INSERT INTO SEADIST (IDCARGOSITEFROM, IDCARGOSITETO, DISTANCE) VALUES (11, 67, 1450);
    INSERT INTO SEADIST (IDCARGOSITEFROM, IDCARGOSITETO, DISTANCE) VALUES (11, 7, 1457);
    INSERT INTO SEADIST (IDCARGOSITEFROM, IDCARGOSITETO, DISTANCE) VALUES (11, 50, 1524);
    INSERT INTO SEADIST (IDCARGOSITEFROM, IDCARGOSITETO, DISTANCE) VALUES (11, 48, 1711);
    INSERT INTO SEADIST (IDCARGOSITEFROM, IDCARGOSITETO, DISTANCE) VALUES (11, 66, 1719);
    INSERT INTO SEADIST (IDCARGOSITEFROM, IDCARGOSITETO, DISTANCE) VALUES (11, 27, 1789);
    INSERT INTO SEADIST (IDCARGOSITEFROM, IDCARGOSITETO, DISTANCE) VALUES (11, 52, 2423);
    INSERT INTO SEADIST (IDCARGOSITEFROM, IDCARGOSITETO, DISTANCE) VALUES (11, 4, 2431);
    INSERT INTO SEADIST (IDCARGOSITEFROM, IDCARGOSITETO, DISTANCE) VALUES (11, 34, 2586);
    INSERT INTO SEADIST (IDCARGOSITEFROM, IDCARGOSITETO, DISTANCE) VALUES (11, 36, 2586);
    INSERT INTO SEADIST (IDCARGOSITEFROM, IDCARGOSITETO, DISTANCE) VALUES (11, 53, 2586);
    INSERT INTO SEADIST (IDCARGOSITEFROM, IDCARGOSITETO, DISTANCE) VALUES (11, 73, 2606);
    INSERT INTO SEADIST (IDCARGOSITEFROM, IDCARGOSITETO, DISTANCE) VALUES (11, 2, 2727);
    INSERT INTO SEADIST (IDCARGOSITEFROM, IDCARGOSITETO, DISTANCE) VALUES (11, 47, 2903);
    INSERT INTO SEADIST (IDCARGOSITEFROM, IDCARGOSITETO, DISTANCE) VALUES (11, 16, 2938);
    INSERT INTO SEADIST (IDCARGOSITEFROM, IDCARGOSITETO, DISTANCE) VALUES (11, 51, 3029);
    INSERT INTO SEADIST (IDCARGOSITEFROM, IDCARGOSITETO, DISTANCE) VALUES (11, 25, 3062);
    INSERT INTO SEADIST (IDCARGOSITEFROM, IDCARGOSITETO, DISTANCE) VALUES (11, 23, 3133);
    INSERT INTO SEADIST (IDCARGOSITEFROM, IDCARGOSITETO, DISTANCE) VALUES (11, 8, 3328);
    INSERT INTO SEADIST (IDCARGOSITEFROM, IDCARGOSITETO, DISTANCE) VALUES (11, 55, 3345);
    INSERT INTO SEADIST (IDCARGOSITEFROM, IDCARGOSITETO, DISTANCE) VALUES (11, 18, 4417);
    INSERT INTO SEADIST (IDCARGOSITEFROM, IDCARGOSITETO, DISTANCE) VALUES (11, 6, 4456);
    INSERT INTO SEADIST (IDCARGOSITEFROM, IDCARGOSITETO, DISTANCE) VALUES (11, 74, 4733);
    INSERT INTO SEADIST (IDCARGOSITEFROM, IDCARGOSITETO, DISTANCE) VALUES (11, 57, 5345);
    INSERT INTO SEADIST (IDCARGOSITEFROM, IDCARGOSITETO, DISTANCE) VALUES (11, 14, 5796);
    INSERT INTO SEADIST (IDCARGOSITEFROM, IDCARGOSITETO, DISTANCE) VALUES (11, 49, 5825);
    INSERT INTO SEADIST (IDCARGOSITEFROM, IDCARGOSITETO, DISTANCE) VALUES (11, 44, 6181);
    INSERT INTO SEADIST (IDCARGOSITEFROM, IDCARGOSITETO, DISTANCE) VALUES (11, 46, 6231);
    INSERT INTO SEADIST (IDCARGOSITEFROM, IDCARGOSITETO, DISTANCE) VALUES (11, 42, 7368);
    INSERT INTO SEADIST (IDCARGOSITEFROM, IDCARGOSITETO, DISTANCE) VALUES (12, 22, 235);
    INSERT INTO SEADIST (IDCARGOSITEFROM, IDCARGOSITETO, DISTANCE) VALUES (12, 6, 354);
    INSERT INTO SEADIST (IDCARGOSITEFROM, IDCARGOSITETO, DISTANCE) VALUES (12, 18, 393);
    INSERT INTO SEADIST (IDCARGOSITEFROM, IDCARGOSITETO, DISTANCE) VALUES (12, 56, 585);
    INSERT INTO SEADIST (IDCARGOSITEFROM, IDCARGOSITETO, DISTANCE) VALUES (12, 29, 621);
    INSERT INTO SEADIST (IDCARGOSITEFROM, IDCARGOSITETO, DISTANCE) VALUES (12, 15, 669);
    INSERT INTO SEADIST (IDCARGOSITEFROM, IDCARGOSITETO, DISTANCE) VALUES (12, 19, 879);
    INSERT INTO SEADIST (IDCARGOSITEFROM, IDCARGOSITETO, DISTANCE) VALUES (12, 57, 1022);
    INSERT INTO SEADIST (IDCARGOSITEFROM, IDCARGOSITETO, DISTANCE) VALUES (12, 14, 1124);
    INSERT INTO SEADIST (IDCARGOSITEFROM, IDCARGOSITETO, DISTANCE) VALUES (12, 46, 1561);
    INSERT INTO SEADIST (IDCARGOSITEFROM, IDCARGOSITETO, DISTANCE) VALUES (12, 51, 2372);
    INSERT INTO SEADIST (IDCARGOSITEFROM, IDCARGOSITETO, DISTANCE) VALUES (12, 42, 3047);
    INSERT INTO SEADIST (IDCARGOSITEFROM, IDCARGOSITETO, DISTANCE) VALUES (12, 24, 4132);
    INSERT INTO SEADIST (IDCARGOSITEFROM, IDCARGOSITETO, DISTANCE) VALUES (12, 64, 4563);
    INSERT INTO SEADIST (IDCARGOSITEFROM, IDCARGOSITETO, DISTANCE) VALUES (12, 39, 4583);
    INSERT INTO SEADIST (IDCARGOSITEFROM, IDCARGOSITETO, DISTANCE) VALUES (12, 11, 4810);
    INSERT INTO SEADIST (IDCARGOSITEFROM, IDCARGOSITETO, DISTANCE) VALUES (12, 20, 4854);
    INSERT INTO SEADIST (IDCARGOSITEFROM, IDCARGOSITETO, DISTANCE) VALUES (12, 40, 4933);
    INSERT INTO SEADIST (IDCARGOSITEFROM, IDCARGOSITETO, DISTANCE) VALUES (12, 49, 5014);
    INSERT INTO SEADIST (IDCARGOSITEFROM, IDCARGOSITETO, DISTANCE) VALUES (12, 21, 5100);
    INSERT INTO SEADIST (IDCARGOSITEFROM, IDCARGOSITETO, DISTANCE) VALUES (12, 69, 5105);
    INSERT INTO SEADIST (IDCARGOSITEFROM, IDCARGOSITETO, DISTANCE) VALUES (12, 75, 5149);
    INSERT INTO SEADIST (IDCARGOSITEFROM, IDCARGOSITETO, DISTANCE) VALUES (12, 41, 5153);
    INSERT INTO SEADIST (IDCARGOSITEFROM, IDCARGOSITETO, DISTANCE) VALUES (12, 9, 5227);
    INSERT INTO SEADIST (IDCARGOSITEFROM, IDCARGOSITETO, DISTANCE) VALUES (12, 7, 5233);
    INSERT INTO SEADIST (IDCARGOSITEFROM, IDCARGOSITETO, DISTANCE) VALUES (12, 43, 5410);
    INSERT INTO SEADIST (IDCARGOSITEFROM, IDCARGOSITETO, DISTANCE) VALUES (12, 31, 5447);
    INSERT INTO SEADIST (IDCARGOSITEFROM, IDCARGOSITETO, DISTANCE) VALUES (12, 48, 5487);
    INSERT INTO SEADIST (IDCARGOSITEFROM, IDCARGOSITETO, DISTANCE) VALUES (12, 1, 5513);
    INSERT INTO SEADIST (IDCARGOSITEFROM, IDCARGOSITETO, DISTANCE) VALUES (12, 17, 5537);
    INSERT INTO SEADIST (IDCARGOSITEFROM, IDCARGOSITETO, DISTANCE) VALUES (12, 27, 5565);
    INSERT INTO SEADIST (IDCARGOSITEFROM, IDCARGOSITETO, DISTANCE) VALUES (12, 50, 5628);
    INSERT INTO SEADIST (IDCARGOSITEFROM, IDCARGOSITETO, DISTANCE) VALUES (12, 60, 5646);
    INSERT INTO SEADIST (IDCARGOSITEFROM, IDCARGOSITETO, DISTANCE) VALUES (12, 26, 5803);
    INSERT INTO SEADIST (IDCARGOSITEFROM, IDCARGOSITETO, DISTANCE) VALUES (12, 35, 5838);
    INSERT INTO SEADIST (IDCARGOSITEFROM, IDCARGOSITETO, DISTANCE) VALUES (12, 67, 5959);
    INSERT INTO SEADIST (IDCARGOSITEFROM, IDCARGOSITETO, DISTANCE) VALUES (12, 68, 6066);
    INSERT INTO SEADIST (IDCARGOSITEFROM, IDCARGOSITETO, DISTANCE) VALUES (12, 32, 6087);
    INSERT INTO SEADIST (IDCARGOSITEFROM, IDCARGOSITETO, DISTANCE) VALUES (12, 37, 6142);
    INSERT INTO SEADIST (IDCARGOSITEFROM, IDCARGOSITETO, DISTANCE) VALUES (12, 52, 6199);
    INSERT INTO SEADIST (IDCARGOSITEFROM, IDCARGOSITETO, DISTANCE) VALUES (12, 65, 6206);
    INSERT INTO SEADIST (IDCARGOSITEFROM, IDCARGOSITETO, DISTANCE) VALUES (12, 4, 6207);
    INSERT INTO SEADIST (IDCARGOSITEFROM, IDCARGOSITETO, DISTANCE) VALUES (12, 66, 6228);
    INSERT INTO SEADIST (IDCARGOSITEFROM, IDCARGOSITETO, DISTANCE) VALUES (12, 58, 6326);
    INSERT INTO SEADIST (IDCARGOSITEFROM, IDCARGOSITETO, DISTANCE) VALUES (12, 34, 6362);
    INSERT INTO SEADIST (IDCARGOSITEFROM, IDCARGOSITETO, DISTANCE) VALUES (12, 36, 6362);
    INSERT INTO SEADIST (IDCARGOSITEFROM, IDCARGOSITETO, DISTANCE) VALUES (12, 53, 6362);
    INSERT INTO SEADIST (IDCARGOSITEFROM, IDCARGOSITETO, DISTANCE) VALUES (12, 73, 6382);
    INSERT INTO SEADIST (IDCARGOSITEFROM, IDCARGOSITETO, DISTANCE) VALUES (12, 2, 6503);
    INSERT INTO SEADIST (IDCARGOSITEFROM, IDCARGOSITETO, DISTANCE) VALUES (12, 38, 6639);
    INSERT INTO SEADIST (IDCARGOSITEFROM, IDCARGOSITETO, DISTANCE) VALUES (12, 47, 6679);
    INSERT INTO SEADIST (IDCARGOSITEFROM, IDCARGOSITETO, DISTANCE) VALUES (12, 16, 6714);
    INSERT INTO SEADIST (IDCARGOSITEFROM, IDCARGOSITETO, DISTANCE) VALUES (12, 25, 6838);
    INSERT INTO SEADIST (IDCARGOSITEFROM, IDCARGOSITETO, DISTANCE) VALUES (12, 23, 6909);
    INSERT INTO SEADIST (IDCARGOSITEFROM, IDCARGOSITETO, DISTANCE) VALUES (12, 8, 7104);
    INSERT INTO SEADIST (IDCARGOSITEFROM, IDCARGOSITETO, DISTANCE) VALUES (12, 55, 7121);
    INSERT INTO SEADIST (IDCARGOSITEFROM, IDCARGOSITETO, DISTANCE) VALUES (13, 49, 129);
    INSERT INTO SEADIST (IDCARGOSITEFROM, IDCARGOSITETO, DISTANCE) VALUES (13, 59, 429);
    INSERT INTO SEADIST (IDCARGOSITEFROM, IDCARGOSITETO, DISTANCE) VALUES (13, 63, 998);
    INSERT INTO SEADIST (IDCARGOSITEFROM, IDCARGOSITETO, DISTANCE) VALUES (13, 61, 1848);
    INSERT INTO SEADIST (IDCARGOSITEFROM, IDCARGOSITETO, DISTANCE) VALUES (13, 62, 2602);
    INSERT INTO SEADIST (IDCARGOSITEFROM, IDCARGOSITETO, DISTANCE) VALUES (13, 70, 2822);
    INSERT INTO SEADIST (IDCARGOSITEFROM, IDCARGOSITETO, DISTANCE) VALUES (13, 46, 3762);
    INSERT INTO SEADIST (IDCARGOSITEFROM, IDCARGOSITETO, DISTANCE) VALUES (13, 14, 4050);
    INSERT INTO SEADIST (IDCARGOSITEFROM, IDCARGOSITETO, DISTANCE) VALUES (13, 29, 4693);
    INSERT INTO SEADIST (IDCARGOSITEFROM, IDCARGOSITETO, DISTANCE) VALUES (13, 24, 4818);
    INSERT INTO SEADIST (IDCARGOSITEFROM, IDCARGOSITETO, DISTANCE) VALUES (13, 22, 4871);
    INSERT INTO SEADIST (IDCARGOSITEFROM, IDCARGOSITETO, DISTANCE) VALUES (13, 54, 4969);
    INSERT INTO SEADIST (IDCARGOSITEFROM, IDCARGOSITETO, DISTANCE) VALUES (13, 33, 4995);
    INSERT INTO SEADIST (IDCARGOSITEFROM, IDCARGOSITETO, DISTANCE) VALUES (13, 12, 5111);
    INSERT INTO SEADIST (IDCARGOSITEFROM, IDCARGOSITETO, DISTANCE) VALUES (13, 15, 5111);
    INSERT INTO SEADIST (IDCARGOSITEFROM, IDCARGOSITETO, DISTANCE) VALUES (13, 64, 5331);
    INSERT INTO SEADIST (IDCARGOSITEFROM, IDCARGOSITETO, DISTANCE) VALUES (13, 6, 5332);
    INSERT INTO SEADIST (IDCARGOSITEFROM, IDCARGOSITETO, DISTANCE) VALUES (13, 18, 5344);
    INSERT INTO SEADIST (IDCARGOSITEFROM, IDCARGOSITETO, DISTANCE) VALUES (13, 39, 5472);
    INSERT INTO SEADIST (IDCARGOSITEFROM, IDCARGOSITETO, DISTANCE) VALUES (13, 56, 5507);
    INSERT INTO SEADIST (IDCARGOSITEFROM, IDCARGOSITETO, DISTANCE) VALUES (13, 19, 5619);
    INSERT INTO SEADIST (IDCARGOSITEFROM, IDCARGOSITETO, DISTANCE) VALUES (13, 69, 5676);
    INSERT INTO SEADIST (IDCARGOSITEFROM, IDCARGOSITETO, DISTANCE) VALUES (13, 57, 5685);
    INSERT INTO SEADIST (IDCARGOSITEFROM, IDCARGOSITETO, DISTANCE) VALUES (13, 30, 5715);
    INSERT INTO SEADIST (IDCARGOSITEFROM, IDCARGOSITETO, DISTANCE) VALUES (13, 7, 5804);
    INSERT INTO SEADIST (IDCARGOSITEFROM, IDCARGOSITETO, DISTANCE) VALUES (13, 51, 5852);
    INSERT INTO SEADIST (IDCARGOSITEFROM, IDCARGOSITETO, DISTANCE) VALUES (13, 11, 5922);
    INSERT INTO SEADIST (IDCARGOSITEFROM, IDCARGOSITETO, DISTANCE) VALUES (13, 48, 6058);
    INSERT INTO SEADIST (IDCARGOSITEFROM, IDCARGOSITETO, DISTANCE) VALUES (13, 27, 6136);
    INSERT INTO SEADIST (IDCARGOSITEFROM, IDCARGOSITETO, DISTANCE) VALUES (13, 20, 6152);
    INSERT INTO SEADIST (IDCARGOSITEFROM, IDCARGOSITETO, DISTANCE) VALUES (13, 44, 6173);
    INSERT INTO SEADIST (IDCARGOSITEFROM, IDCARGOSITETO, DISTANCE) VALUES (13, 40, 6231);
    INSERT INTO SEADIST (IDCARGOSITEFROM, IDCARGOSITETO, DISTANCE) VALUES (13, 21, 6242);
    INSERT INTO SEADIST (IDCARGOSITEFROM, IDCARGOSITETO, DISTANCE) VALUES (13, 78, 6275);
    INSERT INTO SEADIST (IDCARGOSITEFROM, IDCARGOSITETO, DISTANCE) VALUES (13, 75, 6296);
    INSERT INTO SEADIST (IDCARGOSITEFROM, IDCARGOSITETO, DISTANCE) VALUES (13, 41, 6300);
    INSERT INTO SEADIST (IDCARGOSITEFROM, IDCARGOSITETO, DISTANCE) VALUES (13, 3, 6346);
    INSERT INTO SEADIST (IDCARGOSITEFROM, IDCARGOSITETO, DISTANCE) VALUES (13, 74, 6353);
    INSERT INTO SEADIST (IDCARGOSITEFROM, IDCARGOSITETO, DISTANCE) VALUES (13, 31, 6594);
    INSERT INTO SEADIST (IDCARGOSITEFROM, IDCARGOSITETO, DISTANCE) VALUES (13, 52, 6770);
    INSERT INTO SEADIST (IDCARGOSITEFROM, IDCARGOSITETO, DISTANCE) VALUES (13, 43, 6776);
    INSERT INTO SEADIST (IDCARGOSITEFROM, IDCARGOSITETO, DISTANCE) VALUES (13, 65, 6777);
    INSERT INTO SEADIST (IDCARGOSITEFROM, IDCARGOSITETO, DISTANCE) VALUES (13, 4, 6778);
    INSERT INTO SEADIST (IDCARGOSITEFROM, IDCARGOSITETO, DISTANCE) VALUES (13, 9, 6780);
    INSERT INTO SEADIST (IDCARGOSITEFROM, IDCARGOSITETO, DISTANCE) VALUES (13, 1, 6868);
    INSERT INTO SEADIST (IDCARGOSITEFROM, IDCARGOSITETO, DISTANCE) VALUES (13, 17, 6892);
    INSERT INTO SEADIST (IDCARGOSITEFROM, IDCARGOSITETO, DISTANCE) VALUES (13, 58, 6897);
    INSERT INTO SEADIST (IDCARGOSITEFROM, IDCARGOSITETO, DISTANCE) VALUES (13, 34, 6933);
    INSERT INTO SEADIST (IDCARGOSITEFROM, IDCARGOSITETO, DISTANCE) VALUES (13, 36, 6933);
    INSERT INTO SEADIST (IDCARGOSITEFROM, IDCARGOSITETO, DISTANCE) VALUES (13, 53, 6933);
    INSERT INTO SEADIST (IDCARGOSITEFROM, IDCARGOSITETO, DISTANCE) VALUES (13, 73, 6953);
    INSERT INTO SEADIST (IDCARGOSITEFROM, IDCARGOSITETO, DISTANCE) VALUES (13, 60, 7001);
    INSERT INTO SEADIST (IDCARGOSITEFROM, IDCARGOSITETO, DISTANCE) VALUES (13, 2, 7074);
    INSERT INTO SEADIST (IDCARGOSITEFROM, IDCARGOSITETO, DISTANCE) VALUES (13, 26, 7158);
    INSERT INTO SEADIST (IDCARGOSITEFROM, IDCARGOSITETO, DISTANCE) VALUES (13, 35, 7193);
    INSERT INTO SEADIST (IDCARGOSITEFROM, IDCARGOSITETO, DISTANCE) VALUES (13, 38, 7210);
    INSERT INTO SEADIST (IDCARGOSITEFROM, IDCARGOSITETO, DISTANCE) VALUES (13, 10, 7215);
    INSERT INTO SEADIST (IDCARGOSITEFROM, IDCARGOSITETO, DISTANCE) VALUES (13, 72, 7238);
    INSERT INTO SEADIST (IDCARGOSITEFROM, IDCARGOSITETO, DISTANCE) VALUES (13, 47, 7250);
    INSERT INTO SEADIST (IDCARGOSITEFROM, IDCARGOSITETO, DISTANCE) VALUES (13, 42, 7260);
    INSERT INTO SEADIST (IDCARGOSITEFROM, IDCARGOSITETO, DISTANCE) VALUES (13, 50, 7279);
    INSERT INTO SEADIST (IDCARGOSITEFROM, IDCARGOSITETO, DISTANCE) VALUES (13, 16, 7285);
    INSERT INTO SEADIST (IDCARGOSITEFROM, IDCARGOSITETO, DISTANCE) VALUES (13, 67, 7314);
    INSERT INTO SEADIST (IDCARGOSITEFROM, IDCARGOSITETO, DISTANCE) VALUES (13, 25, 7409);
    INSERT INTO SEADIST (IDCARGOSITEFROM, IDCARGOSITETO, DISTANCE) VALUES (13, 68, 7421);
    INSERT INTO SEADIST (IDCARGOSITEFROM, IDCARGOSITETO, DISTANCE) VALUES (13, 32, 7442);
    INSERT INTO SEADIST (IDCARGOSITEFROM, IDCARGOSITETO, DISTANCE) VALUES (13, 23, 7480);
    INSERT INTO SEADIST (IDCARGOSITEFROM, IDCARGOSITETO, DISTANCE) VALUES (13, 37, 7497);
    INSERT INTO SEADIST (IDCARGOSITEFROM, IDCARGOSITETO, DISTANCE) VALUES (13, 66, 7583);
    INSERT INTO SEADIST (IDCARGOSITEFROM, IDCARGOSITETO, DISTANCE) VALUES (13, 8, 7675);
    INSERT INTO SEADIST (IDCARGOSITEFROM, IDCARGOSITETO, DISTANCE) VALUES (13, 55, 7692);
    INSERT INTO SEADIST (IDCARGOSITEFROM, IDCARGOSITETO, DISTANCE) VALUES (13, 71, 8399);
    INSERT INTO SEADIST (IDCARGOSITEFROM, IDCARGOSITETO, DISTANCE) VALUES (14, 46, 442);
    INSERT INTO SEADIST (IDCARGOSITEFROM, IDCARGOSITETO, DISTANCE) VALUES (14, 51, 3358);
    INSERT INTO SEADIST (IDCARGOSITEFROM, IDCARGOSITETO, DISTANCE) VALUES (14, 42, 3654);
    INSERT INTO SEADIST (IDCARGOSITEFROM, IDCARGOSITETO, DISTANCE) VALUES (14, 49, 3953);
    INSERT INTO SEADIST (IDCARGOSITEFROM, IDCARGOSITETO, DISTANCE) VALUES (14, 64, 5549);
    INSERT INTO SEADIST (IDCARGOSITEFROM, IDCARGOSITETO, DISTANCE) VALUES (14, 39, 5569);
    INSERT INTO SEADIST (IDCARGOSITEFROM, IDCARGOSITETO, DISTANCE) VALUES (14, 40, 5919);
    INSERT INTO SEADIST (IDCARGOSITEFROM, IDCARGOSITETO, DISTANCE) VALUES (14, 69, 6091);
    INSERT INTO SEADIST (IDCARGOSITEFROM, IDCARGOSITETO, DISTANCE) VALUES (14, 41, 6139);
    INSERT INTO SEADIST (IDCARGOSITEFROM, IDCARGOSITETO, DISTANCE) VALUES (14, 7, 6219);
    INSERT INTO SEADIST (IDCARGOSITEFROM, IDCARGOSITETO, DISTANCE) VALUES (14, 43, 6396);
    INSERT INTO SEADIST (IDCARGOSITEFROM, IDCARGOSITETO, DISTANCE) VALUES (14, 26, 6789);
    INSERT INTO SEADIST (IDCARGOSITEFROM, IDCARGOSITETO, DISTANCE) VALUES (14, 35, 6824);
    INSERT INTO SEADIST (IDCARGOSITEFROM, IDCARGOSITETO, DISTANCE) VALUES (14, 67, 6945);
    INSERT INTO SEADIST (IDCARGOSITEFROM, IDCARGOSITETO, DISTANCE) VALUES (14, 66, 7214);
    INSERT INTO SEADIST (IDCARGOSITEFROM, IDCARGOSITETO, DISTANCE) VALUES (14, 34, 7348);
    INSERT INTO SEADIST (IDCARGOSITEFROM, IDCARGOSITETO, DISTANCE) VALUES (14, 36, 7348);
    INSERT INTO SEADIST (IDCARGOSITEFROM, IDCARGOSITETO, DISTANCE) VALUES (14, 53, 7348);
    INSERT INTO SEADIST (IDCARGOSITEFROM, IDCARGOSITETO, DISTANCE) VALUES (14, 2, 7489);
    INSERT INTO SEADIST (IDCARGOSITEFROM, IDCARGOSITETO, DISTANCE) VALUES (14, 47, 7665);
    INSERT INTO SEADIST (IDCARGOSITEFROM, IDCARGOSITETO, DISTANCE) VALUES (14, 16, 7700);
    INSERT INTO SEADIST (IDCARGOSITEFROM, IDCARGOSITETO, DISTANCE) VALUES (14, 25, 7824);
    INSERT INTO SEADIST (IDCARGOSITEFROM, IDCARGOSITETO, DISTANCE) VALUES (14, 23, 7895);
    INSERT INTO SEADIST (IDCARGOSITEFROM, IDCARGOSITETO, DISTANCE) VALUES (15, 18, 276);
    INSERT INTO SEADIST (IDCARGOSITEFROM, IDCARGOSITETO, DISTANCE) VALUES (15, 6, 315);
    INSERT INTO SEADIST (IDCARGOSITEFROM, IDCARGOSITETO, DISTANCE) VALUES (15, 56, 452);
    INSERT INTO SEADIST (IDCARGOSITEFROM, IDCARGOSITETO, DISTANCE) VALUES (15, 22, 795);
    INSERT INTO SEADIST (IDCARGOSITEFROM, IDCARGOSITETO, DISTANCE) VALUES (15, 19, 1056);
    INSERT INTO SEADIST (IDCARGOSITEFROM, IDCARGOSITETO, DISTANCE) VALUES (15, 29, 1152);
    INSERT INTO SEADIST (IDCARGOSITEFROM, IDCARGOSITETO, DISTANCE) VALUES (15, 57, 1204);
    INSERT INTO SEADIST (IDCARGOSITEFROM, IDCARGOSITETO, DISTANCE) VALUES (15, 74, 1506);
    INSERT INTO SEADIST (IDCARGOSITEFROM, IDCARGOSITETO, DISTANCE) VALUES (15, 14, 1655);
    INSERT INTO SEADIST (IDCARGOSITEFROM, IDCARGOSITETO, DISTANCE) VALUES (15, 51, 1857);
    INSERT INTO SEADIST (IDCARGOSITEFROM, IDCARGOSITETO, DISTANCE) VALUES (15, 44, 2040);
    INSERT INTO SEADIST (IDCARGOSITEFROM, IDCARGOSITETO, DISTANCE) VALUES (15, 46, 2090);
    INSERT INTO SEADIST (IDCARGOSITEFROM, IDCARGOSITETO, DISTANCE) VALUES (15, 42, 3227);
    INSERT INTO SEADIST (IDCARGOSITEFROM, IDCARGOSITETO, DISTANCE) VALUES (15, 24, 3513);
    INSERT INTO SEADIST (IDCARGOSITEFROM, IDCARGOSITETO, DISTANCE) VALUES (15, 64, 3947);
    INSERT INTO SEADIST (IDCARGOSITEFROM, IDCARGOSITETO, DISTANCE) VALUES (15, 39, 3976);
    INSERT INTO SEADIST (IDCARGOSITEFROM, IDCARGOSITETO, DISTANCE) VALUES (15, 11, 4203);
    INSERT INTO SEADIST (IDCARGOSITEFROM, IDCARGOSITETO, DISTANCE) VALUES (15, 20, 4257);
    INSERT INTO SEADIST (IDCARGOSITEFROM, IDCARGOSITETO, DISTANCE) VALUES (15, 40, 4336);
    INSERT INTO SEADIST (IDCARGOSITEFROM, IDCARGOSITETO, DISTANCE) VALUES (15, 69, 4486);
    INSERT INTO SEADIST (IDCARGOSITEFROM, IDCARGOSITETO, DISTANCE) VALUES (15, 21, 4492);
    INSERT INTO SEADIST (IDCARGOSITEFROM, IDCARGOSITETO, DISTANCE) VALUES (15, 75, 4541);
    INSERT INTO SEADIST (IDCARGOSITEFROM, IDCARGOSITETO, DISTANCE) VALUES (15, 41, 4545);
    INSERT INTO SEADIST (IDCARGOSITEFROM, IDCARGOSITETO, DISTANCE) VALUES (15, 7, 4614);
    INSERT INTO SEADIST (IDCARGOSITEFROM, IDCARGOSITETO, DISTANCE) VALUES (15, 9, 4647);
    INSERT INTO SEADIST (IDCARGOSITEFROM, IDCARGOSITETO, DISTANCE) VALUES (15, 43, 4830);
    INSERT INTO SEADIST (IDCARGOSITEFROM, IDCARGOSITETO, DISTANCE) VALUES (15, 31, 4839);
    INSERT INTO SEADIST (IDCARGOSITEFROM, IDCARGOSITETO, DISTANCE) VALUES (15, 48, 4868);
    INSERT INTO SEADIST (IDCARGOSITEFROM, IDCARGOSITETO, DISTANCE) VALUES (15, 1, 4933);
    INSERT INTO SEADIST (IDCARGOSITEFROM, IDCARGOSITETO, DISTANCE) VALUES (15, 27, 4946);
    INSERT INTO SEADIST (IDCARGOSITEFROM, IDCARGOSITETO, DISTANCE) VALUES (15, 17, 4957);
    INSERT INTO SEADIST (IDCARGOSITEFROM, IDCARGOSITETO, DISTANCE) VALUES (15, 49, 5014);
    INSERT INTO SEADIST (IDCARGOSITEFROM, IDCARGOSITETO, DISTANCE) VALUES (15, 50, 5054);
    INSERT INTO SEADIST (IDCARGOSITEFROM, IDCARGOSITETO, DISTANCE) VALUES (15, 60, 5066);
    INSERT INTO SEADIST (IDCARGOSITEFROM, IDCARGOSITETO, DISTANCE) VALUES (15, 26, 5223);
    INSERT INTO SEADIST (IDCARGOSITEFROM, IDCARGOSITETO, DISTANCE) VALUES (15, 35, 5258);
    INSERT INTO SEADIST (IDCARGOSITEFROM, IDCARGOSITETO, DISTANCE) VALUES (15, 67, 5379);
    INSERT INTO SEADIST (IDCARGOSITEFROM, IDCARGOSITETO, DISTANCE) VALUES (15, 68, 5486);
    INSERT INTO SEADIST (IDCARGOSITEFROM, IDCARGOSITETO, DISTANCE) VALUES (15, 32, 5507);
    INSERT INTO SEADIST (IDCARGOSITEFROM, IDCARGOSITETO, DISTANCE) VALUES (15, 37, 5562);
    INSERT INTO SEADIST (IDCARGOSITEFROM, IDCARGOSITETO, DISTANCE) VALUES (15, 52, 5580);
    INSERT INTO SEADIST (IDCARGOSITEFROM, IDCARGOSITETO, DISTANCE) VALUES (15, 65, 5587);
    INSERT INTO SEADIST (IDCARGOSITEFROM, IDCARGOSITETO, DISTANCE) VALUES (15, 4, 5588);
    INSERT INTO SEADIST (IDCARGOSITEFROM, IDCARGOSITETO, DISTANCE) VALUES (15, 66, 5648);
    INSERT INTO SEADIST (IDCARGOSITEFROM, IDCARGOSITETO, DISTANCE) VALUES (15, 58, 5707);
    INSERT INTO SEADIST (IDCARGOSITEFROM, IDCARGOSITETO, DISTANCE) VALUES (15, 34, 5743);
    INSERT INTO SEADIST (IDCARGOSITEFROM, IDCARGOSITETO, DISTANCE) VALUES (15, 36, 5743);
    INSERT INTO SEADIST (IDCARGOSITEFROM, IDCARGOSITETO, DISTANCE) VALUES (15, 53, 5743);
    INSERT INTO SEADIST (IDCARGOSITEFROM, IDCARGOSITETO, DISTANCE) VALUES (15, 73, 5763);
    INSERT INTO SEADIST (IDCARGOSITEFROM, IDCARGOSITETO, DISTANCE) VALUES (15, 2, 5884);
    INSERT INTO SEADIST (IDCARGOSITEFROM, IDCARGOSITETO, DISTANCE) VALUES (15, 38, 6020);
    INSERT INTO SEADIST (IDCARGOSITEFROM, IDCARGOSITETO, DISTANCE) VALUES (15, 47, 6060);
    INSERT INTO SEADIST (IDCARGOSITEFROM, IDCARGOSITETO, DISTANCE) VALUES (15, 16, 6095);
    INSERT INTO SEADIST (IDCARGOSITEFROM, IDCARGOSITETO, DISTANCE) VALUES (15, 25, 6219);
    INSERT INTO SEADIST (IDCARGOSITEFROM, IDCARGOSITETO, DISTANCE) VALUES (15, 23, 6290);
    INSERT INTO SEADIST (IDCARGOSITEFROM, IDCARGOSITETO, DISTANCE) VALUES (15, 8, 6485);
    INSERT INTO SEADIST (IDCARGOSITEFROM, IDCARGOSITETO, DISTANCE) VALUES (15, 55, 6502);
    INSERT INTO SEADIST (IDCARGOSITEFROM, IDCARGOSITETO, DISTANCE) VALUES (16, 25, 143);
    INSERT INTO SEADIST (IDCARGOSITEFROM, IDCARGOSITETO, DISTANCE) VALUES (16, 2, 211);
    INSERT INTO SEADIST (IDCARGOSITEFROM, IDCARGOSITETO, DISTANCE) VALUES (16, 23, 307);
    INSERT INTO SEADIST (IDCARGOSITEFROM, IDCARGOSITETO, DISTANCE) VALUES (16, 47, 946);
    INSERT INTO SEADIST (IDCARGOSITEFROM, IDCARGOSITETO, DISTANCE) VALUES (16, 34, 1344);
    INSERT INTO SEADIST (IDCARGOSITEFROM, IDCARGOSITETO, DISTANCE) VALUES (16, 36, 1344);
    INSERT INTO SEADIST (IDCARGOSITEFROM, IDCARGOSITETO, DISTANCE) VALUES (16, 53, 1344);
    INSERT INTO SEADIST (IDCARGOSITEFROM, IDCARGOSITETO, DISTANCE) VALUES (16, 7, 1665);
    INSERT INTO SEADIST (IDCARGOSITEFROM, IDCARGOSITETO, DISTANCE) VALUES (16, 69, 1746);
    INSERT INTO SEADIST (IDCARGOSITEFROM, IDCARGOSITETO, DISTANCE) VALUES (16, 40, 3262);
    INSERT INTO SEADIST (IDCARGOSITEFROM, IDCARGOSITETO, DISTANCE) VALUES (16, 41, 3316);
    INSERT INTO SEADIST (IDCARGOSITEFROM, IDCARGOSITETO, DISTANCE) VALUES (16, 43, 3792);
    INSERT INTO SEADIST (IDCARGOSITEFROM, IDCARGOSITETO, DISTANCE) VALUES (16, 35, 4209);
    INSERT INTO SEADIST (IDCARGOSITEFROM, IDCARGOSITETO, DISTANCE) VALUES (16, 67, 4330);
    INSERT INTO SEADIST (IDCARGOSITEFROM, IDCARGOSITETO, DISTANCE) VALUES (16, 66, 4599);
    INSERT INTO SEADIST (IDCARGOSITEFROM, IDCARGOSITETO, DISTANCE) VALUES (16, 51, 5209);
    INSERT INTO SEADIST (IDCARGOSITEFROM, IDCARGOSITETO, DISTANCE) VALUES (16, 49, 7188);
    INSERT INTO SEADIST (IDCARGOSITEFROM, IDCARGOSITETO, DISTANCE) VALUES (16, 42, 9272);
    INSERT INTO SEADIST (IDCARGOSITEFROM, IDCARGOSITETO, DISTANCE) VALUES (17, 60, 108);
    INSERT INTO SEADIST (IDCARGOSITEFROM, IDCARGOSITETO, DISTANCE) VALUES (17, 43, 174);
    INSERT INTO SEADIST (IDCARGOSITEFROM, IDCARGOSITETO, DISTANCE) VALUES (12, 74, 1803);
    INSERT INTO SEADIST (IDCARGOSITEFROM, IDCARGOSITETO, DISTANCE) VALUES (12, 44, 1854);
    INSERT INTO SEADIST (IDCARGOSITEFROM, IDCARGOSITETO, DISTANCE) VALUES (17, 31, 252);
    INSERT INTO SEADIST (IDCARGOSITEFROM, IDCARGOSITETO, DISTANCE) VALUES (17, 26, 274);
    INSERT INTO SEADIST (IDCARGOSITEFROM, IDCARGOSITETO, DISTANCE) VALUES (17, 35, 307);
    INSERT INTO SEADIST (IDCARGOSITEFROM, IDCARGOSITETO, DISTANCE) VALUES (17, 67, 427);
    INSERT INTO SEADIST (IDCARGOSITEFROM, IDCARGOSITETO, DISTANCE) VALUES (17, 9, 457);
    INSERT INTO SEADIST (IDCARGOSITEFROM, IDCARGOSITETO, DISTANCE) VALUES (17, 68, 533);
    INSERT INTO SEADIST (IDCARGOSITEFROM, IDCARGOSITETO, DISTANCE) VALUES (17, 32, 555);
    INSERT INTO SEADIST (IDCARGOSITEFROM, IDCARGOSITETO, DISTANCE) VALUES (17, 37, 610);
    INSERT INTO SEADIST (IDCARGOSITEFROM, IDCARGOSITETO, DISTANCE) VALUES (17, 75, 654);
    INSERT INTO SEADIST (IDCARGOSITEFROM, IDCARGOSITETO, DISTANCE) VALUES (17, 21, 692);
    INSERT INTO SEADIST (IDCARGOSITEFROM, IDCARGOSITETO, DISTANCE) VALUES (17, 66, 699);
    INSERT INTO SEADIST (IDCARGOSITEFROM, IDCARGOSITETO, DISTANCE) VALUES (17, 41, 705);
    INSERT INTO SEADIST (IDCARGOSITEFROM, IDCARGOSITETO, DISTANCE) VALUES (17, 20, 1020);
    INSERT INTO SEADIST (IDCARGOSITEFROM, IDCARGOSITETO, DISTANCE) VALUES (17, 11, 1028);
    INSERT INTO SEADIST (IDCARGOSITEFROM, IDCARGOSITETO, DISTANCE) VALUES (17, 40, 1050);
    INSERT INTO SEADIST (IDCARGOSITEFROM, IDCARGOSITETO, DISTANCE) VALUES (17, 50, 1059);
    INSERT INTO SEADIST (IDCARGOSITEFROM, IDCARGOSITETO, DISTANCE) VALUES (17, 39, 1481);
    INSERT INTO SEADIST (IDCARGOSITEFROM, IDCARGOSITETO, DISTANCE) VALUES (17, 64, 1663);
    INSERT INTO SEADIST (IDCARGOSITEFROM, IDCARGOSITETO, DISTANCE) VALUES (17, 24, 2082);
    INSERT INTO SEADIST (IDCARGOSITEFROM, IDCARGOSITETO, DISTANCE) VALUES (17, 69, 2299);
    INSERT INTO SEADIST (IDCARGOSITEFROM, IDCARGOSITETO, DISTANCE) VALUES (17, 7, 2427);
    INSERT INTO SEADIST (IDCARGOSITEFROM, IDCARGOSITETO, DISTANCE) VALUES (17, 48, 2681);
    INSERT INTO SEADIST (IDCARGOSITEFROM, IDCARGOSITETO, DISTANCE) VALUES (17, 27, 2759);
    INSERT INTO SEADIST (IDCARGOSITEFROM, IDCARGOSITETO, DISTANCE) VALUES (17, 52, 3393);
    INSERT INTO SEADIST (IDCARGOSITEFROM, IDCARGOSITETO, DISTANCE) VALUES (17, 4, 3401);
    INSERT INTO SEADIST (IDCARGOSITEFROM, IDCARGOSITETO, DISTANCE) VALUES (17, 34, 3556);
    INSERT INTO SEADIST (IDCARGOSITEFROM, IDCARGOSITETO, DISTANCE) VALUES (17, 36, 3556);
    INSERT INTO SEADIST (IDCARGOSITEFROM, IDCARGOSITETO, DISTANCE) VALUES (17, 53, 3556);
    INSERT INTO SEADIST (IDCARGOSITEFROM, IDCARGOSITETO, DISTANCE) VALUES (17, 73, 3576);
    INSERT INTO SEADIST (IDCARGOSITEFROM, IDCARGOSITETO, DISTANCE) VALUES (17, 51, 3682);
    INSERT INTO SEADIST (IDCARGOSITEFROM, IDCARGOSITETO, DISTANCE) VALUES (17, 2, 3697);
    INSERT INTO SEADIST (IDCARGOSITEFROM, IDCARGOSITETO, DISTANCE) VALUES (17, 47, 3873);
    INSERT INTO SEADIST (IDCARGOSITEFROM, IDCARGOSITETO, DISTANCE) VALUES (17, 16, 3908);
    INSERT INTO SEADIST (IDCARGOSITEFROM, IDCARGOSITETO, DISTANCE) VALUES (17, 25, 4032);
    INSERT INTO SEADIST (IDCARGOSITEFROM, IDCARGOSITETO, DISTANCE) VALUES (17, 23, 4103);
    INSERT INTO SEADIST (IDCARGOSITEFROM, IDCARGOSITETO, DISTANCE) VALUES (17, 8, 4298);
    INSERT INTO SEADIST (IDCARGOSITEFROM, IDCARGOSITETO, DISTANCE) VALUES (17, 55, 4315);
    INSERT INTO SEADIST (IDCARGOSITEFROM, IDCARGOSITETO, DISTANCE) VALUES (17, 18, 5144);
    INSERT INTO SEADIST (IDCARGOSITEFROM, IDCARGOSITETO, DISTANCE) VALUES (17, 6, 5183);
    INSERT INTO SEADIST (IDCARGOSITEFROM, IDCARGOSITETO, DISTANCE) VALUES (17, 74, 5369);
    INSERT INTO SEADIST (IDCARGOSITEFROM, IDCARGOSITETO, DISTANCE) VALUES (17, 22, 5663);
    INSERT INTO SEADIST (IDCARGOSITEFROM, IDCARGOSITETO, DISTANCE) VALUES (17, 19, 5924);
    INSERT INTO SEADIST (IDCARGOSITEFROM, IDCARGOSITETO, DISTANCE) VALUES (17, 29, 6020);
    INSERT INTO SEADIST (IDCARGOSITEFROM, IDCARGOSITETO, DISTANCE) VALUES (17, 57, 6072);
    INSERT INTO SEADIST (IDCARGOSITEFROM, IDCARGOSITETO, DISTANCE) VALUES (17, 14, 6523);
    INSERT INTO SEADIST (IDCARGOSITEFROM, IDCARGOSITETO, DISTANCE) VALUES (17, 49, 6795);
    INSERT INTO SEADIST (IDCARGOSITEFROM, IDCARGOSITETO, DISTANCE) VALUES (17, 44, 6908);
    INSERT INTO SEADIST (IDCARGOSITEFROM, IDCARGOSITETO, DISTANCE) VALUES (17, 46, 6958);
    INSERT INTO SEADIST (IDCARGOSITEFROM, IDCARGOSITETO, DISTANCE) VALUES (17, 42, 8095);
    INSERT INTO SEADIST (IDCARGOSITEFROM, IDCARGOSITETO, DISTANCE) VALUES (18, 14, 1379);
    INSERT INTO SEADIST (IDCARGOSITEFROM, IDCARGOSITETO, DISTANCE) VALUES (18, 46, 1814);
    INSERT INTO SEADIST (IDCARGOSITEFROM, IDCARGOSITETO, DISTANCE) VALUES (18, 51, 1979);
    INSERT INTO SEADIST (IDCARGOSITEFROM, IDCARGOSITETO, DISTANCE) VALUES (18, 42, 2951);
    INSERT INTO SEADIST (IDCARGOSITEFROM, IDCARGOSITETO, DISTANCE) VALUES (18, 64, 4170);
    INSERT INTO SEADIST (IDCARGOSITEFROM, IDCARGOSITETO, DISTANCE) VALUES (18, 39, 4190);
    INSERT INTO SEADIST (IDCARGOSITEFROM, IDCARGOSITETO, DISTANCE) VALUES (18, 40, 4540);
    INSERT INTO SEADIST (IDCARGOSITEFROM, IDCARGOSITETO, DISTANCE) VALUES (18, 69, 4712);
    INSERT INTO SEADIST (IDCARGOSITEFROM, IDCARGOSITETO, DISTANCE) VALUES (18, 41, 4760);
    INSERT INTO SEADIST (IDCARGOSITEFROM, IDCARGOSITETO, DISTANCE) VALUES (18, 7, 4840);
    INSERT INTO SEADIST (IDCARGOSITEFROM, IDCARGOSITETO, DISTANCE) VALUES (18, 43, 5017);
    INSERT INTO SEADIST (IDCARGOSITEFROM, IDCARGOSITETO, DISTANCE) VALUES (18, 49, 5247);
    INSERT INTO SEADIST (IDCARGOSITEFROM, IDCARGOSITETO, DISTANCE) VALUES (18, 26, 5410);
    INSERT INTO SEADIST (IDCARGOSITEFROM, IDCARGOSITETO, DISTANCE) VALUES (18, 35, 5445);
    INSERT INTO SEADIST (IDCARGOSITEFROM, IDCARGOSITETO, DISTANCE) VALUES (18, 67, 5566);
    INSERT INTO SEADIST (IDCARGOSITEFROM, IDCARGOSITETO, DISTANCE) VALUES (18, 66, 5835);
    INSERT INTO SEADIST (IDCARGOSITEFROM, IDCARGOSITETO, DISTANCE) VALUES (18, 34, 5969);
    INSERT INTO SEADIST (IDCARGOSITEFROM, IDCARGOSITETO, DISTANCE) VALUES (18, 36, 5969);
    INSERT INTO SEADIST (IDCARGOSITEFROM, IDCARGOSITETO, DISTANCE) VALUES (18, 53, 5969);
    INSERT INTO SEADIST (IDCARGOSITEFROM, IDCARGOSITETO, DISTANCE) VALUES (18, 2, 6110);
    INSERT INTO SEADIST (IDCARGOSITEFROM, IDCARGOSITETO, DISTANCE) VALUES (18, 47, 6286);
    INSERT INTO SEADIST (IDCARGOSITEFROM, IDCARGOSITETO, DISTANCE) VALUES (18, 16, 6321);
    INSERT INTO SEADIST (IDCARGOSITEFROM, IDCARGOSITETO, DISTANCE) VALUES (18, 25, 6445);
    INSERT INTO SEADIST (IDCARGOSITEFROM, IDCARGOSITETO, DISTANCE) VALUES (18, 23, 6516);
    INSERT INTO SEADIST (IDCARGOSITEFROM, IDCARGOSITETO, DISTANCE) VALUES (19, 57, 202);
    INSERT INTO SEADIST (IDCARGOSITEFROM, IDCARGOSITETO, DISTANCE) VALUES (19, 6, 741);
    INSERT INTO SEADIST (IDCARGOSITEFROM, IDCARGOSITETO, DISTANCE) VALUES (19, 18, 780);
    INSERT INTO SEADIST (IDCARGOSITEFROM, IDCARGOSITETO, DISTANCE) VALUES (19, 44, 1055);
    INSERT INTO SEADIST (IDCARGOSITEFROM, IDCARGOSITETO, DISTANCE) VALUES (19, 14, 1664);
    INSERT INTO SEADIST (IDCARGOSITEFROM, IDCARGOSITETO, DISTANCE) VALUES (19, 46, 2099);
    INSERT INTO SEADIST (IDCARGOSITEFROM, IDCARGOSITETO, DISTANCE) VALUES (19, 74, 2190);
    INSERT INTO SEADIST (IDCARGOSITEFROM, IDCARGOSITETO, DISTANCE) VALUES (19, 42, 2245);
    INSERT INTO SEADIST (IDCARGOSITEFROM, IDCARGOSITETO, DISTANCE) VALUES (19, 51, 2759);
    INSERT INTO SEADIST (IDCARGOSITEFROM, IDCARGOSITETO, DISTANCE) VALUES (19, 24, 4519);
    INSERT INTO SEADIST (IDCARGOSITEFROM, IDCARGOSITETO, DISTANCE) VALUES (19, 64, 4950);
    INSERT INTO SEADIST (IDCARGOSITEFROM, IDCARGOSITETO, DISTANCE) VALUES (19, 39, 4970);
    INSERT INTO SEADIST (IDCARGOSITEFROM, IDCARGOSITETO, DISTANCE) VALUES (19, 11, 5197);
    INSERT INTO SEADIST (IDCARGOSITEFROM, IDCARGOSITETO, DISTANCE) VALUES (19, 20, 5241);
    INSERT INTO SEADIST (IDCARGOSITEFROM, IDCARGOSITETO, DISTANCE) VALUES (19, 40, 5320);
    INSERT INTO SEADIST (IDCARGOSITEFROM, IDCARGOSITETO, DISTANCE) VALUES (19, 21, 5487);
    INSERT INTO SEADIST (IDCARGOSITEFROM, IDCARGOSITETO, DISTANCE) VALUES (19, 69, 5492);
    INSERT INTO SEADIST (IDCARGOSITEFROM, IDCARGOSITETO, DISTANCE) VALUES (19, 49, 5522);
    INSERT INTO SEADIST (IDCARGOSITEFROM, IDCARGOSITETO, DISTANCE) VALUES (19, 75, 5536);
    INSERT INTO SEADIST (IDCARGOSITEFROM, IDCARGOSITETO, DISTANCE) VALUES (19, 41, 5540);
    INSERT INTO SEADIST (IDCARGOSITEFROM, IDCARGOSITETO, DISTANCE) VALUES (19, 9, 5614);
    INSERT INTO SEADIST (IDCARGOSITEFROM, IDCARGOSITETO, DISTANCE) VALUES (19, 7, 5620);
    INSERT INTO SEADIST (IDCARGOSITEFROM, IDCARGOSITETO, DISTANCE) VALUES (19, 43, 5797);
    INSERT INTO SEADIST (IDCARGOSITEFROM, IDCARGOSITETO, DISTANCE) VALUES (19, 31, 5834);
    INSERT INTO SEADIST (IDCARGOSITEFROM, IDCARGOSITETO, DISTANCE) VALUES (19, 48, 5874);
    INSERT INTO SEADIST (IDCARGOSITEFROM, IDCARGOSITETO, DISTANCE) VALUES (19, 27, 5952);
    INSERT INTO SEADIST (IDCARGOSITEFROM, IDCARGOSITETO, DISTANCE) VALUES (19, 50, 6015);
    INSERT INTO SEADIST (IDCARGOSITEFROM, IDCARGOSITETO, DISTANCE) VALUES (19, 60, 6033);
    INSERT INTO SEADIST (IDCARGOSITEFROM, IDCARGOSITETO, DISTANCE) VALUES (19, 26, 6190);
    INSERT INTO SEADIST (IDCARGOSITEFROM, IDCARGOSITETO, DISTANCE) VALUES (19, 35, 6225);
    INSERT INTO SEADIST (IDCARGOSITEFROM, IDCARGOSITETO, DISTANCE) VALUES (19, 67, 6346);
    INSERT INTO SEADIST (IDCARGOSITEFROM, IDCARGOSITETO, DISTANCE) VALUES (19, 68, 6453);
    INSERT INTO SEADIST (IDCARGOSITEFROM, IDCARGOSITETO, DISTANCE) VALUES (19, 32, 6474);
    INSERT INTO SEADIST (IDCARGOSITEFROM, IDCARGOSITETO, DISTANCE) VALUES (19, 37, 6529);
    INSERT INTO SEADIST (IDCARGOSITEFROM, IDCARGOSITETO, DISTANCE) VALUES (19, 52, 6586);
    INSERT INTO SEADIST (IDCARGOSITEFROM, IDCARGOSITETO, DISTANCE) VALUES (19, 4, 6594);
    INSERT INTO SEADIST (IDCARGOSITEFROM, IDCARGOSITETO, DISTANCE) VALUES (19, 66, 6615);
    INSERT INTO SEADIST (IDCARGOSITEFROM, IDCARGOSITETO, DISTANCE) VALUES (19, 34, 6749);
    INSERT INTO SEADIST (IDCARGOSITEFROM, IDCARGOSITETO, DISTANCE) VALUES (19, 36, 6749);
    INSERT INTO SEADIST (IDCARGOSITEFROM, IDCARGOSITETO, DISTANCE) VALUES (19, 53, 6749);
    INSERT INTO SEADIST (IDCARGOSITEFROM, IDCARGOSITETO, DISTANCE) VALUES (19, 73, 6769);
    INSERT INTO SEADIST (IDCARGOSITEFROM, IDCARGOSITETO, DISTANCE) VALUES (19, 2, 6890);
    INSERT INTO SEADIST (IDCARGOSITEFROM, IDCARGOSITETO, DISTANCE) VALUES (19, 47, 7066);
    INSERT INTO SEADIST (IDCARGOSITEFROM, IDCARGOSITETO, DISTANCE) VALUES (19, 16, 7101);
    INSERT INTO SEADIST (IDCARGOSITEFROM, IDCARGOSITETO, DISTANCE) VALUES (19, 25, 7225);
    INSERT INTO SEADIST (IDCARGOSITEFROM, IDCARGOSITETO, DISTANCE) VALUES (19, 23, 7296);
    INSERT INTO SEADIST (IDCARGOSITEFROM, IDCARGOSITETO, DISTANCE) VALUES (19, 8, 7491);
    INSERT INTO SEADIST (IDCARGOSITEFROM, IDCARGOSITETO, DISTANCE) VALUES (19, 55, 7508);
    INSERT INTO SEADIST (IDCARGOSITEFROM, IDCARGOSITETO, DISTANCE) VALUES (20, 40, 117);
    INSERT INTO SEADIST (IDCARGOSITEFROM, IDCARGOSITETO, DISTANCE) VALUES (20, 75, 583);
    INSERT INTO SEADIST (IDCARGOSITEFROM, IDCARGOSITETO, DISTANCE) VALUES (20, 41, 587);
    INSERT INTO SEADIST (IDCARGOSITEFROM, IDCARGOSITETO, DISTANCE) VALUES (20, 9, 710);
    INSERT INTO SEADIST (IDCARGOSITEFROM, IDCARGOSITETO, DISTANCE) VALUES (20, 39, 763);
    INSERT INTO SEADIST (IDCARGOSITEFROM, IDCARGOSITETO, DISTANCE) VALUES (20, 43, 893);
    INSERT INTO SEADIST (IDCARGOSITEFROM, IDCARGOSITETO, DISTANCE) VALUES (20, 64, 945);
    INSERT INTO SEADIST (IDCARGOSITEFROM, IDCARGOSITETO, DISTANCE) VALUES (20, 50, 1209);
    INSERT INTO SEADIST (IDCARGOSITEFROM, IDCARGOSITETO, DISTANCE) VALUES (20, 26, 1286);
    INSERT INTO SEADIST (IDCARGOSITEFROM, IDCARGOSITETO, DISTANCE) VALUES (20, 35, 1321);
    INSERT INTO SEADIST (IDCARGOSITEFROM, IDCARGOSITETO, DISTANCE) VALUES (20, 24, 1350);
    INSERT INTO SEADIST (IDCARGOSITEFROM, IDCARGOSITETO, DISTANCE) VALUES (20, 67, 1442);
    INSERT INTO SEADIST (IDCARGOSITEFROM, IDCARGOSITETO, DISTANCE) VALUES (20, 69, 1583);
    INSERT INTO SEADIST (IDCARGOSITEFROM, IDCARGOSITETO, DISTANCE) VALUES (20, 7, 1711);
    INSERT INTO SEADIST (IDCARGOSITEFROM, IDCARGOSITETO, DISTANCE) VALUES (20, 66, 1711);
    INSERT INTO SEADIST (IDCARGOSITEFROM, IDCARGOSITETO, DISTANCE) VALUES (20, 48, 1965);
    INSERT INTO SEADIST (IDCARGOSITEFROM, IDCARGOSITETO, DISTANCE) VALUES (20, 27, 2043);
    INSERT INTO SEADIST (IDCARGOSITEFROM, IDCARGOSITETO, DISTANCE) VALUES (20, 34, 2840);
    INSERT INTO SEADIST (IDCARGOSITEFROM, IDCARGOSITETO, DISTANCE) VALUES (20, 36, 2840);
    INSERT INTO SEADIST (IDCARGOSITEFROM, IDCARGOSITETO, DISTANCE) VALUES (20, 53, 2840);
    INSERT INTO SEADIST (IDCARGOSITEFROM, IDCARGOSITETO, DISTANCE) VALUES (20, 73, 2860);
    INSERT INTO SEADIST (IDCARGOSITEFROM, IDCARGOSITETO, DISTANCE) VALUES (20, 2, 2981);
    INSERT INTO SEADIST (IDCARGOSITEFROM, IDCARGOSITETO, DISTANCE) VALUES (20, 51, 3036);
    INSERT INTO SEADIST (IDCARGOSITEFROM, IDCARGOSITETO, DISTANCE) VALUES (20, 47, 3157);
    INSERT INTO SEADIST (IDCARGOSITEFROM, IDCARGOSITETO, DISTANCE) VALUES (20, 16, 3192);
    INSERT INTO SEADIST (IDCARGOSITEFROM, IDCARGOSITETO, DISTANCE) VALUES (20, 25, 3316);
    INSERT INTO SEADIST (IDCARGOSITEFROM, IDCARGOSITETO, DISTANCE) VALUES (20, 23, 3387);
    INSERT INTO SEADIST (IDCARGOSITEFROM, IDCARGOSITETO, DISTANCE) VALUES (20, 18, 4461);
    INSERT INTO SEADIST (IDCARGOSITEFROM, IDCARGOSITETO, DISTANCE) VALUES (20, 6, 4500);
    INSERT INTO SEADIST (IDCARGOSITEFROM, IDCARGOSITETO, DISTANCE) VALUES (20, 74, 4757);
    INSERT INTO SEADIST (IDCARGOSITEFROM, IDCARGOSITETO, DISTANCE) VALUES (20, 14, 5840);
    INSERT INTO SEADIST (IDCARGOSITEFROM, IDCARGOSITETO, DISTANCE) VALUES (20, 49, 6055);
    INSERT INTO SEADIST (IDCARGOSITEFROM, IDCARGOSITETO, DISTANCE) VALUES (20, 44, 6225);
    INSERT INTO SEADIST (IDCARGOSITEFROM, IDCARGOSITETO, DISTANCE) VALUES (20, 46, 6275);
    INSERT INTO SEADIST (IDCARGOSITEFROM, IDCARGOSITETO, DISTANCE) VALUES (20, 42, 7412);
    INSERT INTO SEADIST (IDCARGOSITEFROM, IDCARGOSITETO, DISTANCE) VALUES (21, 75, 96);
    INSERT INTO SEADIST (IDCARGOSITEFROM, IDCARGOSITETO, DISTANCE) VALUES (21, 41, 111);
    INSERT INTO SEADIST (IDCARGOSITEFROM, IDCARGOSITETO, DISTANCE) VALUES (21, 31, 394);
    INSERT INTO SEADIST (IDCARGOSITEFROM, IDCARGOSITETO, DISTANCE) VALUES (21, 20, 532);
    INSERT INTO SEADIST (IDCARGOSITEFROM, IDCARGOSITETO, DISTANCE) VALUES (21, 43, 576);
    INSERT INTO SEADIST (IDCARGOSITEFROM, IDCARGOSITETO, DISTANCE) VALUES (21, 9, 592);
    INSERT INTO SEADIST (IDCARGOSITEFROM, IDCARGOSITETO, DISTANCE) VALUES (21, 40, 597);
    INSERT INTO SEADIST (IDCARGOSITEFROM, IDCARGOSITETO, DISTANCE) VALUES (21, 60, 801);
    INSERT INTO SEADIST (IDCARGOSITEFROM, IDCARGOSITETO, DISTANCE) VALUES (21, 39, 831);
    INSERT INTO SEADIST (IDCARGOSITEFROM, IDCARGOSITETO, DISTANCE) VALUES (21, 26, 958);
    INSERT INTO SEADIST (IDCARGOSITEFROM, IDCARGOSITETO, DISTANCE) VALUES (21, 35, 993);
    INSERT INTO SEADIST (IDCARGOSITEFROM, IDCARGOSITETO, DISTANCE) VALUES (21, 64, 1013);
    INSERT INTO SEADIST (IDCARGOSITEFROM, IDCARGOSITETO, DISTANCE) VALUES (21, 67, 1114);
    INSERT INTO SEADIST (IDCARGOSITEFROM, IDCARGOSITETO, DISTANCE) VALUES (21, 50, 1188);
    INSERT INTO SEADIST (IDCARGOSITEFROM, IDCARGOSITETO, DISTANCE) VALUES (21, 66, 1383);
    INSERT INTO SEADIST (IDCARGOSITEFROM, IDCARGOSITETO, DISTANCE) VALUES (21, 24, 1432);
    INSERT INTO SEADIST (IDCARGOSITEFROM, IDCARGOSITETO, DISTANCE) VALUES (21, 69, 1649);
    INSERT INTO SEADIST (IDCARGOSITEFROM, IDCARGOSITETO, DISTANCE) VALUES (21, 7, 1777);
    INSERT INTO SEADIST (IDCARGOSITEFROM, IDCARGOSITETO, DISTANCE) VALUES (21, 48, 2031);
    INSERT INTO SEADIST (IDCARGOSITEFROM, IDCARGOSITETO, DISTANCE) VALUES (21, 27, 2109);
    INSERT INTO SEADIST (IDCARGOSITEFROM, IDCARGOSITETO, DISTANCE) VALUES (21, 52, 2743);
    INSERT INTO SEADIST (IDCARGOSITEFROM, IDCARGOSITETO, DISTANCE) VALUES (21, 4, 2751);
    INSERT INTO SEADIST (IDCARGOSITEFROM, IDCARGOSITETO, DISTANCE) VALUES (21, 34, 2906);
    INSERT INTO SEADIST (IDCARGOSITEFROM, IDCARGOSITETO, DISTANCE) VALUES (21, 36, 2906);
    INSERT INTO SEADIST (IDCARGOSITEFROM, IDCARGOSITETO, DISTANCE) VALUES (21, 53, 2906);
    INSERT INTO SEADIST (IDCARGOSITEFROM, IDCARGOSITETO, DISTANCE) VALUES (21, 73, 2926);
    INSERT INTO SEADIST (IDCARGOSITEFROM, IDCARGOSITETO, DISTANCE) VALUES (21, 2, 3047);
    INSERT INTO SEADIST (IDCARGOSITEFROM, IDCARGOSITETO, DISTANCE) VALUES (21, 47, 3223);
    INSERT INTO SEADIST (IDCARGOSITEFROM, IDCARGOSITETO, DISTANCE) VALUES (21, 16, 3258);
    INSERT INTO SEADIST (IDCARGOSITEFROM, IDCARGOSITETO, DISTANCE) VALUES (21, 51, 3296);
    INSERT INTO SEADIST (IDCARGOSITEFROM, IDCARGOSITETO, DISTANCE) VALUES (21, 25, 3382);
    INSERT INTO SEADIST (IDCARGOSITEFROM, IDCARGOSITETO, DISTANCE) VALUES (21, 23, 3453);
    INSERT INTO SEADIST (IDCARGOSITEFROM, IDCARGOSITETO, DISTANCE) VALUES (21, 8, 3648);
    INSERT INTO SEADIST (IDCARGOSITEFROM, IDCARGOSITETO, DISTANCE) VALUES (21, 55, 3665);
    INSERT INTO SEADIST (IDCARGOSITEFROM, IDCARGOSITETO, DISTANCE) VALUES (21, 18, 4707);
    INSERT INTO SEADIST (IDCARGOSITEFROM, IDCARGOSITETO, DISTANCE) VALUES (21, 6, 4746);
    INSERT INTO SEADIST (IDCARGOSITEFROM, IDCARGOSITETO, DISTANCE) VALUES (21, 74, 5010);
    INSERT INTO SEADIST (IDCARGOSITEFROM, IDCARGOSITETO, DISTANCE) VALUES (21, 57, 5635);
    INSERT INTO SEADIST (IDCARGOSITEFROM, IDCARGOSITETO, DISTANCE) VALUES (21, 14, 6086);
    INSERT INTO SEADIST (IDCARGOSITEFROM, IDCARGOSITETO, DISTANCE) VALUES (21, 49, 6145);
    INSERT INTO SEADIST (IDCARGOSITEFROM, IDCARGOSITETO, DISTANCE) VALUES (21, 44, 6471);
    INSERT INTO SEADIST (IDCARGOSITEFROM, IDCARGOSITETO, DISTANCE) VALUES (21, 46, 6521);
    INSERT INTO SEADIST (IDCARGOSITEFROM, IDCARGOSITETO, DISTANCE) VALUES (21, 42, 7658);
    INSERT INTO SEADIST (IDCARGOSITEFROM, IDCARGOSITETO, DISTANCE) VALUES (22, 29, 394);
    INSERT INTO SEADIST (IDCARGOSITEFROM, IDCARGOSITETO, DISTANCE) VALUES (22, 6, 480);
    INSERT INTO SEADIST (IDCARGOSITEFROM, IDCARGOSITETO, DISTANCE) VALUES (22, 18, 519);
    INSERT INTO SEADIST (IDCARGOSITEFROM, IDCARGOSITETO, DISTANCE) VALUES (22, 19, 898);
    INSERT INTO SEADIST (IDCARGOSITEFROM, IDCARGOSITETO, DISTANCE) VALUES (22, 14, 899);
    INSERT INTO SEADIST (IDCARGOSITEFROM, IDCARGOSITETO, DISTANCE) VALUES (22, 57, 1026);
    INSERT INTO SEADIST (IDCARGOSITEFROM, IDCARGOSITETO, DISTANCE) VALUES (22, 46, 1326);
    INSERT INTO SEADIST (IDCARGOSITEFROM, IDCARGOSITETO, DISTANCE) VALUES (22, 44, 1830);
    INSERT INTO SEADIST (IDCARGOSITEFROM, IDCARGOSITETO, DISTANCE) VALUES (22, 74, 1929);
    INSERT INTO SEADIST (IDCARGOSITEFROM, IDCARGOSITETO, DISTANCE) VALUES (22, 51, 2498);
    INSERT INTO SEADIST (IDCARGOSITEFROM, IDCARGOSITETO, DISTANCE) VALUES (22, 42, 3005);
    INSERT INTO SEADIST (IDCARGOSITEFROM, IDCARGOSITETO, DISTANCE) VALUES (22, 24, 4258);
    INSERT INTO SEADIST (IDCARGOSITEFROM, IDCARGOSITETO, DISTANCE) VALUES (22, 64, 4689);
    INSERT INTO SEADIST (IDCARGOSITEFROM, IDCARGOSITETO, DISTANCE) VALUES (22, 39, 4709);
    INSERT INTO SEADIST (IDCARGOSITEFROM, IDCARGOSITETO, DISTANCE) VALUES (22, 49, 4774);
    INSERT INTO SEADIST (IDCARGOSITEFROM, IDCARGOSITETO, DISTANCE) VALUES (22, 11, 4936);
    INSERT INTO SEADIST (IDCARGOSITEFROM, IDCARGOSITETO, DISTANCE) VALUES (22, 20, 4980);
    INSERT INTO SEADIST (IDCARGOSITEFROM, IDCARGOSITETO, DISTANCE) VALUES (22, 40, 5059);
    INSERT INTO SEADIST (IDCARGOSITEFROM, IDCARGOSITETO, DISTANCE) VALUES (22, 21, 5226);
    INSERT INTO SEADIST (IDCARGOSITEFROM, IDCARGOSITETO, DISTANCE) VALUES (22, 69, 5231);
    INSERT INTO SEADIST (IDCARGOSITEFROM, IDCARGOSITETO, DISTANCE) VALUES (22, 75, 5275);
    INSERT INTO SEADIST (IDCARGOSITEFROM, IDCARGOSITETO, DISTANCE) VALUES (22, 41, 5279);
    INSERT INTO SEADIST (IDCARGOSITEFROM, IDCARGOSITETO, DISTANCE) VALUES (22, 9, 5353);
    INSERT INTO SEADIST (IDCARGOSITEFROM, IDCARGOSITETO, DISTANCE) VALUES (22, 7, 5359);
    INSERT INTO SEADIST (IDCARGOSITEFROM, IDCARGOSITETO, DISTANCE) VALUES (22, 43, 5536);
    INSERT INTO SEADIST (IDCARGOSITEFROM, IDCARGOSITETO, DISTANCE) VALUES (22, 31, 5573);
    INSERT INTO SEADIST (IDCARGOSITEFROM, IDCARGOSITETO, DISTANCE) VALUES (22, 48, 5613);
    INSERT INTO SEADIST (IDCARGOSITEFROM, IDCARGOSITETO, DISTANCE) VALUES (22, 27, 5691);
    INSERT INTO SEADIST (IDCARGOSITEFROM, IDCARGOSITETO, DISTANCE) VALUES (22, 50, 5754);
    INSERT INTO SEADIST (IDCARGOSITEFROM, IDCARGOSITETO, DISTANCE) VALUES (22, 60, 5772);
    INSERT INTO SEADIST (IDCARGOSITEFROM, IDCARGOSITETO, DISTANCE) VALUES (22, 26, 5929);
    INSERT INTO SEADIST (IDCARGOSITEFROM, IDCARGOSITETO, DISTANCE) VALUES (22, 35, 5964);
    INSERT INTO SEADIST (IDCARGOSITEFROM, IDCARGOSITETO, DISTANCE) VALUES (22, 67, 6085);
    INSERT INTO SEADIST (IDCARGOSITEFROM, IDCARGOSITETO, DISTANCE) VALUES (22, 68, 6192);
    INSERT INTO SEADIST (IDCARGOSITEFROM, IDCARGOSITETO, DISTANCE) VALUES (22, 32, 6213);
    INSERT INTO SEADIST (IDCARGOSITEFROM, IDCARGOSITETO, DISTANCE) VALUES (22, 37, 6268);
    INSERT INTO SEADIST (IDCARGOSITEFROM, IDCARGOSITETO, DISTANCE) VALUES (22, 52, 6325);
    INSERT INTO SEADIST (IDCARGOSITEFROM, IDCARGOSITETO, DISTANCE) VALUES (22, 4, 6333);
    INSERT INTO SEADIST (IDCARGOSITEFROM, IDCARGOSITETO, DISTANCE) VALUES (22, 66, 6354);
    INSERT INTO SEADIST (IDCARGOSITEFROM, IDCARGOSITETO, DISTANCE) VALUES (22, 34, 6488);
    INSERT INTO SEADIST (IDCARGOSITEFROM, IDCARGOSITETO, DISTANCE) VALUES (22, 36, 6488);
    INSERT INTO SEADIST (IDCARGOSITEFROM, IDCARGOSITETO, DISTANCE) VALUES (22, 53, 6488);
    INSERT INTO SEADIST (IDCARGOSITEFROM, IDCARGOSITETO, DISTANCE) VALUES (22, 73, 6508);
    INSERT INTO SEADIST (IDCARGOSITEFROM, IDCARGOSITETO, DISTANCE) VALUES (22, 2, 6629);
    INSERT INTO SEADIST (IDCARGOSITEFROM, IDCARGOSITETO, DISTANCE) VALUES (22, 47, 6805);
    INSERT INTO SEADIST (IDCARGOSITEFROM, IDCARGOSITETO, DISTANCE) VALUES (22, 16, 6840);
    INSERT INTO SEADIST (IDCARGOSITEFROM, IDCARGOSITETO, DISTANCE) VALUES (22, 25, 6964);
    INSERT INTO SEADIST (IDCARGOSITEFROM, IDCARGOSITETO, DISTANCE) VALUES (22, 23, 7035);
    INSERT INTO SEADIST (IDCARGOSITEFROM, IDCARGOSITETO, DISTANCE) VALUES (22, 8, 7230);
    INSERT INTO SEADIST (IDCARGOSITEFROM, IDCARGOSITETO, DISTANCE) VALUES (22, 55, 7247);
    INSERT INTO SEADIST (IDCARGOSITEFROM, IDCARGOSITETO, DISTANCE) VALUES (23, 40, 3457);
    INSERT INTO SEADIST (IDCARGOSITEFROM, IDCARGOSITETO, DISTANCE) VALUES (23, 41, 3511);
    INSERT INTO SEADIST (IDCARGOSITEFROM, IDCARGOSITETO, DISTANCE) VALUES (23, 51, 5404);
    INSERT INTO SEADIST (IDCARGOSITEFROM, IDCARGOSITETO, DISTANCE) VALUES (23, 49, 7383);
    INSERT INTO SEADIST (IDCARGOSITEFROM, IDCARGOSITETO, DISTANCE) VALUES (23, 42, 9467);
    INSERT INTO SEADIST (IDCARGOSITEFROM, IDCARGOSITETO, DISTANCE) VALUES (24, 64, 536);
    INSERT INTO SEADIST (IDCARGOSITEFROM, IDCARGOSITETO, DISTANCE) VALUES (24, 39, 655);
    INSERT INTO SEADIST (IDCARGOSITEFROM, IDCARGOSITETO, DISTANCE) VALUES (24, 69, 995);
    INSERT INTO SEADIST (IDCARGOSITEFROM, IDCARGOSITETO, DISTANCE) VALUES (24, 2, 1059);
    INSERT INTO SEADIST (IDCARGOSITEFROM, IDCARGOSITETO, DISTANCE) VALUES (24, 7, 1123);
    INSERT INTO SEADIST (IDCARGOSITEFROM, IDCARGOSITETO, DISTANCE) VALUES (24, 47, 1225);
    INSERT INTO SEADIST (IDCARGOSITEFROM, IDCARGOSITETO, DISTANCE) VALUES (24, 48, 1377);
    INSERT INTO SEADIST (IDCARGOSITEFROM, IDCARGOSITETO, DISTANCE) VALUES (24, 40, 1429);
    INSERT INTO SEADIST (IDCARGOSITEFROM, IDCARGOSITETO, DISTANCE) VALUES (24, 23, 1465);
    INSERT INTO SEADIST (IDCARGOSITEFROM, IDCARGOSITETO, DISTANCE) VALUES (24, 75, 1486);
    INSERT INTO SEADIST (IDCARGOSITEFROM, IDCARGOSITETO, DISTANCE) VALUES (24, 41, 1490);
    INSERT INTO SEADIST (IDCARGOSITEFROM, IDCARGOSITETO, DISTANCE) VALUES (24, 43, 1966);
    INSERT INTO SEADIST (IDCARGOSITEFROM, IDCARGOSITETO, DISTANCE) VALUES (24, 9, 1982);
    INSERT INTO SEADIST (IDCARGOSITEFROM, IDCARGOSITETO, DISTANCE) VALUES (24, 34, 2252);
    INSERT INTO SEADIST (IDCARGOSITEFROM, IDCARGOSITETO, DISTANCE) VALUES (24, 36, 2252);
    INSERT INTO SEADIST (IDCARGOSITEFROM, IDCARGOSITETO, DISTANCE) VALUES (24, 53, 2252);
    INSERT INTO SEADIST (IDCARGOSITEFROM, IDCARGOSITETO, DISTANCE) VALUES (24, 26, 2348);
    INSERT INTO SEADIST (IDCARGOSITEFROM, IDCARGOSITETO, DISTANCE) VALUES (24, 35, 2383);
    INSERT INTO SEADIST (IDCARGOSITEFROM, IDCARGOSITETO, DISTANCE) VALUES (24, 67, 2504);
    INSERT INTO SEADIST (IDCARGOSITEFROM, IDCARGOSITETO, DISTANCE) VALUES (24, 50, 2505);
    INSERT INTO SEADIST (IDCARGOSITEFROM, IDCARGOSITETO, DISTANCE) VALUES (24, 16, 2604);
    INSERT INTO SEADIST (IDCARGOSITEFROM, IDCARGOSITETO, DISTANCE) VALUES (24, 25, 2728);
    INSERT INTO SEADIST (IDCARGOSITEFROM, IDCARGOSITETO, DISTANCE) VALUES (24, 51, 2768);
    INSERT INTO SEADIST (IDCARGOSITEFROM, IDCARGOSITETO, DISTANCE) VALUES (24, 66, 2773);
    INSERT INTO SEADIST (IDCARGOSITEFROM, IDCARGOSITETO, DISTANCE) VALUES (24, 18, 3739);
    INSERT INTO SEADIST (IDCARGOSITEFROM, IDCARGOSITETO, DISTANCE) VALUES (24, 6, 3778);
    INSERT INTO SEADIST (IDCARGOSITEFROM, IDCARGOSITETO, DISTANCE) VALUES (24, 74, 4295);
    INSERT INTO SEADIST (IDCARGOSITEFROM, IDCARGOSITETO, DISTANCE) VALUES (24, 49, 4721);
    INSERT INTO SEADIST (IDCARGOSITEFROM, IDCARGOSITETO, DISTANCE) VALUES (24, 14, 5118);
    INSERT INTO SEADIST (IDCARGOSITEFROM, IDCARGOSITETO, DISTANCE) VALUES (24, 44, 5503);
    INSERT INTO SEADIST (IDCARGOSITEFROM, IDCARGOSITETO, DISTANCE) VALUES (24, 46, 5553);
    INSERT INTO SEADIST (IDCARGOSITEFROM, IDCARGOSITETO, DISTANCE) VALUES (24, 42, 6690);
    INSERT INTO SEADIST (IDCARGOSITEFROM, IDCARGOSITETO, DISTANCE) VALUES (25, 2, 335);
    INSERT INTO SEADIST (IDCARGOSITEFROM, IDCARGOSITETO, DISTANCE) VALUES (25, 23, 364);
    INSERT INTO SEADIST (IDCARGOSITEFROM, IDCARGOSITETO, DISTANCE) VALUES (25, 47, 1070);
    INSERT INTO SEADIST (IDCARGOSITEFROM, IDCARGOSITETO, DISTANCE) VALUES (25, 34, 1468);
    INSERT INTO SEADIST (IDCARGOSITEFROM, IDCARGOSITETO, DISTANCE) VALUES (25, 36, 1468);
    INSERT INTO SEADIST (IDCARGOSITEFROM, IDCARGOSITETO, DISTANCE) VALUES (25, 53, 1468);
    INSERT INTO SEADIST (IDCARGOSITEFROM, IDCARGOSITETO, DISTANCE) VALUES (25, 7, 1789);
    INSERT INTO SEADIST (IDCARGOSITEFROM, IDCARGOSITETO, DISTANCE) VALUES (25, 69, 1870);
    INSERT INTO SEADIST (IDCARGOSITEFROM, IDCARGOSITETO, DISTANCE) VALUES (25, 40, 3386);
    INSERT INTO SEADIST (IDCARGOSITEFROM, IDCARGOSITETO, DISTANCE) VALUES (25, 41, 3440);
    INSERT INTO SEADIST (IDCARGOSITEFROM, IDCARGOSITETO, DISTANCE) VALUES (25, 43, 3916);
    INSERT INTO SEADIST (IDCARGOSITEFROM, IDCARGOSITETO, DISTANCE) VALUES (25, 35, 4333);
    INSERT INTO SEADIST (IDCARGOSITEFROM, IDCARGOSITETO, DISTANCE) VALUES (25, 67, 4454);
    INSERT INTO SEADIST (IDCARGOSITEFROM, IDCARGOSITETO, DISTANCE) VALUES (25, 66, 4723);
    INSERT INTO SEADIST (IDCARGOSITEFROM, IDCARGOSITETO, DISTANCE) VALUES (25, 51, 5333);
    INSERT INTO SEADIST (IDCARGOSITEFROM, IDCARGOSITETO, DISTANCE) VALUES (25, 49, 7312);
    INSERT INTO SEADIST (IDCARGOSITEFROM, IDCARGOSITETO, DISTANCE) VALUES (25, 42, 9396);
    INSERT INTO SEADIST (IDCARGOSITEFROM, IDCARGOSITETO, DISTANCE) VALUES (26, 35, 67);
    INSERT INTO SEADIST (IDCARGOSITEFROM, IDCARGOSITETO, DISTANCE) VALUES (26, 67, 345);
    INSERT INTO SEADIST (IDCARGOSITEFROM, IDCARGOSITETO, DISTANCE) VALUES (26, 43, 439);
    INSERT INTO SEADIST (IDCARGOSITEFROM, IDCARGOSITETO, DISTANCE) VALUES (26, 66, 565);
    INSERT INTO SEADIST (IDCARGOSITEFROM, IDCARGOSITETO, DISTANCE) VALUES (26, 41, 971);
    INSERT INTO SEADIST (IDCARGOSITEFROM, IDCARGOSITETO, DISTANCE) VALUES (26, 40, 1316);
    INSERT INTO SEADIST (IDCARGOSITEFROM, IDCARGOSITETO, DISTANCE) VALUES (26, 39, 1747);
    INSERT INTO SEADIST (IDCARGOSITEFROM, IDCARGOSITETO, DISTANCE) VALUES (26, 64, 1929);
    INSERT INTO SEADIST (IDCARGOSITEFROM, IDCARGOSITETO, DISTANCE) VALUES (26, 69, 2565);
    INSERT INTO SEADIST (IDCARGOSITEFROM, IDCARGOSITETO, DISTANCE) VALUES (26, 7, 2693);
    INSERT INTO SEADIST (IDCARGOSITEFROM, IDCARGOSITETO, DISTANCE) VALUES (26, 34, 3822);
    INSERT INTO SEADIST (IDCARGOSITEFROM, IDCARGOSITETO, DISTANCE) VALUES (26, 36, 3822);
    INSERT INTO SEADIST (IDCARGOSITEFROM, IDCARGOSITETO, DISTANCE) VALUES (26, 53, 3822);
    INSERT INTO SEADIST (IDCARGOSITEFROM, IDCARGOSITETO, DISTANCE) VALUES (26, 51, 3948);
    INSERT INTO SEADIST (IDCARGOSITEFROM, IDCARGOSITETO, DISTANCE) VALUES (26, 2, 3963);
    INSERT INTO SEADIST (IDCARGOSITEFROM, IDCARGOSITETO, DISTANCE) VALUES (26, 47, 4139);
    INSERT INTO SEADIST (IDCARGOSITEFROM, IDCARGOSITETO, DISTANCE) VALUES (26, 16, 4174);
    INSERT INTO SEADIST (IDCARGOSITEFROM, IDCARGOSITETO, DISTANCE) VALUES (26, 25, 4298);
    INSERT INTO SEADIST (IDCARGOSITEFROM, IDCARGOSITETO, DISTANCE) VALUES (26, 23, 4369);
    INSERT INTO SEADIST (IDCARGOSITEFROM, IDCARGOSITETO, DISTANCE) VALUES (26, 49, 7061);
    INSERT INTO SEADIST (IDCARGOSITEFROM, IDCARGOSITETO, DISTANCE) VALUES (26, 42, 8361);
    INSERT INTO SEADIST (IDCARGOSITEFROM, IDCARGOSITETO, DISTANCE) VALUES (27, 48, 86);
    INSERT INTO SEADIST (IDCARGOSITEFROM, IDCARGOSITETO, DISTANCE) VALUES (27, 7, 352);
    INSERT INTO SEADIST (IDCARGOSITEFROM, IDCARGOSITETO, DISTANCE) VALUES (27, 69, 510);
    INSERT INTO SEADIST (IDCARGOSITEFROM, IDCARGOSITETO, DISTANCE) VALUES (27, 34, 1107);
    INSERT INTO SEADIST (IDCARGOSITEFROM, IDCARGOSITETO, DISTANCE) VALUES (27, 36, 1107);
    INSERT INTO SEADIST (IDCARGOSITEFROM, IDCARGOSITETO, DISTANCE) VALUES (27, 53, 1107);
    INSERT INTO SEADIST (IDCARGOSITEFROM, IDCARGOSITETO, DISTANCE) VALUES (27, 73, 1127);
    INSERT INTO SEADIST (IDCARGOSITEFROM, IDCARGOSITETO, DISTANCE) VALUES (27, 64, 1131);
    INSERT INTO SEADIST (IDCARGOSITEFROM, IDCARGOSITETO, DISTANCE) VALUES (27, 2, 1270);
    INSERT INTO SEADIST (IDCARGOSITEFROM, IDCARGOSITETO, DISTANCE) VALUES (27, 39, 1301);
    INSERT INTO SEADIST (IDCARGOSITEFROM, IDCARGOSITETO, DISTANCE) VALUES (27, 47, 1452);
    INSERT INTO SEADIST (IDCARGOSITEFROM, IDCARGOSITETO, DISTANCE) VALUES (27, 24, 1455);
    INSERT INTO SEADIST (IDCARGOSITEFROM, IDCARGOSITETO, DISTANCE) VALUES (27, 16, 1481);
    INSERT INTO SEADIST (IDCARGOSITEFROM, IDCARGOSITETO, DISTANCE) VALUES (27, 25, 1605);
    INSERT INTO SEADIST (IDCARGOSITEFROM, IDCARGOSITETO, DISTANCE) VALUES (27, 23, 1676);
    INSERT INTO SEADIST (IDCARGOSITEFROM, IDCARGOSITETO, DISTANCE) VALUES (27, 40, 2113);
    INSERT INTO SEADIST (IDCARGOSITEFROM, IDCARGOSITETO, DISTANCE) VALUES (27, 75, 2163);
    INSERT INTO SEADIST (IDCARGOSITEFROM, IDCARGOSITETO, DISTANCE) VALUES (27, 41, 2167);
    INSERT INTO SEADIST (IDCARGOSITEFROM, IDCARGOSITETO, DISTANCE) VALUES (27, 43, 2643);
    INSERT INTO SEADIST (IDCARGOSITEFROM, IDCARGOSITETO, DISTANCE) VALUES (27, 9, 2659);
    INSERT INTO SEADIST (IDCARGOSITEFROM, IDCARGOSITETO, DISTANCE) VALUES (27, 26, 3025);
    INSERT INTO SEADIST (IDCARGOSITEFROM, IDCARGOSITETO, DISTANCE) VALUES (27, 35, 3060);
    INSERT INTO SEADIST (IDCARGOSITEFROM, IDCARGOSITETO, DISTANCE) VALUES (27, 67, 3181);
    INSERT INTO SEADIST (IDCARGOSITEFROM, IDCARGOSITETO, DISTANCE) VALUES (27, 50, 3255);
    INSERT INTO SEADIST (IDCARGOSITEFROM, IDCARGOSITETO, DISTANCE) VALUES (27, 66, 3450);
    INSERT INTO SEADIST (IDCARGOSITEFROM, IDCARGOSITETO, DISTANCE) VALUES (27, 51, 4060);
    INSERT INTO SEADIST (IDCARGOSITEFROM, IDCARGOSITETO, DISTANCE) VALUES (27, 18, 5172);
    INSERT INTO SEADIST (IDCARGOSITEFROM, IDCARGOSITETO, DISTANCE) VALUES (27, 6, 5211);
    INSERT INTO SEADIST (IDCARGOSITEFROM, IDCARGOSITETO, DISTANCE) VALUES (27, 74, 5666);
    INSERT INTO SEADIST (IDCARGOSITEFROM, IDCARGOSITETO, DISTANCE) VALUES (27, 49, 6039);
    INSERT INTO SEADIST (IDCARGOSITEFROM, IDCARGOSITETO, DISTANCE) VALUES (27, 14, 6551);
    INSERT INTO SEADIST (IDCARGOSITEFROM, IDCARGOSITETO, DISTANCE) VALUES (27, 44, 6936);
    INSERT INTO SEADIST (IDCARGOSITEFROM, IDCARGOSITETO, DISTANCE) VALUES (27, 46, 6986);
    INSERT INTO SEADIST (IDCARGOSITEFROM, IDCARGOSITETO, DISTANCE) VALUES (27, 42, 8123);
    INSERT INTO SEADIST (IDCARGOSITEFROM, IDCARGOSITETO, DISTANCE) VALUES (28, 9, 887);
    INSERT INTO SEADIST (IDCARGOSITEFROM, IDCARGOSITETO, DISTANCE) VALUES (28, 51, 1455);
    INSERT INTO SEADIST (IDCARGOSITEFROM, IDCARGOSITETO, DISTANCE) VALUES (28, 40, 3693);
    INSERT INTO SEADIST (IDCARGOSITEFROM, IDCARGOSITETO, DISTANCE) VALUES (28, 69, 3810);
    INSERT INTO SEADIST (IDCARGOSITEFROM, IDCARGOSITETO, DISTANCE) VALUES (28, 42, 3868);
    INSERT INTO SEADIST (IDCARGOSITEFROM, IDCARGOSITETO, DISTANCE) VALUES (28, 41, 3896);
    INSERT INTO SEADIST (IDCARGOSITEFROM, IDCARGOSITETO, DISTANCE) VALUES (28, 7, 3938);
    INSERT INTO SEADIST (IDCARGOSITEFROM, IDCARGOSITETO, DISTANCE) VALUES (28, 43, 4209);
    INSERT INTO SEADIST (IDCARGOSITEFROM, IDCARGOSITETO, DISTANCE) VALUES (28, 49, 4593);
    INSERT INTO SEADIST (IDCARGOSITEFROM, IDCARGOSITETO, DISTANCE) VALUES (28, 35, 4637);
    INSERT INTO SEADIST (IDCARGOSITEFROM, IDCARGOSITETO, DISTANCE) VALUES (28, 67, 4758);
    INSERT INTO SEADIST (IDCARGOSITEFROM, IDCARGOSITETO, DISTANCE) VALUES (28, 66, 5027);
    INSERT INTO SEADIST (IDCARGOSITEFROM, IDCARGOSITETO, DISTANCE) VALUES (28, 34, 5067);
    INSERT INTO SEADIST (IDCARGOSITEFROM, IDCARGOSITETO, DISTANCE) VALUES (28, 36, 5067);
    INSERT INTO SEADIST (IDCARGOSITEFROM, IDCARGOSITETO, DISTANCE) VALUES (28, 53, 5067);
    INSERT INTO SEADIST (IDCARGOSITEFROM, IDCARGOSITETO, DISTANCE) VALUES (28, 2, 5208);
    INSERT INTO SEADIST (IDCARGOSITEFROM, IDCARGOSITETO, DISTANCE) VALUES (28, 47, 5384);
    INSERT INTO SEADIST (IDCARGOSITEFROM, IDCARGOSITETO, DISTANCE) VALUES (28, 16, 5419);
    INSERT INTO SEADIST (IDCARGOSITEFROM, IDCARGOSITETO, DISTANCE) VALUES (28, 25, 5543);
    INSERT INTO SEADIST (IDCARGOSITEFROM, IDCARGOSITETO, DISTANCE) VALUES (28, 23, 5614);
    INSERT INTO SEADIST (IDCARGOSITEFROM, IDCARGOSITETO, DISTANCE) VALUES (29, 14, 706);
    INSERT INTO SEADIST (IDCARGOSITEFROM, IDCARGOSITETO, DISTANCE) VALUES (29, 6, 837);
    INSERT INTO SEADIST (IDCARGOSITEFROM, IDCARGOSITETO, DISTANCE) VALUES (29, 18, 876);
    INSERT INTO SEADIST (IDCARGOSITEFROM, IDCARGOSITETO, DISTANCE) VALUES (29, 46, 1146);
    INSERT INTO SEADIST (IDCARGOSITEFROM, IDCARGOSITETO, DISTANCE) VALUES (29, 19, 1180);
    INSERT INTO SEADIST (IDCARGOSITEFROM, IDCARGOSITETO, DISTANCE) VALUES (29, 57, 1290);
    INSERT INTO SEADIST (IDCARGOSITEFROM, IDCARGOSITETO, DISTANCE) VALUES (29, 44, 2036);
    INSERT INTO SEADIST (IDCARGOSITEFROM, IDCARGOSITETO, DISTANCE) VALUES (29, 74, 2286);
    INSERT INTO SEADIST (IDCARGOSITEFROM, IDCARGOSITETO, DISTANCE) VALUES (29, 51, 2855);
    INSERT INTO SEADIST (IDCARGOSITEFROM, IDCARGOSITETO, DISTANCE) VALUES (29, 42, 3228);
    INSERT INTO SEADIST (IDCARGOSITEFROM, IDCARGOSITETO, DISTANCE) VALUES (29, 49, 4596);
    INSERT INTO SEADIST (IDCARGOSITEFROM, IDCARGOSITETO, DISTANCE) VALUES (29, 24, 4615);
    INSERT INTO SEADIST (IDCARGOSITEFROM, IDCARGOSITETO, DISTANCE) VALUES (29, 64, 5046);
    INSERT INTO SEADIST (IDCARGOSITEFROM, IDCARGOSITETO, DISTANCE) VALUES (29, 39, 5066);
    INSERT INTO SEADIST (IDCARGOSITEFROM, IDCARGOSITETO, DISTANCE) VALUES (29, 11, 5293);
    INSERT INTO SEADIST (IDCARGOSITEFROM, IDCARGOSITETO, DISTANCE) VALUES (29, 20, 5337);
    INSERT INTO SEADIST (IDCARGOSITEFROM, IDCARGOSITETO, DISTANCE) VALUES (29, 40, 5416);
    INSERT INTO SEADIST (IDCARGOSITEFROM, IDCARGOSITETO, DISTANCE) VALUES (29, 21, 5583);
    INSERT INTO SEADIST (IDCARGOSITEFROM, IDCARGOSITETO, DISTANCE) VALUES (29, 69, 5588);
    INSERT INTO SEADIST (IDCARGOSITEFROM, IDCARGOSITETO, DISTANCE) VALUES (29, 75, 5632);
    INSERT INTO SEADIST (IDCARGOSITEFROM, IDCARGOSITETO, DISTANCE) VALUES (29, 41, 5636);
    INSERT INTO SEADIST (IDCARGOSITEFROM, IDCARGOSITETO, DISTANCE) VALUES (29, 9, 5710);
    INSERT INTO SEADIST (IDCARGOSITEFROM, IDCARGOSITETO, DISTANCE) VALUES (29, 7, 5716);
    INSERT INTO SEADIST (IDCARGOSITEFROM, IDCARGOSITETO, DISTANCE) VALUES (29, 43, 5893);
    INSERT INTO SEADIST (IDCARGOSITEFROM, IDCARGOSITETO, DISTANCE) VALUES (29, 31, 5930);
    INSERT INTO SEADIST (IDCARGOSITEFROM, IDCARGOSITETO, DISTANCE) VALUES (29, 48, 5970);
    INSERT INTO SEADIST (IDCARGOSITEFROM, IDCARGOSITETO, DISTANCE) VALUES (29, 27, 6048);
    INSERT INTO SEADIST (IDCARGOSITEFROM, IDCARGOSITETO, DISTANCE) VALUES (29, 50, 6111);
    INSERT INTO SEADIST (IDCARGOSITEFROM, IDCARGOSITETO, DISTANCE) VALUES (29, 60, 6129);
    INSERT INTO SEADIST (IDCARGOSITEFROM, IDCARGOSITETO, DISTANCE) VALUES (29, 26, 6286);
    INSERT INTO SEADIST (IDCARGOSITEFROM, IDCARGOSITETO, DISTANCE) VALUES (29, 35, 6321);
    INSERT INTO SEADIST (IDCARGOSITEFROM, IDCARGOSITETO, DISTANCE) VALUES (29, 67, 6442);
    INSERT INTO SEADIST (IDCARGOSITEFROM, IDCARGOSITETO, DISTANCE) VALUES (29, 68, 6549);
    INSERT INTO SEADIST (IDCARGOSITEFROM, IDCARGOSITETO, DISTANCE) VALUES (29, 32, 6570);
    INSERT INTO SEADIST (IDCARGOSITEFROM, IDCARGOSITETO, DISTANCE) VALUES (29, 37, 6625);
    INSERT INTO SEADIST (IDCARGOSITEFROM, IDCARGOSITETO, DISTANCE) VALUES (29, 52, 6682);
    INSERT INTO SEADIST (IDCARGOSITEFROM, IDCARGOSITETO, DISTANCE) VALUES (29, 4, 6690);
    INSERT INTO SEADIST (IDCARGOSITEFROM, IDCARGOSITETO, DISTANCE) VALUES (29, 66, 6711);
    INSERT INTO SEADIST (IDCARGOSITEFROM, IDCARGOSITETO, DISTANCE) VALUES (29, 34, 6845);
    INSERT INTO SEADIST (IDCARGOSITEFROM, IDCARGOSITETO, DISTANCE) VALUES (29, 36, 6845);
    INSERT INTO SEADIST (IDCARGOSITEFROM, IDCARGOSITETO, DISTANCE) VALUES (29, 53, 6845);
    INSERT INTO SEADIST (IDCARGOSITEFROM, IDCARGOSITETO, DISTANCE) VALUES (29, 73, 6865);
    INSERT INTO SEADIST (IDCARGOSITEFROM, IDCARGOSITETO, DISTANCE) VALUES (29, 2, 6986);
    INSERT INTO SEADIST (IDCARGOSITEFROM, IDCARGOSITETO, DISTANCE) VALUES (29, 47, 7162);
    INSERT INTO SEADIST (IDCARGOSITEFROM, IDCARGOSITETO, DISTANCE) VALUES (29, 16, 7197);
    INSERT INTO SEADIST (IDCARGOSITEFROM, IDCARGOSITETO, DISTANCE) VALUES (29, 25, 7321);
    INSERT INTO SEADIST (IDCARGOSITEFROM, IDCARGOSITETO, DISTANCE) VALUES (29, 23, 7392);
    INSERT INTO SEADIST (IDCARGOSITEFROM, IDCARGOSITETO, DISTANCE) VALUES (29, 8, 7587);
    INSERT INTO SEADIST (IDCARGOSITEFROM, IDCARGOSITETO, DISTANCE) VALUES (29, 55, 7604);
    INSERT INTO SEADIST (IDCARGOSITEFROM, IDCARGOSITETO, DISTANCE) VALUES (30, 51, 600);
    INSERT INTO SEADIST (IDCARGOSITEFROM, IDCARGOSITETO, DISTANCE) VALUES (30, 15, 2175);
    INSERT INTO SEADIST (IDCARGOSITEFROM, IDCARGOSITETO, DISTANCE) VALUES (30, 24, 2279);
    INSERT INTO SEADIST (IDCARGOSITEFROM, IDCARGOSITETO, DISTANCE) VALUES (30, 18, 2298);
    INSERT INTO SEADIST (IDCARGOSITEFROM, IDCARGOSITETO, DISTANCE) VALUES (30, 6, 2337);
    INSERT INTO SEADIST (IDCARGOSITEFROM, IDCARGOSITETO, DISTANCE) VALUES (30, 56, 2367);
    INSERT INTO SEADIST (IDCARGOSITEFROM, IDCARGOSITETO, DISTANCE) VALUES (30, 74, 2399);
    INSERT INTO SEADIST (IDCARGOSITEFROM, IDCARGOSITETO, DISTANCE) VALUES (30, 20, 2423);
    INSERT INTO SEADIST (IDCARGOSITEFROM, IDCARGOSITETO, DISTANCE) VALUES (30, 11, 2431);
    INSERT INTO SEADIST (IDCARGOSITEFROM, IDCARGOSITETO, DISTANCE) VALUES (30, 39, 2466);
    INSERT INTO SEADIST (IDCARGOSITEFROM, IDCARGOSITETO, DISTANCE) VALUES (30, 40, 2493);
    INSERT INTO SEADIST (IDCARGOSITEFROM, IDCARGOSITETO, DISTANCE) VALUES (30, 64, 2507);
    INSERT INTO SEADIST (IDCARGOSITEFROM, IDCARGOSITETO, DISTANCE) VALUES (30, 21, 2688);
    INSERT INTO SEADIST (IDCARGOSITEFROM, IDCARGOSITETO, DISTANCE) VALUES (30, 12, 2691);
    INSERT INTO SEADIST (IDCARGOSITEFROM, IDCARGOSITETO, DISTANCE) VALUES (30, 9, 2720);
    INSERT INTO SEADIST (IDCARGOSITEFROM, IDCARGOSITETO, DISTANCE) VALUES (30, 75, 2737);
    INSERT INTO SEADIST (IDCARGOSITEFROM, IDCARGOSITETO, DISTANCE) VALUES (30, 41, 2741);
    INSERT INTO SEADIST (IDCARGOSITEFROM, IDCARGOSITETO, DISTANCE) VALUES (30, 22, 2817);
    INSERT INTO SEADIST (IDCARGOSITEFROM, IDCARGOSITETO, DISTANCE) VALUES (30, 43, 2903);
    INSERT INTO SEADIST (IDCARGOSITEFROM, IDCARGOSITETO, DISTANCE) VALUES (30, 31, 2975);
    INSERT INTO SEADIST (IDCARGOSITEFROM, IDCARGOSITETO, DISTANCE) VALUES (30, 1, 3006);
    INSERT INTO SEADIST (IDCARGOSITEFROM, IDCARGOSITETO, DISTANCE) VALUES (30, 17, 3030);
    INSERT INTO SEADIST (IDCARGOSITEFROM, IDCARGOSITETO, DISTANCE) VALUES (30, 19, 3078);
    INSERT INTO SEADIST (IDCARGOSITEFROM, IDCARGOSITETO, DISTANCE) VALUES (30, 69, 3101);
    INSERT INTO SEADIST (IDCARGOSITEFROM, IDCARGOSITETO, DISTANCE) VALUES (30, 50, 3121);
    INSERT INTO SEADIST (IDCARGOSITEFROM, IDCARGOSITETO, DISTANCE) VALUES (30, 60, 3139);
    INSERT INTO SEADIST (IDCARGOSITEFROM, IDCARGOSITETO, DISTANCE) VALUES (30, 29, 3174);
    INSERT INTO SEADIST (IDCARGOSITEFROM, IDCARGOSITETO, DISTANCE) VALUES (30, 57, 3226);
    INSERT INTO SEADIST (IDCARGOSITEFROM, IDCARGOSITETO, DISTANCE) VALUES (30, 7, 3229);
    INSERT INTO SEADIST (IDCARGOSITEFROM, IDCARGOSITETO, DISTANCE) VALUES (30, 26, 3296);
    INSERT INTO SEADIST (IDCARGOSITEFROM, IDCARGOSITETO, DISTANCE) VALUES (30, 35, 3331);
    INSERT INTO SEADIST (IDCARGOSITEFROM, IDCARGOSITETO, DISTANCE) VALUES (30, 67, 3452);
    INSERT INTO SEADIST (IDCARGOSITEFROM, IDCARGOSITETO, DISTANCE) VALUES (30, 48, 3483);
    INSERT INTO SEADIST (IDCARGOSITEFROM, IDCARGOSITETO, DISTANCE) VALUES (30, 68, 3559);
    INSERT INTO SEADIST (IDCARGOSITEFROM, IDCARGOSITETO, DISTANCE) VALUES (30, 27, 3561);
    INSERT INTO SEADIST (IDCARGOSITEFROM, IDCARGOSITETO, DISTANCE) VALUES (30, 32, 3580);
    INSERT INTO SEADIST (IDCARGOSITEFROM, IDCARGOSITETO, DISTANCE) VALUES (30, 37, 3635);
    INSERT INTO SEADIST (IDCARGOSITEFROM, IDCARGOSITETO, DISTANCE) VALUES (30, 14, 3677);
    INSERT INTO SEADIST (IDCARGOSITEFROM, IDCARGOSITETO, DISTANCE) VALUES (30, 66, 3721);
    INSERT INTO SEADIST (IDCARGOSITEFROM, IDCARGOSITETO, DISTANCE) VALUES (30, 44, 4062);
    INSERT INTO SEADIST (IDCARGOSITEFROM, IDCARGOSITETO, DISTANCE) VALUES (30, 46, 4112);
    INSERT INTO SEADIST (IDCARGOSITEFROM, IDCARGOSITETO, DISTANCE) VALUES (30, 52, 4195);
    INSERT INTO SEADIST (IDCARGOSITEFROM, IDCARGOSITETO, DISTANCE) VALUES (30, 65, 4202);
    INSERT INTO SEADIST (IDCARGOSITEFROM, IDCARGOSITETO, DISTANCE) VALUES (30, 4, 4203);
    INSERT INTO SEADIST (IDCARGOSITEFROM, IDCARGOSITETO, DISTANCE) VALUES (30, 58, 4322);
    INSERT INTO SEADIST (IDCARGOSITEFROM, IDCARGOSITETO, DISTANCE) VALUES (30, 34, 4358);
    INSERT INTO SEADIST (IDCARGOSITEFROM, IDCARGOSITETO, DISTANCE) VALUES (30, 36, 4358);
    INSERT INTO SEADIST (IDCARGOSITEFROM, IDCARGOSITETO, DISTANCE) VALUES (30, 53, 4358);
    INSERT INTO SEADIST (IDCARGOSITEFROM, IDCARGOSITETO, DISTANCE) VALUES (30, 73, 4378);
    INSERT INTO SEADIST (IDCARGOSITEFROM, IDCARGOSITETO, DISTANCE) VALUES (30, 2, 4499);
    INSERT INTO SEADIST (IDCARGOSITEFROM, IDCARGOSITETO, DISTANCE) VALUES (30, 38, 4635);
    INSERT INTO SEADIST (IDCARGOSITEFROM, IDCARGOSITETO, DISTANCE) VALUES (30, 47, 4675);
    INSERT INTO SEADIST (IDCARGOSITEFROM, IDCARGOSITETO, DISTANCE) VALUES (30, 16, 4710);
    INSERT INTO SEADIST (IDCARGOSITEFROM, IDCARGOSITETO, DISTANCE) VALUES (30, 25, 4834);
    INSERT INTO SEADIST (IDCARGOSITEFROM, IDCARGOSITETO, DISTANCE) VALUES (30, 23, 4905);
    INSERT INTO SEADIST (IDCARGOSITEFROM, IDCARGOSITETO, DISTANCE) VALUES (30, 70, 4952);
    INSERT INTO SEADIST (IDCARGOSITEFROM, IDCARGOSITETO, DISTANCE) VALUES (30, 8, 5100);
    INSERT INTO SEADIST (IDCARGOSITEFROM, IDCARGOSITETO, DISTANCE) VALUES (30, 55, 5117);
    INSERT INTO SEADIST (IDCARGOSITEFROM, IDCARGOSITETO, DISTANCE) VALUES (30, 62, 5139);
    INSERT INTO SEADIST (IDCARGOSITEFROM, IDCARGOSITETO, DISTANCE) VALUES (30, 42, 5249);
    INSERT INTO SEADIST (IDCARGOSITEFROM, IDCARGOSITETO, DISTANCE) VALUES (30, 49, 5618);
    INSERT INTO SEADIST (IDCARGOSITEFROM, IDCARGOSITETO, DISTANCE) VALUES (30, 71, 6358);
    INSERT INTO SEADIST (IDCARGOSITEFROM, IDCARGOSITETO, DISTANCE) VALUES (31, 60, 174);
    INSERT INTO SEADIST (IDCARGOSITEFROM, IDCARGOSITETO, DISTANCE) VALUES (31, 75, 355);
    INSERT INTO SEADIST (IDCARGOSITEFROM, IDCARGOSITETO, DISTANCE) VALUES (31, 43, 393);
    INSERT INTO SEADIST (IDCARGOSITEFROM, IDCARGOSITETO, DISTANCE) VALUES (31, 41, 428);
    INSERT INTO SEADIST (IDCARGOSITEFROM, IDCARGOSITETO, DISTANCE) VALUES (31, 26, 434);
    INSERT INTO SEADIST (IDCARGOSITEFROM, IDCARGOSITETO, DISTANCE) VALUES (31, 35, 455);
    INSERT INTO SEADIST (IDCARGOSITEFROM, IDCARGOSITETO, DISTANCE) VALUES (31, 9, 487);
    INSERT INTO SEADIST (IDCARGOSITEFROM, IDCARGOSITETO, DISTANCE) VALUES (31, 67, 587);
    INSERT INTO SEADIST (IDCARGOSITEFROM, IDCARGOSITETO, DISTANCE) VALUES (31, 66, 868);
    INSERT INTO SEADIST (IDCARGOSITEFROM, IDCARGOSITETO, DISTANCE) VALUES (31, 20, 881);
    INSERT INTO SEADIST (IDCARGOSITEFROM, IDCARGOSITETO, DISTANCE) VALUES (31, 40, 946);
    INSERT INTO SEADIST (IDCARGOSITEFROM, IDCARGOSITETO, DISTANCE) VALUES (31, 50, 1077);
    INSERT INTO SEADIST (IDCARGOSITEFROM, IDCARGOSITETO, DISTANCE) VALUES (31, 39, 1183);
    INSERT INTO SEADIST (IDCARGOSITEFROM, IDCARGOSITETO, DISTANCE) VALUES (31, 64, 1365);
    INSERT INTO SEADIST (IDCARGOSITEFROM, IDCARGOSITETO, DISTANCE) VALUES (31, 24, 1784);
    INSERT INTO SEADIST (IDCARGOSITEFROM, IDCARGOSITETO, DISTANCE) VALUES (31, 69, 2001);
    INSERT INTO SEADIST (IDCARGOSITEFROM, IDCARGOSITETO, DISTANCE) VALUES (31, 7, 2129);
    INSERT INTO SEADIST (IDCARGOSITEFROM, IDCARGOSITETO, DISTANCE) VALUES (31, 48, 2383);
    INSERT INTO SEADIST (IDCARGOSITEFROM, IDCARGOSITETO, DISTANCE) VALUES (31, 27, 2461);
    INSERT INTO SEADIST (IDCARGOSITEFROM, IDCARGOSITETO, DISTANCE) VALUES (31, 52, 3095);
    INSERT INTO SEADIST (IDCARGOSITEFROM, IDCARGOSITETO, DISTANCE) VALUES (31, 4, 3103);
    INSERT INTO SEADIST (IDCARGOSITEFROM, IDCARGOSITETO, DISTANCE) VALUES (31, 34, 3258);
    INSERT INTO SEADIST (IDCARGOSITEFROM, IDCARGOSITETO, DISTANCE) VALUES (31, 36, 3258);
    INSERT INTO SEADIST (IDCARGOSITEFROM, IDCARGOSITETO, DISTANCE) VALUES (31, 53, 3258);
    INSERT INTO SEADIST (IDCARGOSITEFROM, IDCARGOSITETO, DISTANCE) VALUES (31, 73, 3278);
    INSERT INTO SEADIST (IDCARGOSITEFROM, IDCARGOSITETO, DISTANCE) VALUES (31, 2, 3399);
    INSERT INTO SEADIST (IDCARGOSITEFROM, IDCARGOSITETO, DISTANCE) VALUES (31, 47, 3575);
    INSERT INTO SEADIST (IDCARGOSITEFROM, IDCARGOSITETO, DISTANCE) VALUES (31, 16, 3610);
    INSERT INTO SEADIST (IDCARGOSITEFROM, IDCARGOSITETO, DISTANCE) VALUES (31, 51, 3627);
    INSERT INTO SEADIST (IDCARGOSITEFROM, IDCARGOSITETO, DISTANCE) VALUES (31, 25, 3734);
    INSERT INTO SEADIST (IDCARGOSITEFROM, IDCARGOSITETO, DISTANCE) VALUES (31, 23, 3805);
    INSERT INTO SEADIST (IDCARGOSITEFROM, IDCARGOSITETO, DISTANCE) VALUES (31, 18, 5054);
    INSERT INTO SEADIST (IDCARGOSITEFROM, IDCARGOSITETO, DISTANCE) VALUES (31, 6, 5093);
    INSERT INTO SEADIST (IDCARGOSITEFROM, IDCARGOSITETO, DISTANCE) VALUES (31, 74, 5314);
    INSERT INTO SEADIST (IDCARGOSITEFROM, IDCARGOSITETO, DISTANCE) VALUES (31, 57, 5982);
    INSERT INTO SEADIST (IDCARGOSITEFROM, IDCARGOSITETO, DISTANCE) VALUES (31, 14, 6433);
    INSERT INTO SEADIST (IDCARGOSITEFROM, IDCARGOSITETO, DISTANCE) VALUES (31, 49, 6497);
    INSERT INTO SEADIST (IDCARGOSITEFROM, IDCARGOSITETO, DISTANCE) VALUES (31, 44, 6818);
    INSERT INTO SEADIST (IDCARGOSITEFROM, IDCARGOSITETO, DISTANCE) VALUES (31, 46, 6868);
    INSERT INTO SEADIST (IDCARGOSITEFROM, IDCARGOSITETO, DISTANCE) VALUES (31, 42, 8005);
    INSERT INTO SEADIST (IDCARGOSITEFROM, IDCARGOSITETO, DISTANCE) VALUES (32, 37, 87);
    INSERT INTO SEADIST (IDCARGOSITEFROM, IDCARGOSITETO, DISTANCE) VALUES (32, 66, 171);
    INSERT INTO SEADIST (IDCARGOSITEFROM, IDCARGOSITETO, DISTANCE) VALUES (32, 67, 237);
    INSERT INTO SEADIST (IDCARGOSITEFROM, IDCARGOSITETO, DISTANCE) VALUES (32, 26, 422);
    INSERT INTO SEADIST (IDCARGOSITEFROM, IDCARGOSITETO, DISTANCE) VALUES (32, 35, 424);
    INSERT INTO SEADIST (IDCARGOSITEFROM, IDCARGOSITETO, DISTANCE) VALUES (32, 60, 580);
    INSERT INTO SEADIST (IDCARGOSITEFROM, IDCARGOSITETO, DISTANCE) VALUES (32, 31, 721);
    INSERT INTO SEADIST (IDCARGOSITEFROM, IDCARGOSITETO, DISTANCE) VALUES (32, 43, 723);
    INSERT INTO SEADIST (IDCARGOSITEFROM, IDCARGOSITETO, DISTANCE) VALUES (32, 9, 1007);
    INSERT INTO SEADIST (IDCARGOSITEFROM, IDCARGOSITETO, DISTANCE) VALUES (32, 75, 1204);
    INSERT INTO SEADIST (IDCARGOSITEFROM, IDCARGOSITETO, DISTANCE) VALUES (32, 21, 1242);
    INSERT INTO SEADIST (IDCARGOSITEFROM, IDCARGOSITETO, DISTANCE) VALUES (32, 41, 1255);
    INSERT INTO SEADIST (IDCARGOSITEFROM, IDCARGOSITETO, DISTANCE) VALUES (32, 20, 1570);
    INSERT INTO SEADIST (IDCARGOSITEFROM, IDCARGOSITETO, DISTANCE) VALUES (32, 11, 1578);
    INSERT INTO SEADIST (IDCARGOSITEFROM, IDCARGOSITETO, DISTANCE) VALUES (32, 40, 1600);
    INSERT INTO SEADIST (IDCARGOSITEFROM, IDCARGOSITETO, DISTANCE) VALUES (32, 50, 1609);
    INSERT INTO SEADIST (IDCARGOSITEFROM, IDCARGOSITETO, DISTANCE) VALUES (32, 39, 2031);
    INSERT INTO SEADIST (IDCARGOSITEFROM, IDCARGOSITETO, DISTANCE) VALUES (32, 64, 2213);
    INSERT INTO SEADIST (IDCARGOSITEFROM, IDCARGOSITETO, DISTANCE) VALUES (32, 24, 2632);
    INSERT INTO SEADIST (IDCARGOSITEFROM, IDCARGOSITETO, DISTANCE) VALUES (32, 69, 2849);
    INSERT INTO SEADIST (IDCARGOSITEFROM, IDCARGOSITETO, DISTANCE) VALUES (32, 7, 2977);
    INSERT INTO SEADIST (IDCARGOSITEFROM, IDCARGOSITETO, DISTANCE) VALUES (32, 48, 3231);
    INSERT INTO SEADIST (IDCARGOSITEFROM, IDCARGOSITETO, DISTANCE) VALUES (32, 27, 3309);
    INSERT INTO SEADIST (IDCARGOSITEFROM, IDCARGOSITETO, DISTANCE) VALUES (32, 52, 3943);
    INSERT INTO SEADIST (IDCARGOSITEFROM, IDCARGOSITETO, DISTANCE) VALUES (32, 4, 3951);
    INSERT INTO SEADIST (IDCARGOSITEFROM, IDCARGOSITETO, DISTANCE) VALUES (32, 34, 4106);
    INSERT INTO SEADIST (IDCARGOSITEFROM, IDCARGOSITETO, DISTANCE) VALUES (32, 36, 4106);
    INSERT INTO SEADIST (IDCARGOSITEFROM, IDCARGOSITETO, DISTANCE) VALUES (32, 53, 4106);
    INSERT INTO SEADIST (IDCARGOSITEFROM, IDCARGOSITETO, DISTANCE) VALUES (32, 73, 4126);
    INSERT INTO SEADIST (IDCARGOSITEFROM, IDCARGOSITETO, DISTANCE) VALUES (32, 51, 4232);
    INSERT INTO SEADIST (IDCARGOSITEFROM, IDCARGOSITETO, DISTANCE) VALUES (32, 2, 4247);
    INSERT INTO SEADIST (IDCARGOSITEFROM, IDCARGOSITETO, DISTANCE) VALUES (32, 47, 4423);
    INSERT INTO SEADIST (IDCARGOSITEFROM, IDCARGOSITETO, DISTANCE) VALUES (32, 16, 4458);
    INSERT INTO SEADIST (IDCARGOSITEFROM, IDCARGOSITETO, DISTANCE) VALUES (32, 25, 4582);
    INSERT INTO SEADIST (IDCARGOSITEFROM, IDCARGOSITETO, DISTANCE) VALUES (32, 23, 4653);
    INSERT INTO SEADIST (IDCARGOSITEFROM, IDCARGOSITETO, DISTANCE) VALUES (32, 8, 4848);
    INSERT INTO SEADIST (IDCARGOSITEFROM, IDCARGOSITETO, DISTANCE) VALUES (32, 55, 4865);
    INSERT INTO SEADIST (IDCARGOSITEFROM, IDCARGOSITETO, DISTANCE) VALUES (32, 18, 5694);
    INSERT INTO SEADIST (IDCARGOSITEFROM, IDCARGOSITETO, DISTANCE) VALUES (32, 6, 5733);
    INSERT INTO SEADIST (IDCARGOSITEFROM, IDCARGOSITETO, DISTANCE) VALUES (32, 74, 5919);
    INSERT INTO SEADIST (IDCARGOSITEFROM, IDCARGOSITETO, DISTANCE) VALUES (32, 57, 6622);
    INSERT INTO SEADIST (IDCARGOSITEFROM, IDCARGOSITETO, DISTANCE) VALUES (32, 14, 7073);
    INSERT INTO SEADIST (IDCARGOSITEFROM, IDCARGOSITETO, DISTANCE) VALUES (32, 49, 7345);
    INSERT INTO SEADIST (IDCARGOSITEFROM, IDCARGOSITETO, DISTANCE) VALUES (32, 44, 7458);
    INSERT INTO SEADIST (IDCARGOSITEFROM, IDCARGOSITETO, DISTANCE) VALUES (32, 46, 7508);
    INSERT INTO SEADIST (IDCARGOSITEFROM, IDCARGOSITETO, DISTANCE) VALUES (32, 42, 8645);
    INSERT INTO SEADIST (IDCARGOSITEFROM, IDCARGOSITETO, DISTANCE) VALUES (33, 54, 155);
    INSERT INTO SEADIST (IDCARGOSITEFROM, IDCARGOSITETO, DISTANCE) VALUES (33, 24, 678);
    INSERT INTO SEADIST (IDCARGOSITEFROM, IDCARGOSITETO, DISTANCE) VALUES (33, 39, 937);
    INSERT INTO SEADIST (IDCARGOSITEFROM, IDCARGOSITETO, DISTANCE) VALUES (33, 64, 939);
    INSERT INTO SEADIST (IDCARGOSITEFROM, IDCARGOSITETO, DISTANCE) VALUES (33, 11, 1199);
    INSERT INTO SEADIST (IDCARGOSITEFROM, IDCARGOSITETO, DISTANCE) VALUES (33, 20, 1324);
    INSERT INTO SEADIST (IDCARGOSITEFROM, IDCARGOSITETO, DISTANCE) VALUES (33, 40, 1403);
    INSERT INTO SEADIST (IDCARGOSITEFROM, IDCARGOSITETO, DISTANCE) VALUES (33, 21, 1511);
    INSERT INTO SEADIST (IDCARGOSITEFROM, IDCARGOSITETO, DISTANCE) VALUES (33, 69, 1511);
    INSERT INTO SEADIST (IDCARGOSITEFROM, IDCARGOSITETO, DISTANCE) VALUES (33, 78, 1544);
    INSERT INTO SEADIST (IDCARGOSITEFROM, IDCARGOSITETO, DISTANCE) VALUES (33, 75, 1565);
    INSERT INTO SEADIST (IDCARGOSITEFROM, IDCARGOSITETO, DISTANCE) VALUES (33, 41, 1569);
    INSERT INTO SEADIST (IDCARGOSITEFROM, IDCARGOSITETO, DISTANCE) VALUES (33, 30, 1609);
    INSERT INTO SEADIST (IDCARGOSITEFROM, IDCARGOSITETO, DISTANCE) VALUES (33, 3, 1615);
    INSERT INTO SEADIST (IDCARGOSITEFROM, IDCARGOSITETO, DISTANCE) VALUES (33, 7, 1639);
    INSERT INTO SEADIST (IDCARGOSITEFROM, IDCARGOSITETO, DISTANCE) VALUES (33, 31, 1863);
    INSERT INTO SEADIST (IDCARGOSITEFROM, IDCARGOSITETO, DISTANCE) VALUES (33, 9, 1864);
    INSERT INTO SEADIST (IDCARGOSITEFROM, IDCARGOSITETO, DISTANCE) VALUES (33, 48, 1893);
    INSERT INTO SEADIST (IDCARGOSITEFROM, IDCARGOSITETO, DISTANCE) VALUES (33, 27, 1971);
    INSERT INTO SEADIST (IDCARGOSITEFROM, IDCARGOSITETO, DISTANCE) VALUES (33, 43, 2045);
    INSERT INTO SEADIST (IDCARGOSITEFROM, IDCARGOSITETO, DISTANCE) VALUES (33, 51, 2106);
    INSERT INTO SEADIST (IDCARGOSITEFROM, IDCARGOSITETO, DISTANCE) VALUES (33, 1, 2137);
    INSERT INTO SEADIST (IDCARGOSITEFROM, IDCARGOSITETO, DISTANCE) VALUES (33, 17, 2161);
    INSERT INTO SEADIST (IDCARGOSITEFROM, IDCARGOSITETO, DISTANCE) VALUES (33, 60, 2270);
    INSERT INTO SEADIST (IDCARGOSITEFROM, IDCARGOSITETO, DISTANCE) VALUES (33, 50, 2363);
    INSERT INTO SEADIST (IDCARGOSITEFROM, IDCARGOSITETO, DISTANCE) VALUES (33, 26, 2427);
    INSERT INTO SEADIST (IDCARGOSITEFROM, IDCARGOSITETO, DISTANCE) VALUES (33, 35, 2462);
    INSERT INTO SEADIST (IDCARGOSITEFROM, IDCARGOSITETO, DISTANCE) VALUES (33, 67, 2583);
    INSERT INTO SEADIST (IDCARGOSITEFROM, IDCARGOSITETO, DISTANCE) VALUES (33, 52, 2605);
    INSERT INTO SEADIST (IDCARGOSITEFROM, IDCARGOSITETO, DISTANCE) VALUES (33, 65, 2612);
    INSERT INTO SEADIST (IDCARGOSITEFROM, IDCARGOSITETO, DISTANCE) VALUES (33, 4, 2613);
    INSERT INTO SEADIST (IDCARGOSITEFROM, IDCARGOSITETO, DISTANCE) VALUES (33, 68, 2690);
    INSERT INTO SEADIST (IDCARGOSITEFROM, IDCARGOSITETO, DISTANCE) VALUES (33, 32, 2711);
    INSERT INTO SEADIST (IDCARGOSITEFROM, IDCARGOSITETO, DISTANCE) VALUES (33, 58, 2732);
    INSERT INTO SEADIST (IDCARGOSITEFROM, IDCARGOSITETO, DISTANCE) VALUES (33, 37, 2766);
    INSERT INTO SEADIST (IDCARGOSITEFROM, IDCARGOSITETO, DISTANCE) VALUES (33, 34, 2768);
    INSERT INTO SEADIST (IDCARGOSITEFROM, IDCARGOSITETO, DISTANCE) VALUES (33, 36, 2768);
    INSERT INTO SEADIST (IDCARGOSITEFROM, IDCARGOSITETO, DISTANCE) VALUES (33, 53, 2768);
    INSERT INTO SEADIST (IDCARGOSITEFROM, IDCARGOSITETO, DISTANCE) VALUES (33, 73, 2788);
    INSERT INTO SEADIST (IDCARGOSITEFROM, IDCARGOSITETO, DISTANCE) VALUES (33, 66, 2852);
    INSERT INTO SEADIST (IDCARGOSITEFROM, IDCARGOSITETO, DISTANCE) VALUES (33, 2, 2909);
    INSERT INTO SEADIST (IDCARGOSITEFROM, IDCARGOSITETO, DISTANCE) VALUES (33, 38, 3045);
    INSERT INTO SEADIST (IDCARGOSITEFROM, IDCARGOSITETO, DISTANCE) VALUES (33, 15, 3047);
    INSERT INTO SEADIST (IDCARGOSITEFROM, IDCARGOSITETO, DISTANCE) VALUES (33, 10, 3050);
    INSERT INTO SEADIST (IDCARGOSITEFROM, IDCARGOSITETO, DISTANCE) VALUES (33, 72, 3073);
    INSERT INTO SEADIST (IDCARGOSITEFROM, IDCARGOSITETO, DISTANCE) VALUES (33, 47, 3085);
    INSERT INTO SEADIST (IDCARGOSITEFROM, IDCARGOSITETO, DISTANCE) VALUES (33, 16, 3120);
    INSERT INTO SEADIST (IDCARGOSITEFROM, IDCARGOSITETO, DISTANCE) VALUES (33, 61, 3209);
    INSERT INTO SEADIST (IDCARGOSITEFROM, IDCARGOSITETO, DISTANCE) VALUES (33, 25, 3244);
    INSERT INTO SEADIST (IDCARGOSITEFROM, IDCARGOSITETO, DISTANCE) VALUES (33, 18, 3261);
    INSERT INTO SEADIST (IDCARGOSITEFROM, IDCARGOSITETO, DISTANCE) VALUES (33, 6, 3300);
    INSERT INTO SEADIST (IDCARGOSITEFROM, IDCARGOSITETO, DISTANCE) VALUES (33, 23, 3315);
    INSERT INTO SEADIST (IDCARGOSITEFROM, IDCARGOSITETO, DISTANCE) VALUES (33, 56, 3393);
    INSERT INTO SEADIST (IDCARGOSITEFROM, IDCARGOSITETO, DISTANCE) VALUES (33, 8, 3510);
    INSERT INTO SEADIST (IDCARGOSITEFROM, IDCARGOSITETO, DISTANCE) VALUES (33, 55, 3527);
    INSERT INTO SEADIST (IDCARGOSITEFROM, IDCARGOSITETO, DISTANCE) VALUES (33, 12, 3654);
    INSERT INTO SEADIST (IDCARGOSITEFROM, IDCARGOSITETO, DISTANCE) VALUES (33, 74, 3704);
    INSERT INTO SEADIST (IDCARGOSITEFROM, IDCARGOSITETO, DISTANCE) VALUES (33, 22, 3780);
    INSERT INTO SEADIST (IDCARGOSITEFROM, IDCARGOSITETO, DISTANCE) VALUES (33, 19, 4041);
    INSERT INTO SEADIST (IDCARGOSITEFROM, IDCARGOSITETO, DISTANCE) VALUES (33, 63, 4082);
    INSERT INTO SEADIST (IDCARGOSITEFROM, IDCARGOSITETO, DISTANCE) VALUES (33, 29, 4137);
    INSERT INTO SEADIST (IDCARGOSITEFROM, IDCARGOSITETO, DISTANCE) VALUES (33, 57, 4189);
    INSERT INTO SEADIST (IDCARGOSITEFROM, IDCARGOSITETO, DISTANCE) VALUES (33, 59, 4604);
    INSERT INTO SEADIST (IDCARGOSITEFROM, IDCARGOSITETO, DISTANCE) VALUES (33, 14, 4640);
    INSERT INTO SEADIST (IDCARGOSITEFROM, IDCARGOSITETO, DISTANCE) VALUES (33, 49, 4898);
    INSERT INTO SEADIST (IDCARGOSITEFROM, IDCARGOSITETO, DISTANCE) VALUES (33, 44, 5025);
    INSERT INTO SEADIST (IDCARGOSITEFROM, IDCARGOSITETO, DISTANCE) VALUES (33, 46, 5075);
    INSERT INTO SEADIST (IDCARGOSITEFROM, IDCARGOSITETO, DISTANCE) VALUES (33, 70, 5915);
    INSERT INTO SEADIST (IDCARGOSITEFROM, IDCARGOSITETO, DISTANCE) VALUES (33, 62, 6102);
    INSERT INTO SEADIST (IDCARGOSITEFROM, IDCARGOSITETO, DISTANCE) VALUES (33, 42, 6212);
    INSERT INTO SEADIST (IDCARGOSITEFROM, IDCARGOSITETO, DISTANCE) VALUES (33, 71, 7321);
    INSERT INTO SEADIST (IDCARGOSITEFROM, IDCARGOSITETO, DISTANCE) VALUES (34, 2, 1133);
    INSERT INTO SEADIST (IDCARGOSITEFROM, IDCARGOSITETO, DISTANCE) VALUES (34, 7, 1296);
    INSERT INTO SEADIST (IDCARGOSITEFROM, IDCARGOSITETO, DISTANCE) VALUES (34, 47, 1316);
    INSERT INTO SEADIST (IDCARGOSITEFROM, IDCARGOSITETO, DISTANCE) VALUES (34, 69, 1384);
    INSERT INTO SEADIST (IDCARGOSITEFROM, IDCARGOSITETO, DISTANCE) VALUES (34, 23, 1539);
    INSERT INTO SEADIST (IDCARGOSITEFROM, IDCARGOSITETO, DISTANCE) VALUES (34, 40, 2910);
    INSERT INTO SEADIST (IDCARGOSITEFROM, IDCARGOSITETO, DISTANCE) VALUES (34, 41, 2964);
    INSERT INTO SEADIST (IDCARGOSITEFROM, IDCARGOSITETO, DISTANCE) VALUES (34, 43, 3440);
    INSERT INTO SEADIST (IDCARGOSITEFROM, IDCARGOSITETO, DISTANCE) VALUES (34, 67, 3978);
    INSERT INTO SEADIST (IDCARGOSITEFROM, IDCARGOSITETO, DISTANCE) VALUES (34, 51, 4857);
    INSERT INTO SEADIST (IDCARGOSITEFROM, IDCARGOSITETO, DISTANCE) VALUES (34, 49, 6836);
    INSERT INTO SEADIST (IDCARGOSITEFROM, IDCARGOSITETO, DISTANCE) VALUES (34, 42, 8920);
    INSERT INTO SEADIST (IDCARGOSITEFROM, IDCARGOSITETO, DISTANCE) VALUES (35, 67, 340);
    INSERT INTO SEADIST (IDCARGOSITEFROM, IDCARGOSITETO, DISTANCE) VALUES (35, 43, 473);
    INSERT INTO SEADIST (IDCARGOSITEFROM, IDCARGOSITETO, DISTANCE) VALUES (35, 66, 568);
    INSERT INTO SEADIST (IDCARGOSITEFROM, IDCARGOSITETO, DISTANCE) VALUES (35, 41, 1006);
    INSERT INTO SEADIST (IDCARGOSITEFROM, IDCARGOSITETO, DISTANCE) VALUES (35, 40, 1351);
    INSERT INTO SEADIST (IDCARGOSITEFROM, IDCARGOSITETO, DISTANCE) VALUES (35, 69, 2600);
    INSERT INTO SEADIST (IDCARGOSITEFROM, IDCARGOSITETO, DISTANCE) VALUES (35, 7, 2728);
    INSERT INTO SEADIST (IDCARGOSITEFROM, IDCARGOSITETO, DISTANCE) VALUES (35, 34, 3857);
    INSERT INTO SEADIST (IDCARGOSITEFROM, IDCARGOSITETO, DISTANCE) VALUES (35, 36, 3857);
    INSERT INTO SEADIST (IDCARGOSITEFROM, IDCARGOSITETO, DISTANCE) VALUES (35, 53, 3857);
    INSERT INTO SEADIST (IDCARGOSITEFROM, IDCARGOSITETO, DISTANCE) VALUES (35, 51, 3983);
    INSERT INTO SEADIST (IDCARGOSITEFROM, IDCARGOSITETO, DISTANCE) VALUES (35, 2, 3998);
    INSERT INTO SEADIST (IDCARGOSITEFROM, IDCARGOSITETO, DISTANCE) VALUES (35, 47, 4174);
    INSERT INTO SEADIST (IDCARGOSITEFROM, IDCARGOSITETO, DISTANCE) VALUES (35, 23, 4404);
    INSERT INTO SEADIST (IDCARGOSITEFROM, IDCARGOSITETO, DISTANCE) VALUES (35, 49, 7096);
    INSERT INTO SEADIST (IDCARGOSITEFROM, IDCARGOSITETO, DISTANCE) VALUES (35, 42, 8396);
    INSERT INTO SEADIST (IDCARGOSITEFROM, IDCARGOSITETO, DISTANCE) VALUES (36, 2, 1133);
    INSERT INTO SEADIST (IDCARGOSITEFROM, IDCARGOSITETO, DISTANCE) VALUES (36, 7, 1296);
    INSERT INTO SEADIST (IDCARGOSITEFROM, IDCARGOSITETO, DISTANCE) VALUES (36, 47, 1316);
    INSERT INTO SEADIST (IDCARGOSITEFROM, IDCARGOSITETO, DISTANCE) VALUES (36, 69, 1384);
    INSERT INTO SEADIST (IDCARGOSITEFROM, IDCARGOSITETO, DISTANCE) VALUES (36, 23, 1539);
    INSERT INTO SEADIST (IDCARGOSITEFROM, IDCARGOSITETO, DISTANCE) VALUES (36, 40, 2910);
    INSERT INTO SEADIST (IDCARGOSITEFROM, IDCARGOSITETO, DISTANCE) VALUES (36, 41, 2964);
    INSERT INTO SEADIST (IDCARGOSITEFROM, IDCARGOSITETO, DISTANCE) VALUES (36, 43, 3440);
    INSERT INTO SEADIST (IDCARGOSITEFROM, IDCARGOSITETO, DISTANCE) VALUES (36, 67, 3978);
    INSERT INTO SEADIST (IDCARGOSITEFROM, IDCARGOSITETO, DISTANCE) VALUES (36, 51, 4857);
    INSERT INTO SEADIST (IDCARGOSITEFROM, IDCARGOSITETO, DISTANCE) VALUES (36, 49, 6836);
    INSERT INTO SEADIST (IDCARGOSITEFROM, IDCARGOSITETO, DISTANCE) VALUES (36, 42, 8920);
    INSERT INTO SEADIST (IDCARGOSITEFROM, IDCARGOSITETO, DISTANCE) VALUES (37, 66, 106);
    INSERT INTO SEADIST (IDCARGOSITEFROM, IDCARGOSITETO, DISTANCE) VALUES (37, 67, 297);
    INSERT INTO SEADIST (IDCARGOSITEFROM, IDCARGOSITETO, DISTANCE) VALUES (37, 35, 485);
    INSERT INTO SEADIST (IDCARGOSITEFROM, IDCARGOSITETO, DISTANCE) VALUES (37, 26, 486);
    INSERT INTO SEADIST (IDCARGOSITEFROM, IDCARGOSITETO, DISTANCE) VALUES (37, 60, 636);
    INSERT INTO SEADIST (IDCARGOSITEFROM, IDCARGOSITETO, DISTANCE) VALUES (37, 31, 780);
    INSERT INTO SEADIST (IDCARGOSITEFROM, IDCARGOSITETO, DISTANCE) VALUES (37, 43, 781);
    INSERT INTO SEADIST (IDCARGOSITEFROM, IDCARGOSITETO, DISTANCE) VALUES (37, 9, 1062);
    INSERT INTO SEADIST (IDCARGOSITEFROM, IDCARGOSITETO, DISTANCE) VALUES (37, 75, 1259);
    INSERT INTO SEADIST (IDCARGOSITEFROM, IDCARGOSITETO, DISTANCE) VALUES (37, 21, 1297);
    INSERT INTO SEADIST (IDCARGOSITEFROM, IDCARGOSITETO, DISTANCE) VALUES (37, 41, 1310);
    INSERT INTO SEADIST (IDCARGOSITEFROM, IDCARGOSITETO, DISTANCE) VALUES (37, 20, 1625);
    INSERT INTO SEADIST (IDCARGOSITEFROM, IDCARGOSITETO, DISTANCE) VALUES (37, 11, 1633);
    INSERT INTO SEADIST (IDCARGOSITEFROM, IDCARGOSITETO, DISTANCE) VALUES (37, 40, 1655);
    INSERT INTO SEADIST (IDCARGOSITEFROM, IDCARGOSITETO, DISTANCE) VALUES (37, 50, 1664);
    INSERT INTO SEADIST (IDCARGOSITEFROM, IDCARGOSITETO, DISTANCE) VALUES (37, 39, 2086);
    INSERT INTO SEADIST (IDCARGOSITEFROM, IDCARGOSITETO, DISTANCE) VALUES (37, 64, 2268);
    INSERT INTO SEADIST (IDCARGOSITEFROM, IDCARGOSITETO, DISTANCE) VALUES (37, 24, 2687);
    INSERT INTO SEADIST (IDCARGOSITEFROM, IDCARGOSITETO, DISTANCE) VALUES (37, 69, 2904);
    INSERT INTO SEADIST (IDCARGOSITEFROM, IDCARGOSITETO, DISTANCE) VALUES (37, 7, 3032);
    INSERT INTO SEADIST (IDCARGOSITEFROM, IDCARGOSITETO, DISTANCE) VALUES (37, 48, 3286);
    INSERT INTO SEADIST (IDCARGOSITEFROM, IDCARGOSITETO, DISTANCE) VALUES (37, 27, 3364);
    INSERT INTO SEADIST (IDCARGOSITEFROM, IDCARGOSITETO, DISTANCE) VALUES (37, 52, 3998);
    INSERT INTO SEADIST (IDCARGOSITEFROM, IDCARGOSITETO, DISTANCE) VALUES (37, 4, 4006);
    INSERT INTO SEADIST (IDCARGOSITEFROM, IDCARGOSITETO, DISTANCE) VALUES (37, 34, 4161);
    INSERT INTO SEADIST (IDCARGOSITEFROM, IDCARGOSITETO, DISTANCE) VALUES (37, 36, 4161);
    INSERT INTO SEADIST (IDCARGOSITEFROM, IDCARGOSITETO, DISTANCE) VALUES (37, 53, 4161);
    INSERT INTO SEADIST (IDCARGOSITEFROM, IDCARGOSITETO, DISTANCE) VALUES (37, 73, 4181);
    INSERT INTO SEADIST (IDCARGOSITEFROM, IDCARGOSITETO, DISTANCE) VALUES (37, 51, 4287);
    INSERT INTO SEADIST (IDCARGOSITEFROM, IDCARGOSITETO, DISTANCE) VALUES (37, 2, 4302);
    INSERT INTO SEADIST (IDCARGOSITEFROM, IDCARGOSITETO, DISTANCE) VALUES (37, 47, 4478);
    INSERT INTO SEADIST (IDCARGOSITEFROM, IDCARGOSITETO, DISTANCE) VALUES (37, 16, 4513);
    INSERT INTO SEADIST (IDCARGOSITEFROM, IDCARGOSITETO, DISTANCE) VALUES (37, 25, 4637);
    INSERT INTO SEADIST (IDCARGOSITEFROM, IDCARGOSITETO, DISTANCE) VALUES (37, 23, 4708);
    INSERT INTO SEADIST (IDCARGOSITEFROM, IDCARGOSITETO, DISTANCE) VALUES (37, 8, 4903);
    INSERT INTO SEADIST (IDCARGOSITEFROM, IDCARGOSITETO, DISTANCE) VALUES (37, 55, 4920);
    INSERT INTO SEADIST (IDCARGOSITEFROM, IDCARGOSITETO, DISTANCE) VALUES (37, 18, 5749);
    INSERT INTO SEADIST (IDCARGOSITEFROM, IDCARGOSITETO, DISTANCE) VALUES (37, 6, 5788);
    INSERT INTO SEADIST (IDCARGOSITEFROM, IDCARGOSITETO, DISTANCE) VALUES (37, 74, 5974);
    INSERT INTO SEADIST (IDCARGOSITEFROM, IDCARGOSITETO, DISTANCE) VALUES (37, 57, 6677);
    INSERT INTO SEADIST (IDCARGOSITEFROM, IDCARGOSITETO, DISTANCE) VALUES (37, 14, 7128);
    INSERT INTO SEADIST (IDCARGOSITEFROM, IDCARGOSITETO, DISTANCE) VALUES (37, 49, 7400);
    INSERT INTO SEADIST (IDCARGOSITEFROM, IDCARGOSITETO, DISTANCE) VALUES (37, 44, 7513);
    INSERT INTO SEADIST (IDCARGOSITEFROM, IDCARGOSITETO, DISTANCE) VALUES (37, 46, 7563);
    INSERT INTO SEADIST (IDCARGOSITEFROM, IDCARGOSITETO, DISTANCE) VALUES (37, 42, 8700);
    INSERT INTO SEADIST (IDCARGOSITEFROM, IDCARGOSITETO, DISTANCE) VALUES (38, 47, 140);
    INSERT INTO SEADIST (IDCARGOSITEFROM, IDCARGOSITETO, DISTANCE) VALUES (38, 52, 559);
    INSERT INTO SEADIST (IDCARGOSITEFROM, IDCARGOSITETO, DISTANCE) VALUES (38, 4, 567);
    INSERT INTO SEADIST (IDCARGOSITEFROM, IDCARGOSITETO, DISTANCE) VALUES (38, 2, 711);
    INSERT INTO SEADIST (IDCARGOSITEFROM, IDCARGOSITETO, DISTANCE) VALUES (38, 16, 922);
    INSERT INTO SEADIST (IDCARGOSITEFROM, IDCARGOSITETO, DISTANCE) VALUES (38, 25, 1046);
    INSERT INTO SEADIST (IDCARGOSITEFROM, IDCARGOSITETO, DISTANCE) VALUES (38, 23, 1117);
    INSERT INTO SEADIST (IDCARGOSITEFROM, IDCARGOSITETO, DISTANCE) VALUES (38, 34, 1280);
    INSERT INTO SEADIST (IDCARGOSITEFROM, IDCARGOSITETO, DISTANCE) VALUES (38, 36, 1280);
    INSERT INTO SEADIST (IDCARGOSITEFROM, IDCARGOSITETO, DISTANCE) VALUES (38, 53, 1280);
    INSERT INTO SEADIST (IDCARGOSITEFROM, IDCARGOSITETO, DISTANCE) VALUES (38, 73, 1300);
    INSERT INTO SEADIST (IDCARGOSITEFROM, IDCARGOSITETO, DISTANCE) VALUES (38, 8, 1312);
    INSERT INTO SEADIST (IDCARGOSITEFROM, IDCARGOSITETO, DISTANCE) VALUES (38, 55, 1329);
    INSERT INTO SEADIST (IDCARGOSITEFROM, IDCARGOSITETO, DISTANCE) VALUES (38, 27, 1416);
    INSERT INTO SEADIST (IDCARGOSITEFROM, IDCARGOSITETO, DISTANCE) VALUES (38, 48, 1444);
    INSERT INTO SEADIST (IDCARGOSITEFROM, IDCARGOSITETO, DISTANCE) VALUES (38, 7, 1596);
    INSERT INTO SEADIST (IDCARGOSITEFROM, IDCARGOSITETO, DISTANCE) VALUES (38, 69, 1677);
    INSERT INTO SEADIST (IDCARGOSITEFROM, IDCARGOSITETO, DISTANCE) VALUES (38, 64, 2205);
    INSERT INTO SEADIST (IDCARGOSITEFROM, IDCARGOSITETO, DISTANCE) VALUES (38, 39, 2375);
    INSERT INTO SEADIST (IDCARGOSITEFROM, IDCARGOSITETO, DISTANCE) VALUES (38, 24, 2529);
    INSERT INTO SEADIST (IDCARGOSITEFROM, IDCARGOSITETO, DISTANCE) VALUES (38, 11, 2863);
    INSERT INTO SEADIST (IDCARGOSITEFROM, IDCARGOSITETO, DISTANCE) VALUES (38, 20, 3117);
    INSERT INTO SEADIST (IDCARGOSITEFROM, IDCARGOSITETO, DISTANCE) VALUES (38, 21, 3183);
    INSERT INTO SEADIST (IDCARGOSITEFROM, IDCARGOSITETO, DISTANCE) VALUES (38, 40, 3187);
    INSERT INTO SEADIST (IDCARGOSITEFROM, IDCARGOSITETO, DISTANCE) VALUES (38, 75, 3237);
    INSERT INTO SEADIST (IDCARGOSITEFROM, IDCARGOSITETO, DISTANCE) VALUES (38, 41, 3241);
    INSERT INTO SEADIST (IDCARGOSITEFROM, IDCARGOSITETO, DISTANCE) VALUES (38, 31, 3535);
    INSERT INTO SEADIST (IDCARGOSITEFROM, IDCARGOSITETO, DISTANCE) VALUES (38, 43, 3717);
    INSERT INTO SEADIST (IDCARGOSITEFROM, IDCARGOSITETO, DISTANCE) VALUES (38, 9, 3733);
    INSERT INTO SEADIST (IDCARGOSITEFROM, IDCARGOSITETO, DISTANCE) VALUES (38, 1, 3809);
    INSERT INTO SEADIST (IDCARGOSITEFROM, IDCARGOSITETO, DISTANCE) VALUES (38, 17, 3833);
    INSERT INTO SEADIST (IDCARGOSITEFROM, IDCARGOSITETO, DISTANCE) VALUES (38, 60, 3942);
    INSERT INTO SEADIST (IDCARGOSITEFROM, IDCARGOSITETO, DISTANCE) VALUES (38, 26, 4099);
    INSERT INTO SEADIST (IDCARGOSITEFROM, IDCARGOSITETO, DISTANCE) VALUES (38, 35, 4134);
    INSERT INTO SEADIST (IDCARGOSITEFROM, IDCARGOSITETO, DISTANCE) VALUES (38, 67, 4255);
    INSERT INTO SEADIST (IDCARGOSITEFROM, IDCARGOSITETO, DISTANCE) VALUES (38, 50, 4329);
    INSERT INTO SEADIST (IDCARGOSITEFROM, IDCARGOSITETO, DISTANCE) VALUES (38, 68, 4362);
    INSERT INTO SEADIST (IDCARGOSITEFROM, IDCARGOSITETO, DISTANCE) VALUES (38, 32, 4383);
    INSERT INTO SEADIST (IDCARGOSITEFROM, IDCARGOSITETO, DISTANCE) VALUES (38, 37, 4438);
    INSERT INTO SEADIST (IDCARGOSITEFROM, IDCARGOSITETO, DISTANCE) VALUES (38, 66, 4524);
    INSERT INTO SEADIST (IDCARGOSITEFROM, IDCARGOSITETO, DISTANCE) VALUES (38, 51, 5134);
    INSERT INTO SEADIST (IDCARGOSITEFROM, IDCARGOSITETO, DISTANCE) VALUES (38, 18, 6246);
    INSERT INTO SEADIST (IDCARGOSITEFROM, IDCARGOSITETO, DISTANCE) VALUES (38, 6, 6285);
    INSERT INTO SEADIST (IDCARGOSITEFROM, IDCARGOSITETO, DISTANCE) VALUES (38, 74, 6740);
    INSERT INTO SEADIST (IDCARGOSITEFROM, IDCARGOSITETO, DISTANCE) VALUES (38, 22, 6765);
    INSERT INTO SEADIST (IDCARGOSITEFROM, IDCARGOSITETO, DISTANCE) VALUES (38, 19, 7026);
    INSERT INTO SEADIST (IDCARGOSITEFROM, IDCARGOSITETO, DISTANCE) VALUES (38, 49, 7113);
    INSERT INTO SEADIST (IDCARGOSITEFROM, IDCARGOSITETO, DISTANCE) VALUES (38, 29, 7122);
    INSERT INTO SEADIST (IDCARGOSITEFROM, IDCARGOSITETO, DISTANCE) VALUES (38, 57, 7174);
    INSERT INTO SEADIST (IDCARGOSITEFROM, IDCARGOSITETO, DISTANCE) VALUES (38, 14, 7625);
    INSERT INTO SEADIST (IDCARGOSITEFROM, IDCARGOSITETO, DISTANCE) VALUES (38, 44, 8010);
    INSERT INTO SEADIST (IDCARGOSITEFROM, IDCARGOSITETO, DISTANCE) VALUES (38, 46, 8060);
    INSERT INTO SEADIST (IDCARGOSITEFROM, IDCARGOSITETO, DISTANCE) VALUES (38, 42, 9197);
    INSERT INTO SEADIST (IDCARGOSITEFROM, IDCARGOSITETO, DISTANCE) VALUES (39, 64, 207);
    INSERT INTO SEADIST (IDCARGOSITEFROM, IDCARGOSITETO, DISTANCE) VALUES (39, 40, 835);
    INSERT INTO SEADIST (IDCARGOSITEFROM, IDCARGOSITETO, DISTANCE) VALUES (39, 69, 841);
    INSERT INTO SEADIST (IDCARGOSITEFROM, IDCARGOSITETO, DISTANCE) VALUES (39, 41, 889);
    INSERT INTO SEADIST (IDCARGOSITEFROM, IDCARGOSITETO, DISTANCE) VALUES (39, 7, 969);
    INSERT INTO SEADIST (IDCARGOSITEFROM, IDCARGOSITETO, DISTANCE) VALUES (39, 43, 1365);
    INSERT INTO SEADIST (IDCARGOSITEFROM, IDCARGOSITETO, DISTANCE) VALUES (39, 35, 1782);
    INSERT INTO SEADIST (IDCARGOSITEFROM, IDCARGOSITETO, DISTANCE) VALUES (39, 67, 1903);
    INSERT INTO SEADIST (IDCARGOSITEFROM, IDCARGOSITETO, DISTANCE) VALUES (39, 34, 2098);
    INSERT INTO SEADIST (IDCARGOSITEFROM, IDCARGOSITETO, DISTANCE) VALUES (39, 36, 2098);
    INSERT INTO SEADIST (IDCARGOSITEFROM, IDCARGOSITETO, DISTANCE) VALUES (39, 53, 2098);
    INSERT INTO SEADIST (IDCARGOSITEFROM, IDCARGOSITETO, DISTANCE) VALUES (39, 66, 2172);
    INSERT INTO SEADIST (IDCARGOSITEFROM, IDCARGOSITETO, DISTANCE) VALUES (39, 2, 2239);
    INSERT INTO SEADIST (IDCARGOSITEFROM, IDCARGOSITETO, DISTANCE) VALUES (39, 47, 2415);
    INSERT INTO SEADIST (IDCARGOSITEFROM, IDCARGOSITETO, DISTANCE) VALUES (39, 16, 2450);
    INSERT INTO SEADIST (IDCARGOSITEFROM, IDCARGOSITETO, DISTANCE) VALUES (39, 25, 2574);
    INSERT INTO SEADIST (IDCARGOSITEFROM, IDCARGOSITETO, DISTANCE) VALUES (39, 23, 2645);
    INSERT INTO SEADIST (IDCARGOSITEFROM, IDCARGOSITETO, DISTANCE) VALUES (39, 51, 2948);
    INSERT INTO SEADIST (IDCARGOSITEFROM, IDCARGOSITETO, DISTANCE) VALUES (39, 49, 5375);
    INSERT INTO SEADIST (IDCARGOSITEFROM, IDCARGOSITETO, DISTANCE) VALUES (39, 42, 7141);
    INSERT INTO SEADIST (IDCARGOSITEFROM, IDCARGOSITETO, DISTANCE) VALUES (40, 41, 652);
    INSERT INTO SEADIST (IDCARGOSITEFROM, IDCARGOSITETO, DISTANCE) VALUES (40, 51, 3115);
    INSERT INTO SEADIST (IDCARGOSITEFROM, IDCARGOSITETO, DISTANCE) VALUES (40, 49, 6134);
    INSERT INTO SEADIST (IDCARGOSITEFROM, IDCARGOSITETO, DISTANCE) VALUES (40, 42, 7491);
    INSERT INTO SEADIST (IDCARGOSITEFROM, IDCARGOSITETO, DISTANCE) VALUES (41, 51, 3349);
    INSERT INTO SEADIST (IDCARGOSITEFROM, IDCARGOSITETO, DISTANCE) VALUES (41, 49, 6203);
    INSERT INTO SEADIST (IDCARGOSITEFROM, IDCARGOSITETO, DISTANCE) VALUES (41, 42, 7711);
    INSERT INTO SEADIST (IDCARGOSITEFROM, IDCARGOSITETO, DISTANCE) VALUES (42, 51, 4930);
    INSERT INTO SEADIST (IDCARGOSITEFROM, IDCARGOSITETO, DISTANCE) VALUES (42, 49, 7163);
    INSERT INTO SEADIST (IDCARGOSITEFROM, IDCARGOSITETO, DISTANCE) VALUES (43, 41, 589);
    INSERT INTO SEADIST (IDCARGOSITEFROM, IDCARGOSITETO, DISTANCE) VALUES (43, 67, 595);
    INSERT INTO SEADIST (IDCARGOSITEFROM, IDCARGOSITETO, DISTANCE) VALUES (43, 40, 923);
    INSERT INTO SEADIST (IDCARGOSITEFROM, IDCARGOSITETO, DISTANCE) VALUES (43, 51, 3555);
    INSERT INTO SEADIST (IDCARGOSITEFROM, IDCARGOSITETO, DISTANCE) VALUES (43, 2, 3581);
    INSERT INTO SEADIST (IDCARGOSITEFROM, IDCARGOSITETO, DISTANCE) VALUES (43, 47, 3757);
    INSERT INTO SEADIST (IDCARGOSITEFROM, IDCARGOSITETO, DISTANCE) VALUES (43, 23, 3987);
    INSERT INTO SEADIST (IDCARGOSITEFROM, IDCARGOSITETO, DISTANCE) VALUES (43, 49, 6679);
    INSERT INTO SEADIST (IDCARGOSITEFROM, IDCARGOSITETO, DISTANCE) VALUES (43, 42, 7968);
    INSERT INTO SEADIST (IDCARGOSITEFROM, IDCARGOSITETO, DISTANCE) VALUES (44, 42, 1206);
    INSERT INTO SEADIST (IDCARGOSITEFROM, IDCARGOSITETO, DISTANCE) VALUES (44, 6, 1725);
    INSERT INTO SEADIST (IDCARGOSITEFROM, IDCARGOSITETO, DISTANCE) VALUES (44, 18, 1764);
    INSERT INTO SEADIST (IDCARGOSITEFROM, IDCARGOSITETO, DISTANCE) VALUES (44, 14, 2475);
    INSERT INTO SEADIST (IDCARGOSITEFROM, IDCARGOSITETO, DISTANCE) VALUES (44, 46, 2909);
    INSERT INTO SEADIST (IDCARGOSITEFROM, IDCARGOSITETO, DISTANCE) VALUES (44, 74, 3174);
    INSERT INTO SEADIST (IDCARGOSITEFROM, IDCARGOSITETO, DISTANCE) VALUES (44, 51, 3743);
    INSERT INTO SEADIST (IDCARGOSITEFROM, IDCARGOSITETO, DISTANCE) VALUES (44, 64, 5934);
    INSERT INTO SEADIST (IDCARGOSITEFROM, IDCARGOSITETO, DISTANCE) VALUES (44, 39, 5954);
    INSERT INTO SEADIST (IDCARGOSITEFROM, IDCARGOSITETO, DISTANCE) VALUES (44, 49, 6076);
    INSERT INTO SEADIST (IDCARGOSITEFROM, IDCARGOSITETO, DISTANCE) VALUES (44, 40, 6304);
    INSERT INTO SEADIST (IDCARGOSITEFROM, IDCARGOSITETO, DISTANCE) VALUES (44, 69, 6476);
    INSERT INTO SEADIST (IDCARGOSITEFROM, IDCARGOSITETO, DISTANCE) VALUES (44, 75, 6520);
    INSERT INTO SEADIST (IDCARGOSITEFROM, IDCARGOSITETO, DISTANCE) VALUES (44, 41, 6524);
    INSERT INTO SEADIST (IDCARGOSITEFROM, IDCARGOSITETO, DISTANCE) VALUES (44, 9, 6598);
    INSERT INTO SEADIST (IDCARGOSITEFROM, IDCARGOSITETO, DISTANCE) VALUES (44, 7, 6604);
    INSERT INTO SEADIST (IDCARGOSITEFROM, IDCARGOSITETO, DISTANCE) VALUES (44, 43, 6781);
    INSERT INTO SEADIST (IDCARGOSITEFROM, IDCARGOSITETO, DISTANCE) VALUES (44, 48, 6858);
    INSERT INTO SEADIST (IDCARGOSITEFROM, IDCARGOSITETO, DISTANCE) VALUES (44, 50, 6999);
    INSERT INTO SEADIST (IDCARGOSITEFROM, IDCARGOSITETO, DISTANCE) VALUES (44, 26, 7174);
    INSERT INTO SEADIST (IDCARGOSITEFROM, IDCARGOSITETO, DISTANCE) VALUES (44, 35, 7209);
    INSERT INTO SEADIST (IDCARGOSITEFROM, IDCARGOSITETO, DISTANCE) VALUES (44, 67, 7330);
    INSERT INTO SEADIST (IDCARGOSITEFROM, IDCARGOSITETO, DISTANCE) VALUES (44, 66, 7599);
    INSERT INTO SEADIST (IDCARGOSITEFROM, IDCARGOSITETO, DISTANCE) VALUES (44, 34, 7733);
    INSERT INTO SEADIST (IDCARGOSITEFROM, IDCARGOSITETO, DISTANCE) VALUES (44, 36, 7733);
    INSERT INTO SEADIST (IDCARGOSITEFROM, IDCARGOSITETO, DISTANCE) VALUES (44, 53, 7733);
    INSERT INTO SEADIST (IDCARGOSITEFROM, IDCARGOSITETO, DISTANCE) VALUES (44, 2, 7874);
    INSERT INTO SEADIST (IDCARGOSITEFROM, IDCARGOSITETO, DISTANCE) VALUES (44, 47, 8050);
    INSERT INTO SEADIST (IDCARGOSITEFROM, IDCARGOSITETO, DISTANCE) VALUES (44, 16, 8085);
    INSERT INTO SEADIST (IDCARGOSITEFROM, IDCARGOSITETO, DISTANCE) VALUES (44, 25, 8209);
    INSERT INTO SEADIST (IDCARGOSITEFROM, IDCARGOSITETO, DISTANCE) VALUES (44, 23, 8280);
    INSERT INTO SEADIST (IDCARGOSITEFROM, IDCARGOSITETO, DISTANCE) VALUES (45, 27, 590);
    INSERT INTO SEADIST (IDCARGOSITEFROM, IDCARGOSITETO, DISTANCE) VALUES (46, 49, 3665);
    INSERT INTO SEADIST (IDCARGOSITEFROM, IDCARGOSITETO, DISTANCE) VALUES (46, 51, 3793);
    INSERT INTO SEADIST (IDCARGOSITEFROM, IDCARGOSITETO, DISTANCE) VALUES (46, 42, 4083);
    INSERT INTO SEADIST (IDCARGOSITEFROM, IDCARGOSITETO, DISTANCE) VALUES (46, 64, 5984);
    INSERT INTO SEADIST (IDCARGOSITEFROM, IDCARGOSITETO, DISTANCE) VALUES (46, 39, 6004);
    INSERT INTO SEADIST (IDCARGOSITEFROM, IDCARGOSITETO, DISTANCE) VALUES (46, 40, 6354);
    INSERT INTO SEADIST (IDCARGOSITEFROM, IDCARGOSITETO, DISTANCE) VALUES (46, 69, 6526);
    INSERT INTO SEADIST (IDCARGOSITEFROM, IDCARGOSITETO, DISTANCE) VALUES (46, 41, 6574);
    INSERT INTO SEADIST (IDCARGOSITEFROM, IDCARGOSITETO, DISTANCE) VALUES (46, 7, 6654);
    INSERT INTO SEADIST (IDCARGOSITEFROM, IDCARGOSITETO, DISTANCE) VALUES (46, 43, 6831);
    INSERT INTO SEADIST (IDCARGOSITEFROM, IDCARGOSITETO, DISTANCE) VALUES (46, 26, 7224);
    INSERT INTO SEADIST (IDCARGOSITEFROM, IDCARGOSITETO, DISTANCE) VALUES (46, 35, 7259);
    INSERT INTO SEADIST (IDCARGOSITEFROM, IDCARGOSITETO, DISTANCE) VALUES (46, 67, 7380);
    INSERT INTO SEADIST (IDCARGOSITEFROM, IDCARGOSITETO, DISTANCE) VALUES (46, 66, 7649);
    INSERT INTO SEADIST (IDCARGOSITEFROM, IDCARGOSITETO, DISTANCE) VALUES (46, 34, 7783);
    INSERT INTO SEADIST (IDCARGOSITEFROM, IDCARGOSITETO, DISTANCE) VALUES (46, 36, 7783);
    INSERT INTO SEADIST (IDCARGOSITEFROM, IDCARGOSITETO, DISTANCE) VALUES (46, 53, 7783);
    INSERT INTO SEADIST (IDCARGOSITEFROM, IDCARGOSITETO, DISTANCE) VALUES (46, 2, 7924);
    INSERT INTO SEADIST (IDCARGOSITEFROM, IDCARGOSITETO, DISTANCE) VALUES (46, 47, 8100);
    INSERT INTO SEADIST (IDCARGOSITEFROM, IDCARGOSITETO, DISTANCE) VALUES (46, 16, 8135);
    INSERT INTO SEADIST (IDCARGOSITEFROM, IDCARGOSITETO, DISTANCE) VALUES (46, 25, 8259);
    INSERT INTO SEADIST (IDCARGOSITEFROM, IDCARGOSITETO, DISTANCE) VALUES (46, 23, 8330);
    INSERT INTO SEADIST (IDCARGOSITEFROM, IDCARGOSITETO, DISTANCE) VALUES (47, 23, 1141);
    INSERT INTO SEADIST (IDCARGOSITEFROM, IDCARGOSITETO, DISTANCE) VALUES (47, 40, 3227);
    INSERT INTO SEADIST (IDCARGOSITEFROM, IDCARGOSITETO, DISTANCE) VALUES (47, 41, 3281);
    INSERT INTO SEADIST (IDCARGOSITEFROM, IDCARGOSITETO, DISTANCE) VALUES (47, 51, 5174);
    INSERT INTO SEADIST (IDCARGOSITEFROM, IDCARGOSITETO, DISTANCE) VALUES (47, 49, 7153);
    INSERT INTO SEADIST (IDCARGOSITEFROM, IDCARGOSITETO, DISTANCE) VALUES (47, 42, 9237);
    INSERT INTO SEADIST (IDCARGOSITEFROM, IDCARGOSITETO, DISTANCE) VALUES (48, 7, 272);
    INSERT INTO SEADIST (IDCARGOSITEFROM, IDCARGOSITETO, DISTANCE) VALUES (48, 69, 431);
    INSERT INTO SEADIST (IDCARGOSITEFROM, IDCARGOSITETO, DISTANCE) VALUES (48, 64, 1053);
    INSERT INTO SEADIST (IDCARGOSITEFROM, IDCARGOSITETO, DISTANCE) VALUES (48, 34, 1136);
    INSERT INTO SEADIST (IDCARGOSITEFROM, IDCARGOSITETO, DISTANCE) VALUES (48, 36, 1136);
    INSERT INTO SEADIST (IDCARGOSITEFROM, IDCARGOSITETO, DISTANCE) VALUES (48, 53, 1136);
    INSERT INTO SEADIST (IDCARGOSITEFROM, IDCARGOSITETO, DISTANCE) VALUES (48, 39, 1223);
    INSERT INTO SEADIST (IDCARGOSITEFROM, IDCARGOSITETO, DISTANCE) VALUES (48, 2, 1298);
    INSERT INTO SEADIST (IDCARGOSITEFROM, IDCARGOSITETO, DISTANCE) VALUES (48, 47, 1480);
    INSERT INTO SEADIST (IDCARGOSITEFROM, IDCARGOSITETO, DISTANCE) VALUES (48, 16, 1509);
    INSERT INTO SEADIST (IDCARGOSITEFROM, IDCARGOSITETO, DISTANCE) VALUES (48, 25, 1633);
    INSERT INTO SEADIST (IDCARGOSITEFROM, IDCARGOSITETO, DISTANCE) VALUES (48, 23, 1704);
    INSERT INTO SEADIST (IDCARGOSITEFROM, IDCARGOSITETO, DISTANCE) VALUES (48, 40, 2035);
    INSERT INTO SEADIST (IDCARGOSITEFROM, IDCARGOSITETO, DISTANCE) VALUES (48, 75, 2085);
    INSERT INTO SEADIST (IDCARGOSITEFROM, IDCARGOSITETO, DISTANCE) VALUES (48, 41, 2089);
    INSERT INTO SEADIST (IDCARGOSITEFROM, IDCARGOSITETO, DISTANCE) VALUES (48, 43, 2565);
    INSERT INTO SEADIST (IDCARGOSITEFROM, IDCARGOSITETO, DISTANCE) VALUES (48, 9, 2581);
    INSERT INTO SEADIST (IDCARGOSITEFROM, IDCARGOSITETO, DISTANCE) VALUES (48, 26, 2947);
    INSERT INTO SEADIST (IDCARGOSITEFROM, IDCARGOSITETO, DISTANCE) VALUES (48, 35, 2982);
    INSERT INTO SEADIST (IDCARGOSITEFROM, IDCARGOSITETO, DISTANCE) VALUES (48, 67, 3103);
    INSERT INTO SEADIST (IDCARGOSITEFROM, IDCARGOSITETO, DISTANCE) VALUES (48, 50, 3177);
    INSERT INTO SEADIST (IDCARGOSITEFROM, IDCARGOSITETO, DISTANCE) VALUES (48, 66, 3372);
    INSERT INTO SEADIST (IDCARGOSITEFROM, IDCARGOSITETO, DISTANCE) VALUES (48, 51, 3982);
    INSERT INTO SEADIST (IDCARGOSITEFROM, IDCARGOSITETO, DISTANCE) VALUES (48, 18, 5094);
    INSERT INTO SEADIST (IDCARGOSITEFROM, IDCARGOSITETO, DISTANCE) VALUES (48, 6, 5133);
    INSERT INTO SEADIST (IDCARGOSITEFROM, IDCARGOSITETO, DISTANCE) VALUES (48, 49, 5961);
    INSERT INTO SEADIST (IDCARGOSITEFROM, IDCARGOSITETO, DISTANCE) VALUES (48, 14, 6473);
    INSERT INTO SEADIST (IDCARGOSITEFROM, IDCARGOSITETO, DISTANCE) VALUES (48, 46, 6908);
    INSERT INTO SEADIST (IDCARGOSITEFROM, IDCARGOSITETO, DISTANCE) VALUES (48, 42, 8045);
    INSERT INTO SEADIST (IDCARGOSITEFROM, IDCARGOSITETO, DISTANCE) VALUES (50, 43, 923);
    INSERT INTO SEADIST (IDCARGOSITEFROM, IDCARGOSITETO, DISTANCE) VALUES (50, 41, 1207);
    INSERT INTO SEADIST (IDCARGOSITEFROM, IDCARGOSITETO, DISTANCE) VALUES (50, 40, 1239);
    INSERT INTO SEADIST (IDCARGOSITEFROM, IDCARGOSITETO, DISTANCE) VALUES (50, 26, 1325);
    INSERT INTO SEADIST (IDCARGOSITEFROM, IDCARGOSITETO, DISTANCE) VALUES (50, 35, 1360);
    INSERT INTO SEADIST (IDCARGOSITEFROM, IDCARGOSITETO, DISTANCE) VALUES (50, 67, 1481);
    INSERT INTO SEADIST (IDCARGOSITEFROM, IDCARGOSITETO, DISTANCE) VALUES (50, 66, 1750);
    INSERT INTO SEADIST (IDCARGOSITEFROM, IDCARGOSITETO, DISTANCE) VALUES (50, 39, 1977);
    INSERT INTO SEADIST (IDCARGOSITEFROM, IDCARGOSITETO, DISTANCE) VALUES (50, 64, 2159);
    INSERT INTO SEADIST (IDCARGOSITEFROM, IDCARGOSITETO, DISTANCE) VALUES (50, 69, 2795);
    INSERT INTO SEADIST (IDCARGOSITEFROM, IDCARGOSITETO, DISTANCE) VALUES (50, 7, 2923);
    INSERT INTO SEADIST (IDCARGOSITEFROM, IDCARGOSITETO, DISTANCE) VALUES (50, 51, 3773);
    INSERT INTO SEADIST (IDCARGOSITEFROM, IDCARGOSITETO, DISTANCE) VALUES (50, 34, 4052);
    INSERT INTO SEADIST (IDCARGOSITEFROM, IDCARGOSITETO, DISTANCE) VALUES (50, 36, 4052);
    INSERT INTO SEADIST (IDCARGOSITEFROM, IDCARGOSITETO, DISTANCE) VALUES (50, 53, 4052);
    INSERT INTO SEADIST (IDCARGOSITEFROM, IDCARGOSITETO, DISTANCE) VALUES (50, 2, 4193);
    INSERT INTO SEADIST (IDCARGOSITEFROM, IDCARGOSITETO, DISTANCE) VALUES (50, 47, 4369);
    INSERT INTO SEADIST (IDCARGOSITEFROM, IDCARGOSITETO, DISTANCE) VALUES (50, 16, 4404);
    INSERT INTO SEADIST (IDCARGOSITEFROM, IDCARGOSITETO, DISTANCE) VALUES (50, 25, 4528);
    INSERT INTO SEADIST (IDCARGOSITEFROM, IDCARGOSITETO, DISTANCE) VALUES (50, 23, 4599);
    INSERT INTO SEADIST (IDCARGOSITEFROM, IDCARGOSITETO, DISTANCE) VALUES (50, 18, 5235);
    INSERT INTO SEADIST (IDCARGOSITEFROM, IDCARGOSITETO, DISTANCE) VALUES (50, 6, 5274);
    INSERT INTO SEADIST (IDCARGOSITEFROM, IDCARGOSITETO, DISTANCE) VALUES (50, 14, 6614);
    INSERT INTO SEADIST (IDCARGOSITEFROM, IDCARGOSITETO, DISTANCE) VALUES (50, 46, 7049);
    INSERT INTO SEADIST (IDCARGOSITEFROM, IDCARGOSITETO, DISTANCE) VALUES (50, 49, 7182);
    INSERT INTO SEADIST (IDCARGOSITEFROM, IDCARGOSITETO, DISTANCE) VALUES (50, 42, 8186);
    INSERT INTO SEADIST (IDCARGOSITEFROM, IDCARGOSITETO, DISTANCE) VALUES (51, 49, 5755);
    INSERT INTO SEADIST (IDCARGOSITEFROM, IDCARGOSITETO, DISTANCE) VALUES (52, 2, 337);
    INSERT INTO SEADIST (IDCARGOSITEFROM, IDCARGOSITETO, DISTANCE) VALUES (52, 16, 548);
    INSERT INTO SEADIST (IDCARGOSITEFROM, IDCARGOSITETO, DISTANCE) VALUES (52, 47, 586);
    INSERT INTO SEADIST (IDCARGOSITEFROM, IDCARGOSITETO, DISTANCE) VALUES (52, 25, 672);
    INSERT INTO SEADIST (IDCARGOSITEFROM, IDCARGOSITETO, DISTANCE) VALUES (52, 23, 743);
    INSERT INTO SEADIST (IDCARGOSITEFROM, IDCARGOSITETO, DISTANCE) VALUES (52, 34, 835);
    INSERT INTO SEADIST (IDCARGOSITEFROM, IDCARGOSITETO, DISTANCE) VALUES (52, 36, 835);
    INSERT INTO SEADIST (IDCARGOSITEFROM, IDCARGOSITETO, DISTANCE) VALUES (52, 53, 835);
    INSERT INTO SEADIST (IDCARGOSITEFROM, IDCARGOSITETO, DISTANCE) VALUES (52, 73, 855);
    INSERT INTO SEADIST (IDCARGOSITEFROM, IDCARGOSITETO, DISTANCE) VALUES (52, 27, 972);
    INSERT INTO SEADIST (IDCARGOSITEFROM, IDCARGOSITETO, DISTANCE) VALUES (52, 48, 1000);
    INSERT INTO SEADIST (IDCARGOSITEFROM, IDCARGOSITETO, DISTANCE) VALUES (52, 7, 1156);
    INSERT INTO SEADIST (IDCARGOSITEFROM, IDCARGOSITETO, DISTANCE) VALUES (52, 69, 1237);
    INSERT INTO SEADIST (IDCARGOSITEFROM, IDCARGOSITETO, DISTANCE) VALUES (52, 64, 1765);
    INSERT INTO SEADIST (IDCARGOSITEFROM, IDCARGOSITETO, DISTANCE) VALUES (52, 39, 1935);
    INSERT INTO SEADIST (IDCARGOSITEFROM, IDCARGOSITETO, DISTANCE) VALUES (52, 24, 2089);
    INSERT INTO SEADIST (IDCARGOSITEFROM, IDCARGOSITETO, DISTANCE) VALUES (52, 20, 2677);
    INSERT INTO SEADIST (IDCARGOSITEFROM, IDCARGOSITETO, DISTANCE) VALUES (52, 40, 2747);
    INSERT INTO SEADIST (IDCARGOSITEFROM, IDCARGOSITETO, DISTANCE) VALUES (52, 75, 2797);
    INSERT INTO SEADIST (IDCARGOSITEFROM, IDCARGOSITETO, DISTANCE) VALUES (52, 41, 2801);
    INSERT INTO SEADIST (IDCARGOSITEFROM, IDCARGOSITETO, DISTANCE) VALUES (52, 43, 3277);
    INSERT INTO SEADIST (IDCARGOSITEFROM, IDCARGOSITETO, DISTANCE) VALUES (52, 9, 3293);
    INSERT INTO SEADIST (IDCARGOSITEFROM, IDCARGOSITETO, DISTANCE) VALUES (52, 26, 3659);
    INSERT INTO SEADIST (IDCARGOSITEFROM, IDCARGOSITETO, DISTANCE) VALUES (52, 35, 3694);
    INSERT INTO SEADIST (IDCARGOSITEFROM, IDCARGOSITETO, DISTANCE) VALUES (52, 67, 3815);
    INSERT INTO SEADIST (IDCARGOSITEFROM, IDCARGOSITETO, DISTANCE) VALUES (52, 50, 3889);
    INSERT INTO SEADIST (IDCARGOSITEFROM, IDCARGOSITETO, DISTANCE) VALUES (52, 66, 4084);
    INSERT INTO SEADIST (IDCARGOSITEFROM, IDCARGOSITETO, DISTANCE) VALUES (52, 51, 4694);
    INSERT INTO SEADIST (IDCARGOSITEFROM, IDCARGOSITETO, DISTANCE) VALUES (52, 18, 5806);
    INSERT INTO SEADIST (IDCARGOSITEFROM, IDCARGOSITETO, DISTANCE) VALUES (52, 6, 5845);
    INSERT INTO SEADIST (IDCARGOSITEFROM, IDCARGOSITETO, DISTANCE) VALUES (52, 74, 6300);
    INSERT INTO SEADIST (IDCARGOSITEFROM, IDCARGOSITETO, DISTANCE) VALUES (52, 49, 6673);
    INSERT INTO SEADIST (IDCARGOSITEFROM, IDCARGOSITETO, DISTANCE) VALUES (52, 57, 6734);
    INSERT INTO SEADIST (IDCARGOSITEFROM, IDCARGOSITETO, DISTANCE) VALUES (52, 14, 7185);
    INSERT INTO SEADIST (IDCARGOSITEFROM, IDCARGOSITETO, DISTANCE) VALUES (52, 44, 7570);
    INSERT INTO SEADIST (IDCARGOSITEFROM, IDCARGOSITETO, DISTANCE) VALUES (52, 46, 7620);
    INSERT INTO SEADIST (IDCARGOSITEFROM, IDCARGOSITETO, DISTANCE) VALUES (52, 42, 8757);
    INSERT INTO SEADIST (IDCARGOSITEFROM, IDCARGOSITETO, DISTANCE) VALUES (53, 2, 1133);
    INSERT INTO SEADIST (IDCARGOSITEFROM, IDCARGOSITETO, DISTANCE) VALUES (53, 7, 1296);
    INSERT INTO SEADIST (IDCARGOSITEFROM, IDCARGOSITETO, DISTANCE) VALUES (53, 47, 1316);
    INSERT INTO SEADIST (IDCARGOSITEFROM, IDCARGOSITETO, DISTANCE) VALUES (53, 69, 1384);
    INSERT INTO SEADIST (IDCARGOSITEFROM, IDCARGOSITETO, DISTANCE) VALUES (53, 23, 1539);
    INSERT INTO SEADIST (IDCARGOSITEFROM, IDCARGOSITETO, DISTANCE) VALUES (53, 40, 2910);
    INSERT INTO SEADIST (IDCARGOSITEFROM, IDCARGOSITETO, DISTANCE) VALUES (53, 41, 2964);
    INSERT INTO SEADIST (IDCARGOSITEFROM, IDCARGOSITETO, DISTANCE) VALUES (53, 43, 3440);
    INSERT INTO SEADIST (IDCARGOSITEFROM, IDCARGOSITETO, DISTANCE) VALUES (53, 67, 3978);
    INSERT INTO SEADIST (IDCARGOSITEFROM, IDCARGOSITETO, DISTANCE) VALUES (53, 51, 4857);
    INSERT INTO SEADIST (IDCARGOSITEFROM, IDCARGOSITETO, DISTANCE) VALUES (53, 49, 6836);
    INSERT INTO SEADIST (IDCARGOSITEFROM, IDCARGOSITETO, DISTANCE) VALUES (53, 42, 8920);
    INSERT INTO SEADIST (IDCARGOSITEFROM, IDCARGOSITETO, DISTANCE) VALUES (54, 24, 530);
    INSERT INTO SEADIST (IDCARGOSITEFROM, IDCARGOSITETO, DISTANCE) VALUES (54, 64, 804);
    INSERT INTO SEADIST (IDCARGOSITEFROM, IDCARGOSITETO, DISTANCE) VALUES (54, 39, 817);
    INSERT INTO SEADIST (IDCARGOSITEFROM, IDCARGOSITETO, DISTANCE) VALUES (54, 11, 1128);
    INSERT INTO SEADIST (IDCARGOSITEFROM, IDCARGOSITETO, DISTANCE) VALUES (54, 20, 1279);
    INSERT INTO SEADIST (IDCARGOSITEFROM, IDCARGOSITETO, DISTANCE) VALUES (54, 40, 1358);
    INSERT INTO SEADIST (IDCARGOSITEFROM, IDCARGOSITETO, DISTANCE) VALUES (54, 69, 1369);
    INSERT INTO SEADIST (IDCARGOSITEFROM, IDCARGOSITETO, DISTANCE) VALUES (54, 21, 1441);
    INSERT INTO SEADIST (IDCARGOSITEFROM, IDCARGOSITETO, DISTANCE) VALUES (54, 78, 1474);
    INSERT INTO SEADIST (IDCARGOSITEFROM, IDCARGOSITETO, DISTANCE) VALUES (54, 75, 1495);
    INSERT INTO SEADIST (IDCARGOSITEFROM, IDCARGOSITETO, DISTANCE) VALUES (54, 7, 1497);
    INSERT INTO SEADIST (IDCARGOSITEFROM, IDCARGOSITETO, DISTANCE) VALUES (54, 41, 1499);
    INSERT INTO SEADIST (IDCARGOSITEFROM, IDCARGOSITETO, DISTANCE) VALUES (54, 3, 1545);
    INSERT INTO SEADIST (IDCARGOSITEFROM, IDCARGOSITETO, DISTANCE) VALUES (54, 48, 1751);
    INSERT INTO SEADIST (IDCARGOSITEFROM, IDCARGOSITETO, DISTANCE) VALUES (54, 30, 1754);
    INSERT INTO SEADIST (IDCARGOSITEFROM, IDCARGOSITETO, DISTANCE) VALUES (54, 31, 1793);
    INSERT INTO SEADIST (IDCARGOSITEFROM, IDCARGOSITETO, DISTANCE) VALUES (54, 27, 1829);
    INSERT INTO SEADIST (IDCARGOSITEFROM, IDCARGOSITETO, DISTANCE) VALUES (54, 9, 1855);
    INSERT INTO SEADIST (IDCARGOSITEFROM, IDCARGOSITETO, DISTANCE) VALUES (54, 43, 1975);
    INSERT INTO SEADIST (IDCARGOSITEFROM, IDCARGOSITETO, DISTANCE) VALUES (54, 1, 2067);
    INSERT INTO SEADIST (IDCARGOSITEFROM, IDCARGOSITETO, DISTANCE) VALUES (54, 17, 2091);
    INSERT INTO SEADIST (IDCARGOSITEFROM, IDCARGOSITETO, DISTANCE) VALUES (54, 60, 2200);
    INSERT INTO SEADIST (IDCARGOSITEFROM, IDCARGOSITETO, DISTANCE) VALUES (54, 51, 2253);
    INSERT INTO SEADIST (IDCARGOSITEFROM, IDCARGOSITETO, DISTANCE) VALUES (54, 50, 2354);
    INSERT INTO SEADIST (IDCARGOSITEFROM, IDCARGOSITETO, DISTANCE) VALUES (54, 26, 2357);
    INSERT INTO SEADIST (IDCARGOSITEFROM, IDCARGOSITETO, DISTANCE) VALUES (54, 35, 2392);
    INSERT INTO SEADIST (IDCARGOSITEFROM, IDCARGOSITETO, DISTANCE) VALUES (54, 52, 2463);
    INSERT INTO SEADIST (IDCARGOSITEFROM, IDCARGOSITETO, DISTANCE) VALUES (54, 65, 2470);
    INSERT INTO SEADIST (IDCARGOSITEFROM, IDCARGOSITETO, DISTANCE) VALUES (54, 4, 2471);
    INSERT INTO SEADIST (IDCARGOSITEFROM, IDCARGOSITETO, DISTANCE) VALUES (54, 67, 2513);
    INSERT INTO SEADIST (IDCARGOSITEFROM, IDCARGOSITETO, DISTANCE) VALUES (54, 58, 2590);
    INSERT INTO SEADIST (IDCARGOSITEFROM, IDCARGOSITETO, DISTANCE) VALUES (54, 68, 2620);
    INSERT INTO SEADIST (IDCARGOSITEFROM, IDCARGOSITETO, DISTANCE) VALUES (54, 34, 2626);
    INSERT INTO SEADIST (IDCARGOSITEFROM, IDCARGOSITETO, DISTANCE) VALUES (54, 36, 2626);
    INSERT INTO SEADIST (IDCARGOSITEFROM, IDCARGOSITETO, DISTANCE) VALUES (54, 53, 2626);
    INSERT INTO SEADIST (IDCARGOSITEFROM, IDCARGOSITETO, DISTANCE) VALUES (54, 32, 2641);
    INSERT INTO SEADIST (IDCARGOSITEFROM, IDCARGOSITETO, DISTANCE) VALUES (54, 73, 2646);
    INSERT INTO SEADIST (IDCARGOSITEFROM, IDCARGOSITETO, DISTANCE) VALUES (54, 37, 2696);
    INSERT INTO SEADIST (IDCARGOSITEFROM, IDCARGOSITETO, DISTANCE) VALUES (54, 2, 2767);
    INSERT INTO SEADIST (IDCARGOSITEFROM, IDCARGOSITETO, DISTANCE) VALUES (54, 66, 2782);
    INSERT INTO SEADIST (IDCARGOSITEFROM, IDCARGOSITETO, DISTANCE) VALUES (54, 38, 2903);
    INSERT INTO SEADIST (IDCARGOSITEFROM, IDCARGOSITETO, DISTANCE) VALUES (54, 10, 2908);
    INSERT INTO SEADIST (IDCARGOSITEFROM, IDCARGOSITETO, DISTANCE) VALUES (54, 72, 2931);
    INSERT INTO SEADIST (IDCARGOSITEFROM, IDCARGOSITETO, DISTANCE) VALUES (54, 47, 2943);
    INSERT INTO SEADIST (IDCARGOSITEFROM, IDCARGOSITETO, DISTANCE) VALUES (54, 16, 2978);
    INSERT INTO SEADIST (IDCARGOSITEFROM, IDCARGOSITETO, DISTANCE) VALUES (54, 25, 3102);
    INSERT INTO SEADIST (IDCARGOSITEFROM, IDCARGOSITETO, DISTANCE) VALUES (54, 15, 3163);
    INSERT INTO SEADIST (IDCARGOSITEFROM, IDCARGOSITETO, DISTANCE) VALUES (54, 23, 3173);
    INSERT INTO SEADIST (IDCARGOSITEFROM, IDCARGOSITETO, DISTANCE) VALUES (54, 61, 3187);
    INSERT INTO SEADIST (IDCARGOSITEFROM, IDCARGOSITETO, DISTANCE) VALUES (54, 8, 3368);
    INSERT INTO SEADIST (IDCARGOSITEFROM, IDCARGOSITETO, DISTANCE) VALUES (54, 18, 3379);
    INSERT INTO SEADIST (IDCARGOSITEFROM, IDCARGOSITETO, DISTANCE) VALUES (54, 55, 3385);
    INSERT INTO SEADIST (IDCARGOSITEFROM, IDCARGOSITETO, DISTANCE) VALUES (54, 6, 3418);
    INSERT INTO SEADIST (IDCARGOSITEFROM, IDCARGOSITETO, DISTANCE) VALUES (54, 56, 3511);
    INSERT INTO SEADIST (IDCARGOSITEFROM, IDCARGOSITETO, DISTANCE) VALUES (54, 12, 3772);
    INSERT INTO SEADIST (IDCARGOSITEFROM, IDCARGOSITETO, DISTANCE) VALUES (54, 74, 3841);
    INSERT INTO SEADIST (IDCARGOSITEFROM, IDCARGOSITETO, DISTANCE) VALUES (54, 22, 3898);
    INSERT INTO SEADIST (IDCARGOSITEFROM, IDCARGOSITETO, DISTANCE) VALUES (54, 63, 4058);
    INSERT INTO SEADIST (IDCARGOSITEFROM, IDCARGOSITETO, DISTANCE) VALUES (54, 19, 4159);
    INSERT INTO SEADIST (IDCARGOSITEFROM, IDCARGOSITETO, DISTANCE) VALUES (54, 29, 4255);
    INSERT INTO SEADIST (IDCARGOSITEFROM, IDCARGOSITETO, DISTANCE) VALUES (54, 57, 4307);
    INSERT INTO SEADIST (IDCARGOSITEFROM, IDCARGOSITETO, DISTANCE) VALUES (54, 59, 4579);
    INSERT INTO SEADIST (IDCARGOSITEFROM, IDCARGOSITETO, DISTANCE) VALUES (54, 14, 4758);
    INSERT INTO SEADIST (IDCARGOSITEFROM, IDCARGOSITETO, DISTANCE) VALUES (54, 49, 4872);
    INSERT INTO SEADIST (IDCARGOSITEFROM, IDCARGOSITETO, DISTANCE) VALUES (54, 44, 5143);
    INSERT INTO SEADIST (IDCARGOSITEFROM, IDCARGOSITETO, DISTANCE) VALUES (54, 46, 5193);
    INSERT INTO SEADIST (IDCARGOSITEFROM, IDCARGOSITETO, DISTANCE) VALUES (54, 70, 6033);
    INSERT INTO SEADIST (IDCARGOSITEFROM, IDCARGOSITETO, DISTANCE) VALUES (54, 62, 6220);
    INSERT INTO SEADIST (IDCARGOSITEFROM, IDCARGOSITETO, DISTANCE) VALUES (54, 42, 6330);
    INSERT INTO SEADIST (IDCARGOSITEFROM, IDCARGOSITETO, DISTANCE) VALUES (54, 71, 7439);
    INSERT INTO SEADIST (IDCARGOSITEFROM, IDCARGOSITETO, DISTANCE) VALUES (55, 23, 324);
    INSERT INTO SEADIST (IDCARGOSITEFROM, IDCARGOSITETO, DISTANCE) VALUES (55, 16, 579);
    INSERT INTO SEADIST (IDCARGOSITEFROM, IDCARGOSITETO, DISTANCE) VALUES (55, 2, 588);
    INSERT INTO SEADIST (IDCARGOSITEFROM, IDCARGOSITETO, DISTANCE) VALUES (55, 25, 626);
    INSERT INTO SEADIST (IDCARGOSITEFROM, IDCARGOSITETO, DISTANCE) VALUES (55, 52, 955);
    INSERT INTO SEADIST (IDCARGOSITEFROM, IDCARGOSITETO, DISTANCE) VALUES (55, 4, 963);
    INSERT INTO SEADIST (IDCARGOSITEFROM, IDCARGOSITETO, DISTANCE) VALUES (55, 47, 1353);
    INSERT INTO SEADIST (IDCARGOSITEFROM, IDCARGOSITETO, DISTANCE) VALUES (55, 34, 1751);
    INSERT INTO SEADIST (IDCARGOSITEFROM, IDCARGOSITETO, DISTANCE) VALUES (55, 36, 1751);
    INSERT INTO SEADIST (IDCARGOSITEFROM, IDCARGOSITETO, DISTANCE) VALUES (55, 53, 1751);
    INSERT INTO SEADIST (IDCARGOSITEFROM, IDCARGOSITETO, DISTANCE) VALUES (55, 73, 1772);
    INSERT INTO SEADIST (IDCARGOSITEFROM, IDCARGOSITETO, DISTANCE) VALUES (55, 27, 1888);
    INSERT INTO SEADIST (IDCARGOSITEFROM, IDCARGOSITETO, DISTANCE) VALUES (55, 48, 1916);
    INSERT INTO SEADIST (IDCARGOSITEFROM, IDCARGOSITETO, DISTANCE) VALUES (55, 7, 2072);
    INSERT INTO SEADIST (IDCARGOSITEFROM, IDCARGOSITETO, DISTANCE) VALUES (55, 69, 2153);
    INSERT INTO SEADIST (IDCARGOSITEFROM, IDCARGOSITETO, DISTANCE) VALUES (55, 64, 2687);
    INSERT INTO SEADIST (IDCARGOSITEFROM, IDCARGOSITETO, DISTANCE) VALUES (55, 39, 2857);
    INSERT INTO SEADIST (IDCARGOSITEFROM, IDCARGOSITETO, DISTANCE) VALUES (55, 24, 3011);
    INSERT INTO SEADIST (IDCARGOSITEFROM, IDCARGOSITETO, DISTANCE) VALUES (55, 20, 3599);
    INSERT INTO SEADIST (IDCARGOSITEFROM, IDCARGOSITETO, DISTANCE) VALUES (55, 40, 3669);
    INSERT INTO SEADIST (IDCARGOSITEFROM, IDCARGOSITETO, DISTANCE) VALUES (55, 75, 3719);
    INSERT INTO SEADIST (IDCARGOSITEFROM, IDCARGOSITETO, DISTANCE) VALUES (55, 41, 3723);
    INSERT INTO SEADIST (IDCARGOSITEFROM, IDCARGOSITETO, DISTANCE) VALUES (55, 31, 4017);
    INSERT INTO SEADIST (IDCARGOSITEFROM, IDCARGOSITETO, DISTANCE) VALUES (55, 43, 4199);
    INSERT INTO SEADIST (IDCARGOSITEFROM, IDCARGOSITETO, DISTANCE) VALUES (55, 9, 4215);
    INSERT INTO SEADIST (IDCARGOSITEFROM, IDCARGOSITETO, DISTANCE) VALUES (55, 60, 4424);
    INSERT INTO SEADIST (IDCARGOSITEFROM, IDCARGOSITETO, DISTANCE) VALUES (55, 26, 4581);
    INSERT INTO SEADIST (IDCARGOSITEFROM, IDCARGOSITETO, DISTANCE) VALUES (55, 35, 4616);
    INSERT INTO SEADIST (IDCARGOSITEFROM, IDCARGOSITETO, DISTANCE) VALUES (55, 67, 4737);
    INSERT INTO SEADIST (IDCARGOSITEFROM, IDCARGOSITETO, DISTANCE) VALUES (55, 50, 4811);
    INSERT INTO SEADIST (IDCARGOSITEFROM, IDCARGOSITETO, DISTANCE) VALUES (55, 66, 5006);
    INSERT INTO SEADIST (IDCARGOSITEFROM, IDCARGOSITETO, DISTANCE) VALUES (55, 51, 5616);
    INSERT INTO SEADIST (IDCARGOSITEFROM, IDCARGOSITETO, DISTANCE) VALUES (55, 18, 6728);
    INSERT INTO SEADIST (IDCARGOSITEFROM, IDCARGOSITETO, DISTANCE) VALUES (55, 6, 6767);
    INSERT INTO SEADIST (IDCARGOSITEFROM, IDCARGOSITETO, DISTANCE) VALUES (55, 74, 7222);
    INSERT INTO SEADIST (IDCARGOSITEFROM, IDCARGOSITETO, DISTANCE) VALUES (55, 49, 7595);
    INSERT INTO SEADIST (IDCARGOSITEFROM, IDCARGOSITETO, DISTANCE) VALUES (55, 57, 7656);
    INSERT INTO SEADIST (IDCARGOSITEFROM, IDCARGOSITETO, DISTANCE) VALUES (55, 14, 8107);
    INSERT INTO SEADIST (IDCARGOSITEFROM, IDCARGOSITETO, DISTANCE) VALUES (55, 44, 8492);
    INSERT INTO SEADIST (IDCARGOSITEFROM, IDCARGOSITETO, DISTANCE) VALUES (55, 46, 8542);
    INSERT INTO SEADIST (IDCARGOSITEFROM, IDCARGOSITETO, DISTANCE) VALUES (55, 42, 9679);
    INSERT INTO SEADIST (IDCARGOSITEFROM, IDCARGOSITETO, DISTANCE) VALUES (56, 18, 192);
    INSERT INTO SEADIST (IDCARGOSITEFROM, IDCARGOSITETO, DISTANCE) VALUES (56, 6, 231);
    INSERT INTO SEADIST (IDCARGOSITEFROM, IDCARGOSITETO, DISTANCE) VALUES (56, 22, 711);
    INSERT INTO SEADIST (IDCARGOSITEFROM, IDCARGOSITETO, DISTANCE) VALUES (56, 19, 972);
    INSERT INTO SEADIST (IDCARGOSITEFROM, IDCARGOSITETO, DISTANCE) VALUES (56, 29, 1068);
    INSERT INTO SEADIST (IDCARGOSITEFROM, IDCARGOSITETO, DISTANCE) VALUES (56, 57, 1120);
    INSERT INTO SEADIST (IDCARGOSITEFROM, IDCARGOSITETO, DISTANCE) VALUES (56, 74, 1363);
    INSERT INTO SEADIST (IDCARGOSITEFROM, IDCARGOSITETO, DISTANCE) VALUES (56, 14, 1571);
    INSERT INTO SEADIST (IDCARGOSITEFROM, IDCARGOSITETO, DISTANCE) VALUES (56, 44, 1956);
    INSERT INTO SEADIST (IDCARGOSITEFROM, IDCARGOSITETO, DISTANCE) VALUES (56, 46, 2006);
    INSERT INTO SEADIST (IDCARGOSITEFROM, IDCARGOSITETO, DISTANCE) VALUES (56, 51, 2051);
    INSERT INTO SEADIST (IDCARGOSITEFROM, IDCARGOSITETO, DISTANCE) VALUES (56, 42, 3143);
    INSERT INTO SEADIST (IDCARGOSITEFROM, IDCARGOSITETO, DISTANCE) VALUES (56, 24, 3880);
    INSERT INTO SEADIST (IDCARGOSITEFROM, IDCARGOSITETO, DISTANCE) VALUES (56, 64, 4302);
    INSERT INTO SEADIST (IDCARGOSITEFROM, IDCARGOSITETO, DISTANCE) VALUES (56, 39, 4322);
    INSERT INTO SEADIST (IDCARGOSITEFROM, IDCARGOSITETO, DISTANCE) VALUES (56, 11, 4505);
    INSERT INTO SEADIST (IDCARGOSITEFROM, IDCARGOSITETO, DISTANCE) VALUES (56, 20, 4534);
    INSERT INTO SEADIST (IDCARGOSITEFROM, IDCARGOSITETO, DISTANCE) VALUES (56, 40, 4613);
    INSERT INTO SEADIST (IDCARGOSITEFROM, IDCARGOSITETO, DISTANCE) VALUES (56, 21, 4791);
    INSERT INTO SEADIST (IDCARGOSITEFROM, IDCARGOSITETO, DISTANCE) VALUES (56, 75, 4840);
    INSERT INTO SEADIST (IDCARGOSITEFROM, IDCARGOSITETO, DISTANCE) VALUES (56, 41, 4844);
    INSERT INTO SEADIST (IDCARGOSITEFROM, IDCARGOSITETO, DISTANCE) VALUES (56, 69, 4845);
    INSERT INTO SEADIST (IDCARGOSITEFROM, IDCARGOSITETO, DISTANCE) VALUES (56, 9, 4907);
    INSERT INTO SEADIST (IDCARGOSITEFROM, IDCARGOSITETO, DISTANCE) VALUES (56, 7, 4973);
    INSERT INTO SEADIST (IDCARGOSITEFROM, IDCARGOSITETO, DISTANCE) VALUES (56, 43, 5090);
    INSERT INTO SEADIST (IDCARGOSITEFROM, IDCARGOSITETO, DISTANCE) VALUES (56, 31, 5138);
    INSERT INTO SEADIST (IDCARGOSITEFROM, IDCARGOSITETO, DISTANCE) VALUES (56, 1, 5193);
    INSERT INTO SEADIST (IDCARGOSITEFROM, IDCARGOSITETO, DISTANCE) VALUES (56, 17, 5217);
    INSERT INTO SEADIST (IDCARGOSITEFROM, IDCARGOSITETO, DISTANCE) VALUES (56, 48, 5227);
    INSERT INTO SEADIST (IDCARGOSITEFROM, IDCARGOSITETO, DISTANCE) VALUES (56, 27, 5305);
    INSERT INTO SEADIST (IDCARGOSITEFROM, IDCARGOSITETO, DISTANCE) VALUES (56, 50, 5308);
    INSERT INTO SEADIST (IDCARGOSITEFROM, IDCARGOSITETO, DISTANCE) VALUES (56, 49, 5310);
    INSERT INTO SEADIST (IDCARGOSITEFROM, IDCARGOSITETO, DISTANCE) VALUES (56, 60, 5326);
    INSERT INTO SEADIST (IDCARGOSITEFROM, IDCARGOSITETO, DISTANCE) VALUES (56, 26, 5483);
    INSERT INTO SEADIST (IDCARGOSITEFROM, IDCARGOSITETO, DISTANCE) VALUES (56, 35, 5518);
    INSERT INTO SEADIST (IDCARGOSITEFROM, IDCARGOSITETO, DISTANCE) VALUES (56, 67, 5639);
    INSERT INTO SEADIST (IDCARGOSITEFROM, IDCARGOSITETO, DISTANCE) VALUES (56, 68, 5746);
    INSERT INTO SEADIST (IDCARGOSITEFROM, IDCARGOSITETO, DISTANCE) VALUES (56, 32, 5767);
    INSERT INTO SEADIST (IDCARGOSITEFROM, IDCARGOSITETO, DISTANCE) VALUES (56, 37, 5822);
    INSERT INTO SEADIST (IDCARGOSITEFROM, IDCARGOSITETO, DISTANCE) VALUES (56, 66, 5908);
    INSERT INTO SEADIST (IDCARGOSITEFROM, IDCARGOSITETO, DISTANCE) VALUES (56, 52, 5939);
    INSERT INTO SEADIST (IDCARGOSITEFROM, IDCARGOSITETO, DISTANCE) VALUES (56, 65, 5946);
    INSERT INTO SEADIST (IDCARGOSITEFROM, IDCARGOSITETO, DISTANCE) VALUES (56, 4, 5947);
    INSERT INTO SEADIST (IDCARGOSITEFROM, IDCARGOSITETO, DISTANCE) VALUES (56, 58, 6066);
    INSERT INTO SEADIST (IDCARGOSITEFROM, IDCARGOSITETO, DISTANCE) VALUES (56, 34, 6102);
    INSERT INTO SEADIST (IDCARGOSITEFROM, IDCARGOSITETO, DISTANCE) VALUES (56, 36, 6102);
    INSERT INTO SEADIST (IDCARGOSITEFROM, IDCARGOSITETO, DISTANCE) VALUES (56, 53, 6102);
    INSERT INTO SEADIST (IDCARGOSITEFROM, IDCARGOSITETO, DISTANCE) VALUES (56, 73, 6122);
    INSERT INTO SEADIST (IDCARGOSITEFROM, IDCARGOSITETO, DISTANCE) VALUES (56, 2, 6243);
    INSERT INTO SEADIST (IDCARGOSITEFROM, IDCARGOSITETO, DISTANCE) VALUES (56, 38, 6379);
    INSERT INTO SEADIST (IDCARGOSITEFROM, IDCARGOSITETO, DISTANCE) VALUES (56, 47, 6419);
    INSERT INTO SEADIST (IDCARGOSITEFROM, IDCARGOSITETO, DISTANCE) VALUES (56, 16, 6454);
    INSERT INTO SEADIST (IDCARGOSITEFROM, IDCARGOSITETO, DISTANCE) VALUES (56, 25, 6578);
    INSERT INTO SEADIST (IDCARGOSITEFROM, IDCARGOSITETO, DISTANCE) VALUES (56, 23, 6649);
    INSERT INTO SEADIST (IDCARGOSITEFROM, IDCARGOSITETO, DISTANCE) VALUES (56, 8, 6844);
    INSERT INTO SEADIST (IDCARGOSITEFROM, IDCARGOSITETO, DISTANCE) VALUES (56, 55, 6861);
    INSERT INTO SEADIST (IDCARGOSITEFROM, IDCARGOSITETO, DISTANCE) VALUES (57, 44, 854);
    INSERT INTO SEADIST (IDCARGOSITEFROM, IDCARGOSITETO, DISTANCE) VALUES (57, 6, 889);
    INSERT INTO SEADIST (IDCARGOSITEFROM, IDCARGOSITETO, DISTANCE) VALUES (57, 18, 928);
    INSERT INTO SEADIST (IDCARGOSITEFROM, IDCARGOSITETO, DISTANCE) VALUES (57, 14, 1763);
    INSERT INTO SEADIST (IDCARGOSITEFROM, IDCARGOSITETO, DISTANCE) VALUES (57, 42, 2047);
    INSERT INTO SEADIST (IDCARGOSITEFROM, IDCARGOSITETO, DISTANCE) VALUES (57, 46, 2204);
    INSERT INTO SEADIST (IDCARGOSITEFROM, IDCARGOSITETO, DISTANCE) VALUES (57, 74, 2338);
    INSERT INTO SEADIST (IDCARGOSITEFROM, IDCARGOSITETO, DISTANCE) VALUES (57, 51, 2907);
    INSERT INTO SEADIST (IDCARGOSITEFROM, IDCARGOSITETO, DISTANCE) VALUES (57, 24, 4667);
    INSERT INTO SEADIST (IDCARGOSITEFROM, IDCARGOSITETO, DISTANCE) VALUES (57, 64, 5098);
    INSERT INTO SEADIST (IDCARGOSITEFROM, IDCARGOSITETO, DISTANCE) VALUES (57, 39, 5118);
    INSERT INTO SEADIST (IDCARGOSITEFROM, IDCARGOSITETO, DISTANCE) VALUES (57, 20, 5389);
    INSERT INTO SEADIST (IDCARGOSITEFROM, IDCARGOSITETO, DISTANCE) VALUES (57, 40, 5468);
    INSERT INTO SEADIST (IDCARGOSITEFROM, IDCARGOSITETO, DISTANCE) VALUES (57, 49, 5588);
    INSERT INTO SEADIST (IDCARGOSITEFROM, IDCARGOSITETO, DISTANCE) VALUES (57, 69, 5640);
    INSERT INTO SEADIST (IDCARGOSITEFROM, IDCARGOSITETO, DISTANCE) VALUES (57, 75, 5684);
    INSERT INTO SEADIST (IDCARGOSITEFROM, IDCARGOSITETO, DISTANCE) VALUES (57, 41, 5688);
    INSERT INTO SEADIST (IDCARGOSITEFROM, IDCARGOSITETO, DISTANCE) VALUES (57, 9, 5762);
    INSERT INTO SEADIST (IDCARGOSITEFROM, IDCARGOSITETO, DISTANCE) VALUES (57, 7, 5768);
    INSERT INTO SEADIST (IDCARGOSITEFROM, IDCARGOSITETO, DISTANCE) VALUES (57, 43, 5945);
    INSERT INTO SEADIST (IDCARGOSITEFROM, IDCARGOSITETO, DISTANCE) VALUES (57, 48, 6022);
    INSERT INTO SEADIST (IDCARGOSITEFROM, IDCARGOSITETO, DISTANCE) VALUES (57, 27, 6100);
    INSERT INTO SEADIST (IDCARGOSITEFROM, IDCARGOSITETO, DISTANCE) VALUES (57, 50, 6163);
    INSERT INTO SEADIST (IDCARGOSITEFROM, IDCARGOSITETO, DISTANCE) VALUES (57, 26, 6338);
    INSERT INTO SEADIST (IDCARGOSITEFROM, IDCARGOSITETO, DISTANCE) VALUES (57, 35, 6373);
    INSERT INTO SEADIST (IDCARGOSITEFROM, IDCARGOSITETO, DISTANCE) VALUES (57, 67, 6494);
    INSERT INTO SEADIST (IDCARGOSITEFROM, IDCARGOSITETO, DISTANCE) VALUES (57, 66, 6763);
    INSERT INTO SEADIST (IDCARGOSITEFROM, IDCARGOSITETO, DISTANCE) VALUES (57, 34, 6897);
    INSERT INTO SEADIST (IDCARGOSITEFROM, IDCARGOSITETO, DISTANCE) VALUES (57, 36, 6897);
    INSERT INTO SEADIST (IDCARGOSITEFROM, IDCARGOSITETO, DISTANCE) VALUES (57, 53, 6897);
    INSERT INTO SEADIST (IDCARGOSITEFROM, IDCARGOSITETO, DISTANCE) VALUES (57, 73, 6917);
    INSERT INTO SEADIST (IDCARGOSITEFROM, IDCARGOSITETO, DISTANCE) VALUES (57, 2, 7038);
    INSERT INTO SEADIST (IDCARGOSITEFROM, IDCARGOSITETO, DISTANCE) VALUES (57, 47, 7214);
    INSERT INTO SEADIST (IDCARGOSITEFROM, IDCARGOSITETO, DISTANCE) VALUES (57, 16, 7249);
    INSERT INTO SEADIST (IDCARGOSITEFROM, IDCARGOSITETO, DISTANCE) VALUES (57, 25, 7373);
    INSERT INTO SEADIST (IDCARGOSITEFROM, IDCARGOSITETO, DISTANCE) VALUES (57, 23, 7444);
    INSERT INTO SEADIST (IDCARGOSITEFROM, IDCARGOSITETO, DISTANCE) VALUES (58, 34, 106);
    INSERT INTO SEADIST (IDCARGOSITEFROM, IDCARGOSITETO, DISTANCE) VALUES (58, 36, 106);
    INSERT INTO SEADIST (IDCARGOSITEFROM, IDCARGOSITETO, DISTANCE) VALUES (58, 53, 106);
    INSERT INTO SEADIST (IDCARGOSITEFROM, IDCARGOSITETO, DISTANCE) VALUES (58, 73, 129);
    INSERT INTO SEADIST (IDCARGOSITEFROM, IDCARGOSITETO, DISTANCE) VALUES (58, 65, 165);
    INSERT INTO SEADIST (IDCARGOSITEFROM, IDCARGOSITETO, DISTANCE) VALUES (58, 52, 800);
    INSERT INTO SEADIST (IDCARGOSITEFROM, IDCARGOSITETO, DISTANCE) VALUES (58, 4, 808);
    INSERT INTO SEADIST (IDCARGOSITEFROM, IDCARGOSITETO, DISTANCE) VALUES (58, 27, 1071);
    INSERT INTO SEADIST (IDCARGOSITEFROM, IDCARGOSITETO, DISTANCE) VALUES (58, 2, 1097);
    INSERT INTO SEADIST (IDCARGOSITEFROM, IDCARGOSITETO, DISTANCE) VALUES (58, 48, 1100);
    INSERT INTO SEADIST (IDCARGOSITEFROM, IDCARGOSITETO, DISTANCE) VALUES (58, 38, 1245);
    INSERT INTO SEADIST (IDCARGOSITEFROM, IDCARGOSITETO, DISTANCE) VALUES (58, 7, 1260);
    INSERT INTO SEADIST (IDCARGOSITEFROM, IDCARGOSITETO, DISTANCE) VALUES (58, 47, 1279);
    INSERT INTO SEADIST (IDCARGOSITEFROM, IDCARGOSITETO, DISTANCE) VALUES (58, 16, 1308);
    INSERT INTO SEADIST (IDCARGOSITEFROM, IDCARGOSITETO, DISTANCE) VALUES (58, 69, 1348);
    INSERT INTO SEADIST (IDCARGOSITEFROM, IDCARGOSITETO, DISTANCE) VALUES (58, 25, 1432);
    INSERT INTO SEADIST (IDCARGOSITEFROM, IDCARGOSITETO, DISTANCE) VALUES (58, 23, 1503);
    INSERT INTO SEADIST (IDCARGOSITEFROM, IDCARGOSITETO, DISTANCE) VALUES (58, 8, 1698);
    INSERT INTO SEADIST (IDCARGOSITEFROM, IDCARGOSITETO, DISTANCE) VALUES (58, 55, 1715);
    INSERT INTO SEADIST (IDCARGOSITEFROM, IDCARGOSITETO, DISTANCE) VALUES (58, 64, 1892);
    INSERT INTO SEADIST (IDCARGOSITEFROM, IDCARGOSITETO, DISTANCE) VALUES (58, 39, 2062);
    INSERT INTO SEADIST (IDCARGOSITEFROM, IDCARGOSITETO, DISTANCE) VALUES (58, 24, 2216);
    INSERT INTO SEADIST (IDCARGOSITEFROM, IDCARGOSITETO, DISTANCE) VALUES (58, 11, 2550);
    INSERT INTO SEADIST (IDCARGOSITEFROM, IDCARGOSITETO, DISTANCE) VALUES (58, 20, 2804);
    INSERT INTO SEADIST (IDCARGOSITEFROM, IDCARGOSITETO, DISTANCE) VALUES (58, 21, 2870);
    INSERT INTO SEADIST (IDCARGOSITEFROM, IDCARGOSITETO, DISTANCE) VALUES (58, 40, 2874);
    INSERT INTO SEADIST (IDCARGOSITEFROM, IDCARGOSITETO, DISTANCE) VALUES (58, 75, 2924);
    INSERT INTO SEADIST (IDCARGOSITEFROM, IDCARGOSITETO, DISTANCE) VALUES (58, 41, 2928);
    INSERT INTO SEADIST (IDCARGOSITEFROM, IDCARGOSITETO, DISTANCE) VALUES (58, 31, 3222);
    INSERT INTO SEADIST (IDCARGOSITEFROM, IDCARGOSITETO, DISTANCE) VALUES (58, 43, 3404);
    INSERT INTO SEADIST (IDCARGOSITEFROM, IDCARGOSITETO, DISTANCE) VALUES (58, 9, 3420);
    INSERT INTO SEADIST (IDCARGOSITEFROM, IDCARGOSITETO, DISTANCE) VALUES (58, 1, 3496);
    INSERT INTO SEADIST (IDCARGOSITEFROM, IDCARGOSITETO, DISTANCE) VALUES (58, 17, 3520);
    INSERT INTO SEADIST (IDCARGOSITEFROM, IDCARGOSITETO, DISTANCE) VALUES (58, 60, 3629);
    INSERT INTO SEADIST (IDCARGOSITEFROM, IDCARGOSITETO, DISTANCE) VALUES (58, 26, 3786);
    INSERT INTO SEADIST (IDCARGOSITEFROM, IDCARGOSITETO, DISTANCE) VALUES (58, 35, 3821);
    INSERT INTO SEADIST (IDCARGOSITEFROM, IDCARGOSITETO, DISTANCE) VALUES (58, 67, 3942);
    INSERT INTO SEADIST (IDCARGOSITEFROM, IDCARGOSITETO, DISTANCE) VALUES (58, 50, 4016);
    INSERT INTO SEADIST (IDCARGOSITEFROM, IDCARGOSITETO, DISTANCE) VALUES (58, 68, 4049);
    INSERT INTO SEADIST (IDCARGOSITEFROM, IDCARGOSITETO, DISTANCE) VALUES (58, 32, 4070);
    INSERT INTO SEADIST (IDCARGOSITEFROM, IDCARGOSITETO, DISTANCE) VALUES (58, 37, 4125);
    INSERT INTO SEADIST (IDCARGOSITEFROM, IDCARGOSITETO, DISTANCE) VALUES (58, 66, 4211);
    INSERT INTO SEADIST (IDCARGOSITEFROM, IDCARGOSITETO, DISTANCE) VALUES (58, 51, 4821);
    INSERT INTO SEADIST (IDCARGOSITEFROM, IDCARGOSITETO, DISTANCE) VALUES (58, 18, 5933);
    INSERT INTO SEADIST (IDCARGOSITEFROM, IDCARGOSITETO, DISTANCE) VALUES (58, 6, 5972);
    INSERT INTO SEADIST (IDCARGOSITEFROM, IDCARGOSITETO, DISTANCE) VALUES (58, 74, 6427);
    INSERT INTO SEADIST (IDCARGOSITEFROM, IDCARGOSITETO, DISTANCE) VALUES (58, 22, 6452);
    INSERT INTO SEADIST (IDCARGOSITEFROM, IDCARGOSITETO, DISTANCE) VALUES (58, 19, 6713);
    INSERT INTO SEADIST (IDCARGOSITEFROM, IDCARGOSITETO, DISTANCE) VALUES (58, 49, 6800);
    INSERT INTO SEADIST (IDCARGOSITEFROM, IDCARGOSITETO, DISTANCE) VALUES (58, 29, 6809);
    INSERT INTO SEADIST (IDCARGOSITEFROM, IDCARGOSITETO, DISTANCE) VALUES (58, 57, 6861);
    INSERT INTO SEADIST (IDCARGOSITEFROM, IDCARGOSITETO, DISTANCE) VALUES (58, 14, 7312);
    INSERT INTO SEADIST (IDCARGOSITEFROM, IDCARGOSITETO, DISTANCE) VALUES (58, 44, 7697);
    INSERT INTO SEADIST (IDCARGOSITEFROM, IDCARGOSITETO, DISTANCE) VALUES (58, 46, 7747);
    INSERT INTO SEADIST (IDCARGOSITEFROM, IDCARGOSITETO, DISTANCE) VALUES (58, 42, 8884);
    INSERT INTO SEADIST (IDCARGOSITEFROM, IDCARGOSITETO, DISTANCE) VALUES (59, 49, 332);
    INSERT INTO SEADIST (IDCARGOSITEFROM, IDCARGOSITETO, DISTANCE) VALUES (59, 63, 608);
    INSERT INTO SEADIST (IDCARGOSITEFROM, IDCARGOSITETO, DISTANCE) VALUES (59, 61, 1458);
    INSERT INTO SEADIST (IDCARGOSITEFROM, IDCARGOSITETO, DISTANCE) VALUES (59, 62, 2743);
    INSERT INTO SEADIST (IDCARGOSITEFROM, IDCARGOSITETO, DISTANCE) VALUES (59, 70, 2963);
    INSERT INTO SEADIST (IDCARGOSITEFROM, IDCARGOSITETO, DISTANCE) VALUES (59, 46, 3903);
    INSERT INTO SEADIST (IDCARGOSITEFROM, IDCARGOSITETO, DISTANCE) VALUES (59, 14, 4191);
    INSERT INTO SEADIST (IDCARGOSITEFROM, IDCARGOSITETO, DISTANCE) VALUES (59, 24, 4430);
    INSERT INTO SEADIST (IDCARGOSITEFROM, IDCARGOSITETO, DISTANCE) VALUES (59, 15, 4720);
    INSERT INTO SEADIST (IDCARGOSITEFROM, IDCARGOSITETO, DISTANCE) VALUES (59, 29, 4834);
    INSERT INTO SEADIST (IDCARGOSITEFROM, IDCARGOSITETO, DISTANCE) VALUES (59, 64, 4942);
    INSERT INTO SEADIST (IDCARGOSITEFROM, IDCARGOSITETO, DISTANCE) VALUES (59, 18, 4954);
    INSERT INTO SEADIST (IDCARGOSITEFROM, IDCARGOSITETO, DISTANCE) VALUES (59, 6, 4993);
    INSERT INTO SEADIST (IDCARGOSITEFROM, IDCARGOSITETO, DISTANCE) VALUES (59, 22, 5012);
    INSERT INTO SEADIST (IDCARGOSITEFROM, IDCARGOSITETO, DISTANCE) VALUES (59, 39, 5082);
    INSERT INTO SEADIST (IDCARGOSITEFROM, IDCARGOSITETO, DISTANCE) VALUES (59, 56, 5117);
    INSERT INTO SEADIST (IDCARGOSITEFROM, IDCARGOSITETO, DISTANCE) VALUES (59, 12, 5252);
    INSERT INTO SEADIST (IDCARGOSITEFROM, IDCARGOSITETO, DISTANCE) VALUES (59, 69, 5285);
    INSERT INTO SEADIST (IDCARGOSITEFROM, IDCARGOSITETO, DISTANCE) VALUES (59, 30, 5321);
    INSERT INTO SEADIST (IDCARGOSITEFROM, IDCARGOSITETO, DISTANCE) VALUES (59, 7, 5413);
    INSERT INTO SEADIST (IDCARGOSITEFROM, IDCARGOSITETO, DISTANCE) VALUES (59, 51, 5461);
    INSERT INTO SEADIST (IDCARGOSITEFROM, IDCARGOSITETO, DISTANCE) VALUES (59, 11, 5532);
    INSERT INTO SEADIST (IDCARGOSITEFROM, IDCARGOSITETO, DISTANCE) VALUES (59, 48, 5667);
    INSERT INTO SEADIST (IDCARGOSITEFROM, IDCARGOSITETO, DISTANCE) VALUES (59, 19, 5734);
    INSERT INTO SEADIST (IDCARGOSITEFROM, IDCARGOSITETO, DISTANCE) VALUES (59, 27, 5745);
    INSERT INTO SEADIST (IDCARGOSITEFROM, IDCARGOSITETO, DISTANCE) VALUES (59, 20, 5762);
    INSERT INTO SEADIST (IDCARGOSITEFROM, IDCARGOSITETO, DISTANCE) VALUES (59, 57, 5826);
    INSERT INTO SEADIST (IDCARGOSITEFROM, IDCARGOSITETO, DISTANCE) VALUES (59, 40, 5841);
    INSERT INTO SEADIST (IDCARGOSITEFROM, IDCARGOSITETO, DISTANCE) VALUES (59, 21, 5852);
    INSERT INTO SEADIST (IDCARGOSITEFROM, IDCARGOSITETO, DISTANCE) VALUES (59, 75, 5906);
    INSERT INTO SEADIST (IDCARGOSITEFROM, IDCARGOSITETO, DISTANCE) VALUES (59, 41, 5910);
    INSERT INTO SEADIST (IDCARGOSITEFROM, IDCARGOSITETO, DISTANCE) VALUES (59, 74, 5963);
    INSERT INTO SEADIST (IDCARGOSITEFROM, IDCARGOSITETO, DISTANCE) VALUES (59, 31, 6204);
    INSERT INTO SEADIST (IDCARGOSITEFROM, IDCARGOSITETO, DISTANCE) VALUES (59, 44, 6314);
    INSERT INTO SEADIST (IDCARGOSITEFROM, IDCARGOSITETO, DISTANCE) VALUES (59, 52, 6379);
    INSERT INTO SEADIST (IDCARGOSITEFROM, IDCARGOSITETO, DISTANCE) VALUES (59, 43, 6386);
    INSERT INTO SEADIST (IDCARGOSITEFROM, IDCARGOSITETO, DISTANCE) VALUES (59, 65, 6386);
    INSERT INTO SEADIST (IDCARGOSITEFROM, IDCARGOSITETO, DISTANCE) VALUES (59, 4, 6387);
    INSERT INTO SEADIST (IDCARGOSITEFROM, IDCARGOSITETO, DISTANCE) VALUES (59, 9, 6394);
    INSERT INTO SEADIST (IDCARGOSITEFROM, IDCARGOSITETO, DISTANCE) VALUES (59, 1, 6478);
    INSERT INTO SEADIST (IDCARGOSITEFROM, IDCARGOSITETO, DISTANCE) VALUES (59, 17, 6502);
    INSERT INTO SEADIST (IDCARGOSITEFROM, IDCARGOSITETO, DISTANCE) VALUES (59, 58, 6506);
    INSERT INTO SEADIST (IDCARGOSITEFROM, IDCARGOSITETO, DISTANCE) VALUES (59, 34, 6542);
    INSERT INTO SEADIST (IDCARGOSITEFROM, IDCARGOSITETO, DISTANCE) VALUES (59, 36, 6542);
    INSERT INTO SEADIST (IDCARGOSITEFROM, IDCARGOSITETO, DISTANCE) VALUES (59, 53, 6542);
    INSERT INTO SEADIST (IDCARGOSITEFROM, IDCARGOSITETO, DISTANCE) VALUES (59, 73, 6562);
    INSERT INTO SEADIST (IDCARGOSITEFROM, IDCARGOSITETO, DISTANCE) VALUES (59, 60, 6611);
    INSERT INTO SEADIST (IDCARGOSITEFROM, IDCARGOSITETO, DISTANCE) VALUES (59, 2, 6683);
    INSERT INTO SEADIST (IDCARGOSITEFROM, IDCARGOSITETO, DISTANCE) VALUES (59, 26, 6768);
    INSERT INTO SEADIST (IDCARGOSITEFROM, IDCARGOSITETO, DISTANCE) VALUES (59, 35, 6803);
    INSERT INTO SEADIST (IDCARGOSITEFROM, IDCARGOSITETO, DISTANCE) VALUES (59, 38, 6819);
    INSERT INTO SEADIST (IDCARGOSITEFROM, IDCARGOSITETO, DISTANCE) VALUES (59, 10, 6824);
    INSERT INTO SEADIST (IDCARGOSITEFROM, IDCARGOSITETO, DISTANCE) VALUES (59, 72, 6847);
    INSERT INTO SEADIST (IDCARGOSITEFROM, IDCARGOSITETO, DISTANCE) VALUES (59, 47, 6859);
    INSERT INTO SEADIST (IDCARGOSITEFROM, IDCARGOSITETO, DISTANCE) VALUES (59, 50, 6893);
    INSERT INTO SEADIST (IDCARGOSITEFROM, IDCARGOSITETO, DISTANCE) VALUES (59, 16, 6894);
    INSERT INTO SEADIST (IDCARGOSITEFROM, IDCARGOSITETO, DISTANCE) VALUES (59, 67, 6924);
    INSERT INTO SEADIST (IDCARGOSITEFROM, IDCARGOSITETO, DISTANCE) VALUES (59, 25, 7018);
    INSERT INTO SEADIST (IDCARGOSITEFROM, IDCARGOSITETO, DISTANCE) VALUES (59, 68, 7031);
    INSERT INTO SEADIST (IDCARGOSITEFROM, IDCARGOSITETO, DISTANCE) VALUES (59, 32, 7052);
    INSERT INTO SEADIST (IDCARGOSITEFROM, IDCARGOSITETO, DISTANCE) VALUES (59, 23, 7089);
    INSERT INTO SEADIST (IDCARGOSITEFROM, IDCARGOSITETO, DISTANCE) VALUES (59, 37, 7107);
    INSERT INTO SEADIST (IDCARGOSITEFROM, IDCARGOSITETO, DISTANCE) VALUES (59, 66, 7193);
    INSERT INTO SEADIST (IDCARGOSITEFROM, IDCARGOSITETO, DISTANCE) VALUES (59, 8, 7284);
    INSERT INTO SEADIST (IDCARGOSITEFROM, IDCARGOSITETO, DISTANCE) VALUES (59, 55, 7301);
    INSERT INTO SEADIST (IDCARGOSITEFROM, IDCARGOSITETO, DISTANCE) VALUES (59, 42, 7401);
    INSERT INTO SEADIST (IDCARGOSITEFROM, IDCARGOSITETO, DISTANCE) VALUES (59, 71, 8540);
    INSERT INTO SEADIST (IDCARGOSITEFROM, IDCARGOSITETO, DISTANCE) VALUES (60, 26, 277);
    INSERT INTO SEADIST (IDCARGOSITEFROM, IDCARGOSITETO, DISTANCE) VALUES (60, 43, 282);
    INSERT INTO SEADIST (IDCARGOSITEFROM, IDCARGOSITETO, DISTANCE) VALUES (60, 35, 315);
    INSERT INTO SEADIST (IDCARGOSITEFROM, IDCARGOSITETO, DISTANCE) VALUES (60, 67, 454);
    INSERT INTO SEADIST (IDCARGOSITEFROM, IDCARGOSITETO, DISTANCE) VALUES (60, 9, 566);
    INSERT INTO SEADIST (IDCARGOSITEFROM, IDCARGOSITETO, DISTANCE) VALUES (60, 66, 721);
    INSERT INTO SEADIST (IDCARGOSITEFROM, IDCARGOSITETO, DISTANCE) VALUES (60, 75, 763);
    INSERT INTO SEADIST (IDCARGOSITEFROM, IDCARGOSITETO, DISTANCE) VALUES (60, 41, 814);
    INSERT INTO SEADIST (IDCARGOSITEFROM, IDCARGOSITETO, DISTANCE) VALUES (60, 20, 1129);
    INSERT INTO SEADIST (IDCARGOSITEFROM, IDCARGOSITETO, DISTANCE) VALUES (60, 40, 1159);
    INSERT INTO SEADIST (IDCARGOSITEFROM, IDCARGOSITETO, DISTANCE) VALUES (60, 50, 1168);
    INSERT INTO SEADIST (IDCARGOSITEFROM, IDCARGOSITETO, DISTANCE) VALUES (60, 39, 1590);
    INSERT INTO SEADIST (IDCARGOSITEFROM, IDCARGOSITETO, DISTANCE) VALUES (60, 64, 1772);
    INSERT INTO SEADIST (IDCARGOSITEFROM, IDCARGOSITETO, DISTANCE) VALUES (60, 24, 2191);
    INSERT INTO SEADIST (IDCARGOSITEFROM, IDCARGOSITETO, DISTANCE) VALUES (60, 69, 2408);
    INSERT INTO SEADIST (IDCARGOSITEFROM, IDCARGOSITETO, DISTANCE) VALUES (60, 7, 2536);
    INSERT INTO SEADIST (IDCARGOSITEFROM, IDCARGOSITETO, DISTANCE) VALUES (60, 48, 2790);
    INSERT INTO SEADIST (IDCARGOSITEFROM, IDCARGOSITETO, DISTANCE) VALUES (60, 27, 2868);
    INSERT INTO SEADIST (IDCARGOSITEFROM, IDCARGOSITETO, DISTANCE) VALUES (60, 52, 3502);
    INSERT INTO SEADIST (IDCARGOSITEFROM, IDCARGOSITETO, DISTANCE) VALUES (60, 4, 3510);
    INSERT INTO SEADIST (IDCARGOSITEFROM, IDCARGOSITETO, DISTANCE) VALUES (60, 34, 3665);
    INSERT INTO SEADIST (IDCARGOSITEFROM, IDCARGOSITETO, DISTANCE) VALUES (60, 36, 3665);
    INSERT INTO SEADIST (IDCARGOSITEFROM, IDCARGOSITETO, DISTANCE) VALUES (60, 53, 3665);
    INSERT INTO SEADIST (IDCARGOSITEFROM, IDCARGOSITETO, DISTANCE) VALUES (60, 73, 3685);
    INSERT INTO SEADIST (IDCARGOSITEFROM, IDCARGOSITETO, DISTANCE) VALUES (60, 51, 3791);
    INSERT INTO SEADIST (IDCARGOSITEFROM, IDCARGOSITETO, DISTANCE) VALUES (60, 2, 3806);
    INSERT INTO SEADIST (IDCARGOSITEFROM, IDCARGOSITETO, DISTANCE) VALUES (60, 47, 3982);
    INSERT INTO SEADIST (IDCARGOSITEFROM, IDCARGOSITETO, DISTANCE) VALUES (60, 16, 4017);
    INSERT INTO SEADIST (IDCARGOSITEFROM, IDCARGOSITETO, DISTANCE) VALUES (60, 25, 4141);
    INSERT INTO SEADIST (IDCARGOSITEFROM, IDCARGOSITETO, DISTANCE) VALUES (60, 23, 4212);
    INSERT INTO SEADIST (IDCARGOSITEFROM, IDCARGOSITETO, DISTANCE) VALUES (60, 18, 5253);
    INSERT INTO SEADIST (IDCARGOSITEFROM, IDCARGOSITETO, DISTANCE) VALUES (60, 6, 5292);
    INSERT INTO SEADIST (IDCARGOSITEFROM, IDCARGOSITETO, DISTANCE) VALUES (60, 74, 5478);
    INSERT INTO SEADIST (IDCARGOSITEFROM, IDCARGOSITETO, DISTANCE) VALUES (60, 57, 6181);
    INSERT INTO SEADIST (IDCARGOSITEFROM, IDCARGOSITETO, DISTANCE) VALUES (60, 14, 6632);
    INSERT INTO SEADIST (IDCARGOSITEFROM, IDCARGOSITETO, DISTANCE) VALUES (60, 49, 6904);
    INSERT INTO SEADIST (IDCARGOSITEFROM, IDCARGOSITETO, DISTANCE) VALUES (60, 44, 7017);
    INSERT INTO SEADIST (IDCARGOSITEFROM, IDCARGOSITETO, DISTANCE) VALUES (60, 46, 7067);
    INSERT INTO SEADIST (IDCARGOSITEFROM, IDCARGOSITETO, DISTANCE) VALUES (60, 42, 8204);
    INSERT INTO SEADIST (IDCARGOSITEFROM, IDCARGOSITETO, DISTANCE) VALUES (61, 63, 936);
    INSERT INTO SEADIST (IDCARGOSITEFROM, IDCARGOSITETO, DISTANCE) VALUES (61, 51, 1406);
    INSERT INTO SEADIST (IDCARGOSITEFROM, IDCARGOSITETO, DISTANCE) VALUES (61, 49, 1751);
    INSERT INTO SEADIST (IDCARGOSITEFROM, IDCARGOSITETO, DISTANCE) VALUES (61, 24, 3038);
    INSERT INTO SEADIST (IDCARGOSITEFROM, IDCARGOSITETO, DISTANCE) VALUES (61, 15, 3325);
    INSERT INTO SEADIST (IDCARGOSITEFROM, IDCARGOSITETO, DISTANCE) VALUES (61, 64, 3548);
    INSERT INTO SEADIST (IDCARGOSITEFROM, IDCARGOSITETO, DISTANCE) VALUES (61, 18, 3560);
    INSERT INTO SEADIST (IDCARGOSITEFROM, IDCARGOSITETO, DISTANCE) VALUES (61, 40, 3593);
    INSERT INTO SEADIST (IDCARGOSITEFROM, IDCARGOSITETO, DISTANCE) VALUES (61, 6, 3599);
    INSERT INTO SEADIST (IDCARGOSITEFROM, IDCARGOSITETO, DISTANCE) VALUES (61, 39, 3690);
    INSERT INTO SEADIST (IDCARGOSITEFROM, IDCARGOSITETO, DISTANCE) VALUES (61, 56, 3721);
    INSERT INTO SEADIST (IDCARGOSITEFROM, IDCARGOSITETO, DISTANCE) VALUES (61, 69, 3741);
    INSERT INTO SEADIST (IDCARGOSITEFROM, IDCARGOSITETO, DISTANCE) VALUES (61, 41, 3807);
    INSERT INTO SEADIST (IDCARGOSITEFROM, IDCARGOSITETO, DISTANCE) VALUES (61, 7, 3869);
    INSERT INTO SEADIST (IDCARGOSITEFROM, IDCARGOSITETO, DISTANCE) VALUES (61, 30, 3927);
    INSERT INTO SEADIST (IDCARGOSITEFROM, IDCARGOSITETO, DISTANCE) VALUES (61, 42, 3943);
    INSERT INTO SEADIST (IDCARGOSITEFROM, IDCARGOSITETO, DISTANCE) VALUES (61, 12, 3953);
    INSERT INTO SEADIST (IDCARGOSITEFROM, IDCARGOSITETO, DISTANCE) VALUES (61, 22, 4079);
    INSERT INTO SEADIST (IDCARGOSITEFROM, IDCARGOSITETO, DISTANCE) VALUES (61, 43, 4098);
    INSERT INTO SEADIST (IDCARGOSITEFROM, IDCARGOSITETO, DISTANCE) VALUES (61, 62, 4127);
    INSERT INTO SEADIST (IDCARGOSITEFROM, IDCARGOSITETO, DISTANCE) VALUES (61, 11, 4139);
    INSERT INTO SEADIST (IDCARGOSITEFROM, IDCARGOSITETO, DISTANCE) VALUES (61, 48, 4281);
    INSERT INTO SEADIST (IDCARGOSITEFROM, IDCARGOSITETO, DISTANCE) VALUES (61, 19, 4340);
    INSERT INTO SEADIST (IDCARGOSITEFROM, IDCARGOSITETO, DISTANCE) VALUES (61, 70, 4347);
    INSERT INTO SEADIST (IDCARGOSITEFROM, IDCARGOSITETO, DISTANCE) VALUES (61, 27, 4359);
    INSERT INTO SEADIST (IDCARGOSITEFROM, IDCARGOSITETO, DISTANCE) VALUES (61, 20, 4368);
    INSERT INTO SEADIST (IDCARGOSITEFROM, IDCARGOSITETO, DISTANCE) VALUES (61, 29, 4436);
    INSERT INTO SEADIST (IDCARGOSITEFROM, IDCARGOSITETO, DISTANCE) VALUES (61, 21, 4459);
    INSERT INTO SEADIST (IDCARGOSITEFROM, IDCARGOSITETO, DISTANCE) VALUES (61, 57, 4488);
    INSERT INTO SEADIST (IDCARGOSITEFROM, IDCARGOSITETO, DISTANCE) VALUES (61, 75, 4513);
    INSERT INTO SEADIST (IDCARGOSITEFROM, IDCARGOSITETO, DISTANCE) VALUES (61, 35, 4526);
    INSERT INTO SEADIST (IDCARGOSITEFROM, IDCARGOSITETO, DISTANCE) VALUES (61, 74, 4569);
    INSERT INTO SEADIST (IDCARGOSITEFROM, IDCARGOSITETO, DISTANCE) VALUES (61, 67, 4647);
    INSERT INTO SEADIST (IDCARGOSITEFROM, IDCARGOSITETO, DISTANCE) VALUES (61, 31, 4811);
    INSERT INTO SEADIST (IDCARGOSITEFROM, IDCARGOSITETO, DISTANCE) VALUES (61, 66, 4916);
    INSERT INTO SEADIST (IDCARGOSITEFROM, IDCARGOSITETO, DISTANCE) VALUES (61, 14, 4939);
    INSERT INTO SEADIST (IDCARGOSITEFROM, IDCARGOSITETO, DISTANCE) VALUES (61, 52, 4993);
    INSERT INTO SEADIST (IDCARGOSITEFROM, IDCARGOSITETO, DISTANCE) VALUES (61, 9, 4996);
    INSERT INTO SEADIST (IDCARGOSITEFROM, IDCARGOSITETO, DISTANCE) VALUES (61, 34, 4998);
    INSERT INTO SEADIST (IDCARGOSITEFROM, IDCARGOSITETO, DISTANCE) VALUES (61, 36, 4998);
    INSERT INTO SEADIST (IDCARGOSITEFROM, IDCARGOSITETO, DISTANCE) VALUES (61, 53, 4998);
    INSERT INTO SEADIST (IDCARGOSITEFROM, IDCARGOSITETO, DISTANCE) VALUES (61, 65, 5000);
    INSERT INTO SEADIST (IDCARGOSITEFROM, IDCARGOSITETO, DISTANCE) VALUES (61, 4, 5001);
    INSERT INTO SEADIST (IDCARGOSITEFROM, IDCARGOSITETO, DISTANCE) VALUES (61, 1, 5085);
    INSERT INTO SEADIST (IDCARGOSITEFROM, IDCARGOSITETO, DISTANCE) VALUES (61, 17, 5109);
    INSERT INTO SEADIST (IDCARGOSITEFROM, IDCARGOSITETO, DISTANCE) VALUES (61, 58, 5120);
    INSERT INTO SEADIST (IDCARGOSITEFROM, IDCARGOSITETO, DISTANCE) VALUES (61, 2, 5139);
    INSERT INTO SEADIST (IDCARGOSITEFROM, IDCARGOSITETO, DISTANCE) VALUES (61, 73, 5176);
    INSERT INTO SEADIST (IDCARGOSITEFROM, IDCARGOSITETO, DISTANCE) VALUES (61, 60, 5218);
    INSERT INTO SEADIST (IDCARGOSITEFROM, IDCARGOSITETO, DISTANCE) VALUES (61, 46, 5287);
    INSERT INTO SEADIST (IDCARGOSITEFROM, IDCARGOSITETO, DISTANCE) VALUES (61, 47, 5315);
    INSERT INTO SEADIST (IDCARGOSITEFROM, IDCARGOSITETO, DISTANCE) VALUES (61, 44, 5324);
    INSERT INTO SEADIST (IDCARGOSITEFROM, IDCARGOSITETO, DISTANCE) VALUES (61, 16, 5350);
    INSERT INTO SEADIST (IDCARGOSITEFROM, IDCARGOSITETO, DISTANCE) VALUES (61, 26, 5375);
    INSERT INTO SEADIST (IDCARGOSITEFROM, IDCARGOSITETO, DISTANCE) VALUES (61, 38, 5433);
    INSERT INTO SEADIST (IDCARGOSITEFROM, IDCARGOSITETO, DISTANCE) VALUES (61, 10, 5438);
    INSERT INTO SEADIST (IDCARGOSITEFROM, IDCARGOSITETO, DISTANCE) VALUES (61, 72, 5461);
    INSERT INTO SEADIST (IDCARGOSITEFROM, IDCARGOSITETO, DISTANCE) VALUES (61, 25, 5474);
    INSERT INTO SEADIST (IDCARGOSITEFROM, IDCARGOSITETO, DISTANCE) VALUES (61, 50, 5495);
    INSERT INTO SEADIST (IDCARGOSITEFROM, IDCARGOSITETO, DISTANCE) VALUES (61, 23, 5545);
    INSERT INTO SEADIST (IDCARGOSITEFROM, IDCARGOSITETO, DISTANCE) VALUES (61, 68, 5638);
    INSERT INTO SEADIST (IDCARGOSITEFROM, IDCARGOSITETO, DISTANCE) VALUES (61, 32, 5659);
    INSERT INTO SEADIST (IDCARGOSITEFROM, IDCARGOSITETO, DISTANCE) VALUES (61, 37, 5714);
    INSERT INTO SEADIST (IDCARGOSITEFROM, IDCARGOSITETO, DISTANCE) VALUES (61, 8, 5898);
    INSERT INTO SEADIST (IDCARGOSITEFROM, IDCARGOSITETO, DISTANCE) VALUES (61, 55, 5915);
    INSERT INTO SEADIST (IDCARGOSITEFROM, IDCARGOSITETO, DISTANCE) VALUES (61, 71, 7620);
    INSERT INTO SEADIST (IDCARGOSITEFROM, IDCARGOSITETO, DISTANCE) VALUES (62, 70, 236);
    INSERT INTO SEADIST (IDCARGOSITEFROM, IDCARGOSITETO, DISTANCE) VALUES (62, 46, 1186);
    INSERT INTO SEADIST (IDCARGOSITEFROM, IDCARGOSITETO, DISTANCE) VALUES (62, 14, 1498);
    INSERT INTO SEADIST (IDCARGOSITEFROM, IDCARGOSITETO, DISTANCE) VALUES (62, 29, 2172);
    INSERT INTO SEADIST (IDCARGOSITEFROM, IDCARGOSITETO, DISTANCE) VALUES (62, 22, 2399);
    INSERT INTO SEADIST (IDCARGOSITEFROM, IDCARGOSITETO, DISTANCE) VALUES (62, 49, 2505);
    INSERT INTO SEADIST (IDCARGOSITEFROM, IDCARGOSITETO, DISTANCE) VALUES (62, 12, 2586);
    INSERT INTO SEADIST (IDCARGOSITEFROM, IDCARGOSITETO, DISTANCE) VALUES (62, 6, 2802);
    INSERT INTO SEADIST (IDCARGOSITEFROM, IDCARGOSITETO, DISTANCE) VALUES (62, 18, 2841);
    INSERT INTO SEADIST (IDCARGOSITEFROM, IDCARGOSITETO, DISTANCE) VALUES (62, 56, 3033);
    INSERT INTO SEADIST (IDCARGOSITEFROM, IDCARGOSITETO, DISTANCE) VALUES (62, 19, 3116);
    INSERT INTO SEADIST (IDCARGOSITEFROM, IDCARGOSITETO, DISTANCE) VALUES (62, 15, 3117);
    INSERT INTO SEADIST (IDCARGOSITEFROM, IDCARGOSITETO, DISTANCE) VALUES (62, 57, 3199);
    INSERT INTO SEADIST (IDCARGOSITEFROM, IDCARGOSITETO, DISTANCE) VALUES (62, 44, 3789);
    INSERT INTO SEADIST (IDCARGOSITEFROM, IDCARGOSITETO, DISTANCE) VALUES (62, 74, 4251);
    INSERT INTO SEADIST (IDCARGOSITEFROM, IDCARGOSITETO, DISTANCE) VALUES (62, 51, 4820);
    INSERT INTO SEADIST (IDCARGOSITEFROM, IDCARGOSITETO, DISTANCE) VALUES (62, 42, 4934);
    INSERT INTO SEADIST (IDCARGOSITEFROM, IDCARGOSITETO, DISTANCE) VALUES (62, 24, 6580);
    INSERT INTO SEADIST (IDCARGOSITEFROM, IDCARGOSITETO, DISTANCE) VALUES (62, 64, 7011);
    INSERT INTO SEADIST (IDCARGOSITEFROM, IDCARGOSITETO, DISTANCE) VALUES (62, 39, 7031);
    INSERT INTO SEADIST (IDCARGOSITEFROM, IDCARGOSITETO, DISTANCE) VALUES (62, 11, 7258);
    INSERT INTO SEADIST (IDCARGOSITEFROM, IDCARGOSITETO, DISTANCE) VALUES (62, 20, 7302);
    INSERT INTO SEADIST (IDCARGOSITEFROM, IDCARGOSITETO, DISTANCE) VALUES (62, 40, 7381);
    INSERT INTO SEADIST (IDCARGOSITEFROM, IDCARGOSITETO, DISTANCE) VALUES (62, 21, 7548);
    INSERT INTO SEADIST (IDCARGOSITEFROM, IDCARGOSITETO, DISTANCE) VALUES (62, 69, 7553);
    INSERT INTO SEADIST (IDCARGOSITEFROM, IDCARGOSITETO, DISTANCE) VALUES (62, 75, 7597);
    INSERT INTO SEADIST (IDCARGOSITEFROM, IDCARGOSITETO, DISTANCE) VALUES (62, 41, 7601);
    INSERT INTO SEADIST (IDCARGOSITEFROM, IDCARGOSITETO, DISTANCE) VALUES (62, 9, 7675);
    INSERT INTO SEADIST (IDCARGOSITEFROM, IDCARGOSITETO, DISTANCE) VALUES (62, 7, 7681);
    INSERT INTO SEADIST (IDCARGOSITEFROM, IDCARGOSITETO, DISTANCE) VALUES (62, 43, 7858);
    INSERT INTO SEADIST (IDCARGOSITEFROM, IDCARGOSITETO, DISTANCE) VALUES (62, 31, 7895);
    INSERT INTO SEADIST (IDCARGOSITEFROM, IDCARGOSITETO, DISTANCE) VALUES (62, 48, 7935);
    INSERT INTO SEADIST (IDCARGOSITEFROM, IDCARGOSITETO, DISTANCE) VALUES (62, 1, 7961);
    INSERT INTO SEADIST (IDCARGOSITEFROM, IDCARGOSITETO, DISTANCE) VALUES (62, 17, 7985);
    INSERT INTO SEADIST (IDCARGOSITEFROM, IDCARGOSITETO, DISTANCE) VALUES (62, 27, 8013);
    INSERT INTO SEADIST (IDCARGOSITEFROM, IDCARGOSITETO, DISTANCE) VALUES (62, 50, 8076);
    INSERT INTO SEADIST (IDCARGOSITEFROM, IDCARGOSITETO, DISTANCE) VALUES (62, 60, 8094);
    INSERT INTO SEADIST (IDCARGOSITEFROM, IDCARGOSITETO, DISTANCE) VALUES (62, 26, 8251);
    INSERT INTO SEADIST (IDCARGOSITEFROM, IDCARGOSITETO, DISTANCE) VALUES (62, 35, 8286);
    INSERT INTO SEADIST (IDCARGOSITEFROM, IDCARGOSITETO, DISTANCE) VALUES (62, 67, 8407);
    INSERT INTO SEADIST (IDCARGOSITEFROM, IDCARGOSITETO, DISTANCE) VALUES (62, 68, 8514);
    INSERT INTO SEADIST (IDCARGOSITEFROM, IDCARGOSITETO, DISTANCE) VALUES (62, 32, 8535);
    INSERT INTO SEADIST (IDCARGOSITEFROM, IDCARGOSITETO, DISTANCE) VALUES (62, 37, 8590);
    INSERT INTO SEADIST (IDCARGOSITEFROM, IDCARGOSITETO, DISTANCE) VALUES (62, 52, 8647);
    INSERT INTO SEADIST (IDCARGOSITEFROM, IDCARGOSITETO, DISTANCE) VALUES (62, 65, 8654);
    INSERT INTO SEADIST (IDCARGOSITEFROM, IDCARGOSITETO, DISTANCE) VALUES (62, 4, 8655);
    INSERT INTO SEADIST (IDCARGOSITEFROM, IDCARGOSITETO, DISTANCE) VALUES (62, 66, 8676);
    INSERT INTO SEADIST (IDCARGOSITEFROM, IDCARGOSITETO, DISTANCE) VALUES (62, 58, 8774);
    INSERT INTO SEADIST (IDCARGOSITEFROM, IDCARGOSITETO, DISTANCE) VALUES (62, 34, 8810);
    INSERT INTO SEADIST (IDCARGOSITEFROM, IDCARGOSITETO, DISTANCE) VALUES (62, 36, 8810);
    INSERT INTO SEADIST (IDCARGOSITEFROM, IDCARGOSITETO, DISTANCE) VALUES (62, 53, 8810);
    INSERT INTO SEADIST (IDCARGOSITEFROM, IDCARGOSITETO, DISTANCE) VALUES (62, 73, 8830);
    INSERT INTO SEADIST (IDCARGOSITEFROM, IDCARGOSITETO, DISTANCE) VALUES (62, 2, 8951);
    INSERT INTO SEADIST (IDCARGOSITEFROM, IDCARGOSITETO, DISTANCE) VALUES (62, 38, 9087);
    INSERT INTO SEADIST (IDCARGOSITEFROM, IDCARGOSITETO, DISTANCE) VALUES (62, 47, 9127);
    INSERT INTO SEADIST (IDCARGOSITEFROM, IDCARGOSITETO, DISTANCE) VALUES (62, 16, 9162);
    INSERT INTO SEADIST (IDCARGOSITEFROM, IDCARGOSITETO, DISTANCE) VALUES (62, 25, 9286);
    INSERT INTO SEADIST (IDCARGOSITEFROM, IDCARGOSITETO, DISTANCE) VALUES (62, 23, 9357);
    INSERT INTO SEADIST (IDCARGOSITEFROM, IDCARGOSITETO, DISTANCE) VALUES (62, 8, 9552);
    INSERT INTO SEADIST (IDCARGOSITEFROM, IDCARGOSITETO, DISTANCE) VALUES (62, 55, 9569);
    INSERT INTO SEADIST (IDCARGOSITEFROM, IDCARGOSITETO, DISTANCE) VALUES (63, 49, 901);
    INSERT INTO SEADIST (IDCARGOSITEFROM, IDCARGOSITETO, DISTANCE) VALUES (63, 62, 3312);
    INSERT INTO SEADIST (IDCARGOSITEFROM, IDCARGOSITETO, DISTANCE) VALUES (63, 70, 3532);
    INSERT INTO SEADIST (IDCARGOSITEFROM, IDCARGOSITETO, DISTANCE) VALUES (63, 24, 3907);
    INSERT INTO SEADIST (IDCARGOSITEFROM, IDCARGOSITETO, DISTANCE) VALUES (63, 15, 4199);
    INSERT INTO SEADIST (IDCARGOSITEFROM, IDCARGOSITETO, DISTANCE) VALUES (63, 64, 4418);
    INSERT INTO SEADIST (IDCARGOSITEFROM, IDCARGOSITETO, DISTANCE) VALUES (63, 18, 4433);
    INSERT INTO SEADIST (IDCARGOSITEFROM, IDCARGOSITETO, DISTANCE) VALUES (63, 6, 4472);
    INSERT INTO SEADIST (IDCARGOSITEFROM, IDCARGOSITETO, DISTANCE) VALUES (63, 46, 4472);
    INSERT INTO SEADIST (IDCARGOSITEFROM, IDCARGOSITETO, DISTANCE) VALUES (63, 39, 4561);
    INSERT INTO SEADIST (IDCARGOSITEFROM, IDCARGOSITETO, DISTANCE) VALUES (63, 56, 4595);
    INSERT INTO SEADIST (IDCARGOSITEFROM, IDCARGOSITETO, DISTANCE) VALUES (63, 14, 4760);
    INSERT INTO SEADIST (IDCARGOSITEFROM, IDCARGOSITETO, DISTANCE) VALUES (63, 69, 4764);
    INSERT INTO SEADIST (IDCARGOSITEFROM, IDCARGOSITETO, DISTANCE) VALUES (63, 30, 4800);
    INSERT INTO SEADIST (IDCARGOSITEFROM, IDCARGOSITETO, DISTANCE) VALUES (63, 12, 4826);
    INSERT INTO SEADIST (IDCARGOSITEFROM, IDCARGOSITETO, DISTANCE) VALUES (63, 7, 4892);
    INSERT INTO SEADIST (IDCARGOSITEFROM, IDCARGOSITETO, DISTANCE) VALUES (63, 51, 4937);
    INSERT INTO SEADIST (IDCARGOSITEFROM, IDCARGOSITETO, DISTANCE) VALUES (63, 22, 4952);
    INSERT INTO SEADIST (IDCARGOSITEFROM, IDCARGOSITETO, DISTANCE) VALUES (63, 11, 5011);
    INSERT INTO SEADIST (IDCARGOSITEFROM, IDCARGOSITETO, DISTANCE) VALUES (63, 48, 5146);
    INSERT INTO SEADIST (IDCARGOSITEFROM, IDCARGOSITETO, DISTANCE) VALUES (63, 19, 5213);
    INSERT INTO SEADIST (IDCARGOSITEFROM, IDCARGOSITETO, DISTANCE) VALUES (63, 27, 5224);
    INSERT INTO SEADIST (IDCARGOSITEFROM, IDCARGOSITETO, DISTANCE) VALUES (63, 20, 5241);
    INSERT INTO SEADIST (IDCARGOSITEFROM, IDCARGOSITETO, DISTANCE) VALUES (63, 29, 5309);
    INSERT INTO SEADIST (IDCARGOSITEFROM, IDCARGOSITETO, DISTANCE) VALUES (63, 40, 5320);
    INSERT INTO SEADIST (IDCARGOSITEFROM, IDCARGOSITETO, DISTANCE) VALUES (63, 21, 5331);
    INSERT INTO SEADIST (IDCARGOSITEFROM, IDCARGOSITETO, DISTANCE) VALUES (63, 57, 5361);
    INSERT INTO SEADIST (IDCARGOSITEFROM, IDCARGOSITETO, DISTANCE) VALUES (63, 75, 5385);
    INSERT INTO SEADIST (IDCARGOSITEFROM, IDCARGOSITETO, DISTANCE) VALUES (63, 41, 5389);
    INSERT INTO SEADIST (IDCARGOSITEFROM, IDCARGOSITETO, DISTANCE) VALUES (63, 74, 5442);
    INSERT INTO SEADIST (IDCARGOSITEFROM, IDCARGOSITETO, DISTANCE) VALUES (63, 31, 5683);
    INSERT INTO SEADIST (IDCARGOSITEFROM, IDCARGOSITETO, DISTANCE) VALUES (63, 52, 5858);
    INSERT INTO SEADIST (IDCARGOSITEFROM, IDCARGOSITETO, DISTANCE) VALUES (63, 43, 5865);
    INSERT INTO SEADIST (IDCARGOSITEFROM, IDCARGOSITETO, DISTANCE) VALUES (63, 65, 5865);
    INSERT INTO SEADIST (IDCARGOSITEFROM, IDCARGOSITETO, DISTANCE) VALUES (63, 4, 5866);
    INSERT INTO SEADIST (IDCARGOSITEFROM, IDCARGOSITETO, DISTANCE) VALUES (63, 9, 5873);
    INSERT INTO SEADIST (IDCARGOSITEFROM, IDCARGOSITETO, DISTANCE) VALUES (63, 1, 5957);
    INSERT INTO SEADIST (IDCARGOSITEFROM, IDCARGOSITETO, DISTANCE) VALUES (63, 17, 5981);
    INSERT INTO SEADIST (IDCARGOSITEFROM, IDCARGOSITETO, DISTANCE) VALUES (63, 58, 5985);
    INSERT INTO SEADIST (IDCARGOSITEFROM, IDCARGOSITETO, DISTANCE) VALUES (63, 34, 6021);
    INSERT INTO SEADIST (IDCARGOSITEFROM, IDCARGOSITETO, DISTANCE) VALUES (63, 36, 6021);
    INSERT INTO SEADIST (IDCARGOSITEFROM, IDCARGOSITETO, DISTANCE) VALUES (63, 53, 6021);
    INSERT INTO SEADIST (IDCARGOSITEFROM, IDCARGOSITETO, DISTANCE) VALUES (63, 73, 6041);
    INSERT INTO SEADIST (IDCARGOSITEFROM, IDCARGOSITETO, DISTANCE) VALUES (63, 60, 6090);
    INSERT INTO SEADIST (IDCARGOSITEFROM, IDCARGOSITETO, DISTANCE) VALUES (63, 2, 6162);
    INSERT INTO SEADIST (IDCARGOSITEFROM, IDCARGOSITETO, DISTANCE) VALUES (63, 44, 6197);
    INSERT INTO SEADIST (IDCARGOSITEFROM, IDCARGOSITETO, DISTANCE) VALUES (63, 26, 6247);
    INSERT INTO SEADIST (IDCARGOSITEFROM, IDCARGOSITETO, DISTANCE) VALUES (63, 35, 6282);
    INSERT INTO SEADIST (IDCARGOSITEFROM, IDCARGOSITETO, DISTANCE) VALUES (63, 38, 6298);
    INSERT INTO SEADIST (IDCARGOSITEFROM, IDCARGOSITETO, DISTANCE) VALUES (63, 10, 6303);
    INSERT INTO SEADIST (IDCARGOSITEFROM, IDCARGOSITETO, DISTANCE) VALUES (63, 72, 6326);
    INSERT INTO SEADIST (IDCARGOSITEFROM, IDCARGOSITETO, DISTANCE) VALUES (63, 47, 6338);
    INSERT INTO SEADIST (IDCARGOSITEFROM, IDCARGOSITETO, DISTANCE) VALUES (63, 50, 6372);
    INSERT INTO SEADIST (IDCARGOSITEFROM, IDCARGOSITETO, DISTANCE) VALUES (63, 16, 6373);
    INSERT INTO SEADIST (IDCARGOSITEFROM, IDCARGOSITETO, DISTANCE) VALUES (63, 67, 6403);
    INSERT INTO SEADIST (IDCARGOSITEFROM, IDCARGOSITETO, DISTANCE) VALUES (63, 25, 6497);
    INSERT INTO SEADIST (IDCARGOSITEFROM, IDCARGOSITETO, DISTANCE) VALUES (63, 68, 6510);
    INSERT INTO SEADIST (IDCARGOSITEFROM, IDCARGOSITETO, DISTANCE) VALUES (63, 32, 6531);
    INSERT INTO SEADIST (IDCARGOSITEFROM, IDCARGOSITETO, DISTANCE) VALUES (63, 23, 6568);
    INSERT INTO SEADIST (IDCARGOSITEFROM, IDCARGOSITETO, DISTANCE) VALUES (63, 37, 6586);
    INSERT INTO SEADIST (IDCARGOSITEFROM, IDCARGOSITETO, DISTANCE) VALUES (63, 66, 6672);
    INSERT INTO SEADIST (IDCARGOSITEFROM, IDCARGOSITETO, DISTANCE) VALUES (63, 8, 6763);
    INSERT INTO SEADIST (IDCARGOSITEFROM, IDCARGOSITETO, DISTANCE) VALUES (63, 55, 6780);
    INSERT INTO SEADIST (IDCARGOSITEFROM, IDCARGOSITETO, DISTANCE) VALUES (63, 42, 7384);
    INSERT INTO SEADIST (IDCARGOSITEFROM, IDCARGOSITETO, DISTANCE) VALUES (63, 71, 8493);
    INSERT INTO SEADIST (IDCARGOSITEFROM, IDCARGOSITETO, DISTANCE) VALUES (64, 7, 349);
    INSERT INTO SEADIST (IDCARGOSITEFROM, IDCARGOSITETO, DISTANCE) VALUES (64, 69, 380);
    INSERT INTO SEADIST (IDCARGOSITEFROM, IDCARGOSITETO, DISTANCE) VALUES (64, 48, 410);
    INSERT INTO SEADIST (IDCARGOSITEFROM, IDCARGOSITETO, DISTANCE) VALUES (64, 27, 460);
    INSERT INTO SEADIST (IDCARGOSITEFROM, IDCARGOSITETO, DISTANCE) VALUES (64, 64, 886);
    INSERT INTO SEADIST (IDCARGOSITEFROM, IDCARGOSITETO, DISTANCE) VALUES (64, 52, 892);
    INSERT INTO SEADIST (IDCARGOSITEFROM, IDCARGOSITETO, DISTANCE) VALUES (64, 4, 900);
    INSERT INTO SEADIST (IDCARGOSITEFROM, IDCARGOSITETO, DISTANCE) VALUES (64, 65, 907);
    INSERT INTO SEADIST (IDCARGOSITEFROM, IDCARGOSITETO, DISTANCE) VALUES (64, 40, 1017);
    INSERT INTO SEADIST (IDCARGOSITEFROM, IDCARGOSITETO, DISTANCE) VALUES (64, 58, 1028);
    INSERT INTO SEADIST (IDCARGOSITEFROM, IDCARGOSITETO, DISTANCE) VALUES (64, 39, 1056);
    INSERT INTO SEADIST (IDCARGOSITEFROM, IDCARGOSITETO, DISTANCE) VALUES (64, 34, 1063);
    INSERT INTO SEADIST (IDCARGOSITEFROM, IDCARGOSITETO, DISTANCE) VALUES (64, 36, 1063);
    INSERT INTO SEADIST (IDCARGOSITEFROM, IDCARGOSITETO, DISTANCE) VALUES (64, 53, 1063);
    INSERT INTO SEADIST (IDCARGOSITEFROM, IDCARGOSITETO, DISTANCE) VALUES (64, 41, 1071);
    INSERT INTO SEADIST (IDCARGOSITEFROM, IDCARGOSITETO, DISTANCE) VALUES (64, 73, 1083);
    INSERT INTO SEADIST (IDCARGOSITEFROM, IDCARGOSITETO, DISTANCE) VALUES (64, 2, 1190);
    INSERT INTO SEADIST (IDCARGOSITEFROM, IDCARGOSITETO, DISTANCE) VALUES (64, 24, 1210);
    INSERT INTO SEADIST (IDCARGOSITEFROM, IDCARGOSITETO, DISTANCE) VALUES (64, 10, 1331);
    INSERT INTO SEADIST (IDCARGOSITEFROM, IDCARGOSITETO, DISTANCE) VALUES (64, 38, 1332);
    INSERT INTO SEADIST (IDCARGOSITEFROM, IDCARGOSITETO, DISTANCE) VALUES (64, 72, 1354);
    INSERT INTO SEADIST (IDCARGOSITEFROM, IDCARGOSITETO, DISTANCE) VALUES (64, 47, 1372);
    INSERT INTO SEADIST (IDCARGOSITEFROM, IDCARGOSITETO, DISTANCE) VALUES (64, 16, 1401);
    INSERT INTO SEADIST (IDCARGOSITEFROM, IDCARGOSITETO, DISTANCE) VALUES (64, 25, 1525);
    INSERT INTO SEADIST (IDCARGOSITEFROM, IDCARGOSITETO, DISTANCE) VALUES (64, 11, 1544);
    INSERT INTO SEADIST (IDCARGOSITEFROM, IDCARGOSITETO, DISTANCE) VALUES (64, 43, 1547);
    INSERT INTO SEADIST (IDCARGOSITEFROM, IDCARGOSITETO, DISTANCE) VALUES (64, 54, 1584);
    INSERT INTO SEADIST (IDCARGOSITEFROM, IDCARGOSITETO, DISTANCE) VALUES (64, 23, 1596);
    INSERT INTO SEADIST (IDCARGOSITEFROM, IDCARGOSITETO, DISTANCE) VALUES (64, 33, 1726);
    INSERT INTO SEADIST (IDCARGOSITEFROM, IDCARGOSITETO, DISTANCE) VALUES (64, 8, 1791);
    INSERT INTO SEADIST (IDCARGOSITEFROM, IDCARGOSITETO, DISTANCE) VALUES (64, 20, 1798);
    INSERT INTO SEADIST (IDCARGOSITEFROM, IDCARGOSITETO, DISTANCE) VALUES (64, 55, 1808);
    INSERT INTO SEADIST (IDCARGOSITEFROM, IDCARGOSITETO, DISTANCE) VALUES (64, 21, 1864);
    INSERT INTO SEADIST (IDCARGOSITEFROM, IDCARGOSITETO, DISTANCE) VALUES (64, 78, 1897);
    INSERT INTO SEADIST (IDCARGOSITEFROM, IDCARGOSITETO, DISTANCE) VALUES (64, 75, 1918);
    INSERT INTO SEADIST (IDCARGOSITEFROM, IDCARGOSITETO, DISTANCE) VALUES (64, 35, 1964);
    INSERT INTO SEADIST (IDCARGOSITEFROM, IDCARGOSITETO, DISTANCE) VALUES (64, 3, 1968);
    INSERT INTO SEADIST (IDCARGOSITEFROM, IDCARGOSITETO, DISTANCE) VALUES (64, 67, 2085);
    INSERT INTO SEADIST (IDCARGOSITEFROM, IDCARGOSITETO, DISTANCE) VALUES (64, 31, 2216);
    INSERT INTO SEADIST (IDCARGOSITEFROM, IDCARGOSITETO, DISTANCE) VALUES (64, 66, 2354);
    INSERT INTO SEADIST (IDCARGOSITEFROM, IDCARGOSITETO, DISTANCE) VALUES (64, 9, 2414);
    INSERT INTO SEADIST (IDCARGOSITEFROM, IDCARGOSITETO, DISTANCE) VALUES (64, 1, 2490);
    INSERT INTO SEADIST (IDCARGOSITEFROM, IDCARGOSITETO, DISTANCE) VALUES (64, 17, 2514);
    INSERT INTO SEADIST (IDCARGOSITEFROM, IDCARGOSITETO, DISTANCE) VALUES (64, 60, 2623);
    INSERT INTO SEADIST (IDCARGOSITEFROM, IDCARGOSITETO, DISTANCE) VALUES (64, 26, 2780);
    INSERT INTO SEADIST (IDCARGOSITEFROM, IDCARGOSITETO, DISTANCE) VALUES (64, 50, 3010);
    INSERT INTO SEADIST (IDCARGOSITEFROM, IDCARGOSITETO, DISTANCE) VALUES (64, 51, 3011);
    INSERT INTO SEADIST (IDCARGOSITEFROM, IDCARGOSITETO, DISTANCE) VALUES (64, 68, 3043);
    INSERT INTO SEADIST (IDCARGOSITEFROM, IDCARGOSITETO, DISTANCE) VALUES (64, 32, 3064);
    INSERT INTO SEADIST (IDCARGOSITEFROM, IDCARGOSITETO, DISTANCE) VALUES (64, 37, 3119);
    INSERT INTO SEADIST (IDCARGOSITEFROM, IDCARGOSITETO, DISTANCE) VALUES (64, 30, 3316);
    INSERT INTO SEADIST (IDCARGOSITEFROM, IDCARGOSITETO, DISTANCE) VALUES (64, 61, 4114);
    INSERT INTO SEADIST (IDCARGOSITEFROM, IDCARGOSITETO, DISTANCE) VALUES (64, 15, 4701);
    INSERT INTO SEADIST (IDCARGOSITEFROM, IDCARGOSITETO, DISTANCE) VALUES (64, 18, 4927);
    INSERT INTO SEADIST (IDCARGOSITEFROM, IDCARGOSITETO, DISTANCE) VALUES (64, 6, 4966);
    INSERT INTO SEADIST (IDCARGOSITEFROM, IDCARGOSITETO, DISTANCE) VALUES (64, 63, 4979);
    INSERT INTO SEADIST (IDCARGOSITEFROM, IDCARGOSITETO, DISTANCE) VALUES (64, 56, 5060);
    INSERT INTO SEADIST (IDCARGOSITEFROM, IDCARGOSITETO, DISTANCE) VALUES (64, 49, 5234);
    INSERT INTO SEADIST (IDCARGOSITEFROM, IDCARGOSITETO, DISTANCE) VALUES (64, 12, 5320);
    INSERT INTO SEADIST (IDCARGOSITEFROM, IDCARGOSITETO, DISTANCE) VALUES (64, 74, 5421);
    INSERT INTO SEADIST (IDCARGOSITEFROM, IDCARGOSITETO, DISTANCE) VALUES (64, 22, 5446);
    INSERT INTO SEADIST (IDCARGOSITEFROM, IDCARGOSITETO, DISTANCE) VALUES (64, 59, 5500);
    INSERT INTO SEADIST (IDCARGOSITEFROM, IDCARGOSITETO, DISTANCE) VALUES (64, 19, 5707);
    INSERT INTO SEADIST (IDCARGOSITEFROM, IDCARGOSITETO, DISTANCE) VALUES (64, 29, 5803);
    INSERT INTO SEADIST (IDCARGOSITEFROM, IDCARGOSITETO, DISTANCE) VALUES (64, 57, 5855);
    INSERT INTO SEADIST (IDCARGOSITEFROM, IDCARGOSITETO, DISTANCE) VALUES (64, 13, 5891);
    INSERT INTO SEADIST (IDCARGOSITEFROM, IDCARGOSITETO, DISTANCE) VALUES (64, 5, 6169);
    INSERT INTO SEADIST (IDCARGOSITEFROM, IDCARGOSITETO, DISTANCE) VALUES (64, 14, 6306);
    INSERT INTO SEADIST (IDCARGOSITEFROM, IDCARGOSITETO, DISTANCE) VALUES (64, 44, 6691);
    INSERT INTO SEADIST (IDCARGOSITEFROM, IDCARGOSITETO, DISTANCE) VALUES (64, 46, 6741);
    INSERT INTO SEADIST (IDCARGOSITEFROM, IDCARGOSITETO, DISTANCE) VALUES (64, 42, 7121);
    INSERT INTO SEADIST (IDCARGOSITEFROM, IDCARGOSITETO, DISTANCE) VALUES (64, 70, 7581);
    INSERT INTO SEADIST (IDCARGOSITEFROM, IDCARGOSITETO, DISTANCE) VALUES (64, 62, 7768);
    INSERT INTO SEADIST (IDCARGOSITEFROM, IDCARGOSITETO, DISTANCE) VALUES (64, 71, 8987);
    INSERT INTO SEADIST (IDCARGOSITEFROM, IDCARGOSITETO, DISTANCE) VALUES (65, 34, 216);
    INSERT INTO SEADIST (IDCARGOSITEFROM, IDCARGOSITETO, DISTANCE) VALUES (65, 36, 216);
    INSERT INTO SEADIST (IDCARGOSITEFROM, IDCARGOSITETO, DISTANCE) VALUES (65, 53, 216);
    INSERT INTO SEADIST (IDCARGOSITEFROM, IDCARGOSITETO, DISTANCE) VALUES (65, 73, 230);
    INSERT INTO SEADIST (IDCARGOSITEFROM, IDCARGOSITETO, DISTANCE) VALUES (65, 52, 678);
    INSERT INTO SEADIST (IDCARGOSITEFROM, IDCARGOSITETO, DISTANCE) VALUES (65, 4, 686);
    INSERT INTO SEADIST (IDCARGOSITEFROM, IDCARGOSITETO, DISTANCE) VALUES (65, 27, 951);
    INSERT INTO SEADIST (IDCARGOSITEFROM, IDCARGOSITETO, DISTANCE) VALUES (65, 2, 976);
    INSERT INTO SEADIST (IDCARGOSITEFROM, IDCARGOSITETO, DISTANCE) VALUES (65, 48, 979);
    INSERT INTO SEADIST (IDCARGOSITEFROM, IDCARGOSITETO, DISTANCE) VALUES (65, 38, 1123);
    INSERT INTO SEADIST (IDCARGOSITEFROM, IDCARGOSITETO, DISTANCE) VALUES (65, 7, 1140);
    INSERT INTO SEADIST (IDCARGOSITEFROM, IDCARGOSITETO, DISTANCE) VALUES (65, 47, 1158);
    INSERT INTO SEADIST (IDCARGOSITEFROM, IDCARGOSITETO, DISTANCE) VALUES (65, 16, 1187);
    INSERT INTO SEADIST (IDCARGOSITEFROM, IDCARGOSITETO, DISTANCE) VALUES (65, 69, 1228);
    INSERT INTO SEADIST (IDCARGOSITEFROM, IDCARGOSITETO, DISTANCE) VALUES (65, 25, 1311);
    INSERT INTO SEADIST (IDCARGOSITEFROM, IDCARGOSITETO, DISTANCE) VALUES (65, 23, 1382);
    INSERT INTO SEADIST (IDCARGOSITEFROM, IDCARGOSITETO, DISTANCE) VALUES (65, 8, 1577);
    INSERT INTO SEADIST (IDCARGOSITEFROM, IDCARGOSITETO, DISTANCE) VALUES (65, 55, 1594);
    INSERT INTO SEADIST (IDCARGOSITEFROM, IDCARGOSITETO, DISTANCE) VALUES (65, 64, 1772);
    INSERT INTO SEADIST (IDCARGOSITEFROM, IDCARGOSITETO, DISTANCE) VALUES (65, 39, 1942);
    INSERT INTO SEADIST (IDCARGOSITEFROM, IDCARGOSITETO, DISTANCE) VALUES (65, 24, 2096);
    INSERT INTO SEADIST (IDCARGOSITEFROM, IDCARGOSITETO, DISTANCE) VALUES (65, 11, 2430);
    INSERT INTO SEADIST (IDCARGOSITEFROM, IDCARGOSITETO, DISTANCE) VALUES (65, 20, 2684);
    INSERT INTO SEADIST (IDCARGOSITEFROM, IDCARGOSITETO, DISTANCE) VALUES (65, 21, 2750);
    INSERT INTO SEADIST (IDCARGOSITEFROM, IDCARGOSITETO, DISTANCE) VALUES (65, 40, 2754);
    INSERT INTO SEADIST (IDCARGOSITEFROM, IDCARGOSITETO, DISTANCE) VALUES (65, 75, 2804);
    INSERT INTO SEADIST (IDCARGOSITEFROM, IDCARGOSITETO, DISTANCE) VALUES (65, 41, 2808);
    INSERT INTO SEADIST (IDCARGOSITEFROM, IDCARGOSITETO, DISTANCE) VALUES (65, 31, 3102);
    INSERT INTO SEADIST (IDCARGOSITEFROM, IDCARGOSITETO, DISTANCE) VALUES (65, 43, 3284);
    INSERT INTO SEADIST (IDCARGOSITEFROM, IDCARGOSITETO, DISTANCE) VALUES (65, 9, 3300);
    INSERT INTO SEADIST (IDCARGOSITEFROM, IDCARGOSITETO, DISTANCE) VALUES (65, 1, 3376);
    INSERT INTO SEADIST (IDCARGOSITEFROM, IDCARGOSITETO, DISTANCE) VALUES (65, 17, 3400);
    INSERT INTO SEADIST (IDCARGOSITEFROM, IDCARGOSITETO, DISTANCE) VALUES (65, 60, 3509);
    INSERT INTO SEADIST (IDCARGOSITEFROM, IDCARGOSITETO, DISTANCE) VALUES (65, 26, 3666);
    INSERT INTO SEADIST (IDCARGOSITEFROM, IDCARGOSITETO, DISTANCE) VALUES (65, 35, 3701);
    INSERT INTO SEADIST (IDCARGOSITEFROM, IDCARGOSITETO, DISTANCE) VALUES (65, 67, 3822);
    INSERT INTO SEADIST (IDCARGOSITEFROM, IDCARGOSITETO, DISTANCE) VALUES (65, 50, 3896);
    INSERT INTO SEADIST (IDCARGOSITEFROM, IDCARGOSITETO, DISTANCE) VALUES (65, 68, 3929);
    INSERT INTO SEADIST (IDCARGOSITEFROM, IDCARGOSITETO, DISTANCE) VALUES (65, 32, 3950);
    INSERT INTO SEADIST (IDCARGOSITEFROM, IDCARGOSITETO, DISTANCE) VALUES (65, 37, 4005);
    INSERT INTO SEADIST (IDCARGOSITEFROM, IDCARGOSITETO, DISTANCE) VALUES (65, 66, 4091);
    INSERT INTO SEADIST (IDCARGOSITEFROM, IDCARGOSITETO, DISTANCE) VALUES (65, 51, 4701);
    INSERT INTO SEADIST (IDCARGOSITEFROM, IDCARGOSITETO, DISTANCE) VALUES (65, 18, 5813);
    INSERT INTO SEADIST (IDCARGOSITEFROM, IDCARGOSITETO, DISTANCE) VALUES (65, 6, 5852);
    INSERT INTO SEADIST (IDCARGOSITEFROM, IDCARGOSITETO, DISTANCE) VALUES (65, 74, 6307);
    INSERT INTO SEADIST (IDCARGOSITEFROM, IDCARGOSITETO, DISTANCE) VALUES (65, 22, 6332);
    INSERT INTO SEADIST (IDCARGOSITEFROM, IDCARGOSITETO, DISTANCE) VALUES (65, 19, 6593);
    INSERT INTO SEADIST (IDCARGOSITEFROM, IDCARGOSITETO, DISTANCE) VALUES (65, 49, 6680);
    INSERT INTO SEADIST (IDCARGOSITEFROM, IDCARGOSITETO, DISTANCE) VALUES (65, 29, 6689);
    INSERT INTO SEADIST (IDCARGOSITEFROM, IDCARGOSITETO, DISTANCE) VALUES (65, 57, 6741);
    INSERT INTO SEADIST (IDCARGOSITEFROM, IDCARGOSITETO, DISTANCE) VALUES (65, 14, 7192);
    INSERT INTO SEADIST (IDCARGOSITEFROM, IDCARGOSITETO, DISTANCE) VALUES (65, 44, 7577);
    INSERT INTO SEADIST (IDCARGOSITEFROM, IDCARGOSITETO, DISTANCE) VALUES (65, 46, 7627);
    INSERT INTO SEADIST (IDCARGOSITEFROM, IDCARGOSITETO, DISTANCE) VALUES (65, 42, 8764);
    INSERT INTO SEADIST (IDCARGOSITEFROM, IDCARGOSITETO, DISTANCE) VALUES (66, 67, 385);
    INSERT INTO SEADIST (IDCARGOSITEFROM, IDCARGOSITETO, DISTANCE) VALUES (66, 43, 864);
    INSERT INTO SEADIST (IDCARGOSITEFROM, IDCARGOSITETO, DISTANCE) VALUES (66, 41, 1396);
    INSERT INTO SEADIST (IDCARGOSITEFROM, IDCARGOSITETO, DISTANCE) VALUES (66, 40, 1741);
    INSERT INTO SEADIST (IDCARGOSITEFROM, IDCARGOSITETO, DISTANCE) VALUES (66, 69, 2990);
    INSERT INTO SEADIST (IDCARGOSITEFROM, IDCARGOSITETO, DISTANCE) VALUES (66, 7, 3118);
    INSERT INTO SEADIST (IDCARGOSITEFROM, IDCARGOSITETO, DISTANCE) VALUES (66, 34, 4247);
    INSERT INTO SEADIST (IDCARGOSITEFROM, IDCARGOSITETO, DISTANCE) VALUES (66, 36, 4247);
    INSERT INTO SEADIST (IDCARGOSITEFROM, IDCARGOSITETO, DISTANCE) VALUES (66, 53, 4247);
    INSERT INTO SEADIST (IDCARGOSITEFROM, IDCARGOSITETO, DISTANCE) VALUES (66, 51, 4373);
    INSERT INTO SEADIST (IDCARGOSITEFROM, IDCARGOSITETO, DISTANCE) VALUES (66, 2, 4388);
    INSERT INTO SEADIST (IDCARGOSITEFROM, IDCARGOSITETO, DISTANCE) VALUES (66, 47, 4564);
    INSERT INTO SEADIST (IDCARGOSITEFROM, IDCARGOSITETO, DISTANCE) VALUES (66, 23, 4794);
    INSERT INTO SEADIST (IDCARGOSITEFROM, IDCARGOSITETO, DISTANCE) VALUES (66, 49, 7486);
    INSERT INTO SEADIST (IDCARGOSITEFROM, IDCARGOSITETO, DISTANCE) VALUES (66, 42, 8786);
    INSERT INTO SEADIST (IDCARGOSITEFROM, IDCARGOSITETO, DISTANCE) VALUES (67, 41, 1127);
    INSERT INTO SEADIST (IDCARGOSITEFROM, IDCARGOSITETO, DISTANCE) VALUES (67, 40, 1472);
    INSERT INTO SEADIST (IDCARGOSITEFROM, IDCARGOSITETO, DISTANCE) VALUES (67, 51, 4104);
    INSERT INTO SEADIST (IDCARGOSITEFROM, IDCARGOSITETO, DISTANCE) VALUES (67, 2, 4119);
    INSERT INTO SEADIST (IDCARGOSITEFROM, IDCARGOSITETO, DISTANCE) VALUES (67, 47, 4295);
    INSERT INTO SEADIST (IDCARGOSITEFROM, IDCARGOSITETO, DISTANCE) VALUES (67, 23, 4525);
    INSERT INTO SEADIST (IDCARGOSITEFROM, IDCARGOSITETO, DISTANCE) VALUES (67, 49, 7217);
    INSERT INTO SEADIST (IDCARGOSITEFROM, IDCARGOSITETO, DISTANCE) VALUES (67, 42, 8517);
    INSERT INTO SEADIST (IDCARGOSITEFROM, IDCARGOSITETO, DISTANCE) VALUES (68, 32, 48);
    INSERT INTO SEADIST (IDCARGOSITEFROM, IDCARGOSITETO, DISTANCE) VALUES (68, 37, 99);
    INSERT INTO SEADIST (IDCARGOSITEFROM, IDCARGOSITETO, DISTANCE) VALUES (68, 66, 187);
    INSERT INTO SEADIST (IDCARGOSITEFROM, IDCARGOSITETO, DISTANCE) VALUES (68, 67, 217);
    INSERT INTO SEADIST (IDCARGOSITEFROM, IDCARGOSITETO, DISTANCE) VALUES (68, 35, 402);
    INSERT INTO SEADIST (IDCARGOSITEFROM, IDCARGOSITETO, DISTANCE) VALUES (68, 26, 406);
    INSERT INTO SEADIST (IDCARGOSITEFROM, IDCARGOSITETO, DISTANCE) VALUES (68, 60, 558);
    INSERT INTO SEADIST (IDCARGOSITEFROM, IDCARGOSITETO, DISTANCE) VALUES (68, 31, 700);
    INSERT INTO SEADIST (IDCARGOSITEFROM, IDCARGOSITETO, DISTANCE) VALUES (68, 43, 701);
    INSERT INTO SEADIST (IDCARGOSITEFROM, IDCARGOSITETO, DISTANCE) VALUES (68, 9, 986);
    INSERT INTO SEADIST (IDCARGOSITEFROM, IDCARGOSITETO, DISTANCE) VALUES (68, 75, 1183);
    INSERT INTO SEADIST (IDCARGOSITEFROM, IDCARGOSITETO, DISTANCE) VALUES (68, 21, 1221);
    INSERT INTO SEADIST (IDCARGOSITEFROM, IDCARGOSITETO, DISTANCE) VALUES (68, 41, 1234);
    INSERT INTO SEADIST (IDCARGOSITEFROM, IDCARGOSITETO, DISTANCE) VALUES (68, 20, 1549);
    INSERT INTO SEADIST (IDCARGOSITEFROM, IDCARGOSITETO, DISTANCE) VALUES (68, 11, 1557);
    INSERT INTO SEADIST (IDCARGOSITEFROM, IDCARGOSITETO, DISTANCE) VALUES (68, 40, 1579);
    INSERT INTO SEADIST (IDCARGOSITEFROM, IDCARGOSITETO, DISTANCE) VALUES (68, 50, 1588);
    INSERT INTO SEADIST (IDCARGOSITEFROM, IDCARGOSITETO, DISTANCE) VALUES (68, 39, 2010);
    INSERT INTO SEADIST (IDCARGOSITEFROM, IDCARGOSITETO, DISTANCE) VALUES (68, 64, 2192);
    INSERT INTO SEADIST (IDCARGOSITEFROM, IDCARGOSITETO, DISTANCE) VALUES (68, 24, 2611);
    INSERT INTO SEADIST (IDCARGOSITEFROM, IDCARGOSITETO, DISTANCE) VALUES (68, 69, 2828);
    INSERT INTO SEADIST (IDCARGOSITEFROM, IDCARGOSITETO, DISTANCE) VALUES (68, 7, 2956);
    INSERT INTO SEADIST (IDCARGOSITEFROM, IDCARGOSITETO, DISTANCE) VALUES (68, 48, 3210);
    INSERT INTO SEADIST (IDCARGOSITEFROM, IDCARGOSITETO, DISTANCE) VALUES (68, 27, 3288);
    INSERT INTO SEADIST (IDCARGOSITEFROM, IDCARGOSITETO, DISTANCE) VALUES (68, 52, 3922);
    INSERT INTO SEADIST (IDCARGOSITEFROM, IDCARGOSITETO, DISTANCE) VALUES (68, 4, 3930);
    INSERT INTO SEADIST (IDCARGOSITEFROM, IDCARGOSITETO, DISTANCE) VALUES (68, 34, 4085);
    INSERT INTO SEADIST (IDCARGOSITEFROM, IDCARGOSITETO, DISTANCE) VALUES (68, 36, 4085);
    INSERT INTO SEADIST (IDCARGOSITEFROM, IDCARGOSITETO, DISTANCE) VALUES (68, 53, 4085);
    INSERT INTO SEADIST (IDCARGOSITEFROM, IDCARGOSITETO, DISTANCE) VALUES (68, 73, 4105);
    INSERT INTO SEADIST (IDCARGOSITEFROM, IDCARGOSITETO, DISTANCE) VALUES (68, 51, 4211);
    INSERT INTO SEADIST (IDCARGOSITEFROM, IDCARGOSITETO, DISTANCE) VALUES (68, 2, 4226);
    INSERT INTO SEADIST (IDCARGOSITEFROM, IDCARGOSITETO, DISTANCE) VALUES (68, 47, 4402);
    INSERT INTO SEADIST (IDCARGOSITEFROM, IDCARGOSITETO, DISTANCE) VALUES (68, 16, 4437);
    INSERT INTO SEADIST (IDCARGOSITEFROM, IDCARGOSITETO, DISTANCE) VALUES (68, 25, 4561);
    INSERT INTO SEADIST (IDCARGOSITEFROM, IDCARGOSITETO, DISTANCE) VALUES (68, 23, 4632);
    INSERT INTO SEADIST (IDCARGOSITEFROM, IDCARGOSITETO, DISTANCE) VALUES (68, 8, 4827);
    INSERT INTO SEADIST (IDCARGOSITEFROM, IDCARGOSITETO, DISTANCE) VALUES (68, 55, 4844);
    INSERT INTO SEADIST (IDCARGOSITEFROM, IDCARGOSITETO, DISTANCE) VALUES (68, 18, 5673);
    INSERT INTO SEADIST (IDCARGOSITEFROM, IDCARGOSITETO, DISTANCE) VALUES (68, 6, 5712);
    INSERT INTO SEADIST (IDCARGOSITEFROM, IDCARGOSITETO, DISTANCE) VALUES (68, 74, 5898);
    INSERT INTO SEADIST (IDCARGOSITEFROM, IDCARGOSITETO, DISTANCE) VALUES (68, 57, 6601);
    INSERT INTO SEADIST (IDCARGOSITEFROM, IDCARGOSITETO, DISTANCE) VALUES (68, 14, 7052);
    INSERT INTO SEADIST (IDCARGOSITEFROM, IDCARGOSITETO, DISTANCE) VALUES (68, 49, 7324);
    INSERT INTO SEADIST (IDCARGOSITEFROM, IDCARGOSITETO, DISTANCE) VALUES (68, 44, 7437);
    INSERT INTO SEADIST (IDCARGOSITEFROM, IDCARGOSITETO, DISTANCE) VALUES (68, 46, 7487);
    INSERT INTO SEADIST (IDCARGOSITEFROM, IDCARGOSITETO, DISTANCE) VALUES (68, 42, 8624);
    INSERT INTO SEADIST (IDCARGOSITEFROM, IDCARGOSITETO, DISTANCE) VALUES (69, 2, 1535);
    INSERT INTO SEADIST (IDCARGOSITEFROM, IDCARGOSITETO, DISTANCE) VALUES (69, 40, 1653);
    INSERT INTO SEADIST (IDCARGOSITEFROM, IDCARGOSITETO, DISTANCE) VALUES (69, 41, 1707);
    INSERT INTO SEADIST (IDCARGOSITEFROM, IDCARGOSITETO, DISTANCE) VALUES (69, 47, 1717);
    INSERT INTO SEADIST (IDCARGOSITEFROM, IDCARGOSITETO, DISTANCE) VALUES (69, 23, 1941);
    INSERT INTO SEADIST (IDCARGOSITEFROM, IDCARGOSITETO, DISTANCE) VALUES (69, 43, 2183);
    INSERT INTO SEADIST (IDCARGOSITEFROM, IDCARGOSITETO, DISTANCE) VALUES (69, 67, 2721);
    INSERT INTO SEADIST (IDCARGOSITEFROM, IDCARGOSITETO, DISTANCE) VALUES (69, 51, 3600);
    INSERT INTO SEADIST (IDCARGOSITEFROM, IDCARGOSITETO, DISTANCE) VALUES (69, 49, 5579);
    INSERT INTO SEADIST (IDCARGOSITEFROM, IDCARGOSITETO, DISTANCE) VALUES (69, 42, 7663);
    INSERT INTO SEADIST (IDCARGOSITEFROM, IDCARGOSITETO, DISTANCE) VALUES (70, 46, 965);
    INSERT INTO SEADIST (IDCARGOSITEFROM, IDCARGOSITETO, DISTANCE) VALUES (70, 14, 1299);
    INSERT INTO SEADIST (IDCARGOSITEFROM, IDCARGOSITETO, DISTANCE) VALUES (70, 29, 1984);
    INSERT INTO SEADIST (IDCARGOSITEFROM, IDCARGOSITETO, DISTANCE) VALUES (70, 22, 2175);
    INSERT INTO SEADIST (IDCARGOSITEFROM, IDCARGOSITETO, DISTANCE) VALUES (70, 12, 2399);
    INSERT INTO SEADIST (IDCARGOSITEFROM, IDCARGOSITETO, DISTANCE) VALUES (70, 6, 2615);
    INSERT INTO SEADIST (IDCARGOSITEFROM, IDCARGOSITETO, DISTANCE) VALUES (70, 18, 2654);
    INSERT INTO SEADIST (IDCARGOSITEFROM, IDCARGOSITETO, DISTANCE) VALUES (70, 49, 2725);
    INSERT INTO SEADIST (IDCARGOSITEFROM, IDCARGOSITETO, DISTANCE) VALUES (70, 56, 2846);
    INSERT INTO SEADIST (IDCARGOSITEFROM, IDCARGOSITETO, DISTANCE) VALUES (70, 15, 2930);
    INSERT INTO SEADIST (IDCARGOSITEFROM, IDCARGOSITETO, DISTANCE) VALUES (70, 19, 2933);
    INSERT INTO SEADIST (IDCARGOSITEFROM, IDCARGOSITETO, DISTANCE) VALUES (70, 57, 3024);
    INSERT INTO SEADIST (IDCARGOSITEFROM, IDCARGOSITETO, DISTANCE) VALUES (70, 44, 3652);
    INSERT INTO SEADIST (IDCARGOSITEFROM, IDCARGOSITETO, DISTANCE) VALUES (70, 74, 4064);
    INSERT INTO SEADIST (IDCARGOSITEFROM, IDCARGOSITETO, DISTANCE) VALUES (70, 51, 4633);
    INSERT INTO SEADIST (IDCARGOSITEFROM, IDCARGOSITETO, DISTANCE) VALUES (70, 42, 4806);
    INSERT INTO SEADIST (IDCARGOSITEFROM, IDCARGOSITETO, DISTANCE) VALUES (70, 24, 6393);
    INSERT INTO SEADIST (IDCARGOSITEFROM, IDCARGOSITETO, DISTANCE) VALUES (70, 64, 6824);
    INSERT INTO SEADIST (IDCARGOSITEFROM, IDCARGOSITETO, DISTANCE) VALUES (70, 39, 6844);
    INSERT INTO SEADIST (IDCARGOSITEFROM, IDCARGOSITETO, DISTANCE) VALUES (70, 11, 7071);
    INSERT INTO SEADIST (IDCARGOSITEFROM, IDCARGOSITETO, DISTANCE) VALUES (70, 20, 7115);
    INSERT INTO SEADIST (IDCARGOSITEFROM, IDCARGOSITETO, DISTANCE) VALUES (70, 40, 7194);
    INSERT INTO SEADIST (IDCARGOSITEFROM, IDCARGOSITETO, DISTANCE) VALUES (70, 21, 7361);
    INSERT INTO SEADIST (IDCARGOSITEFROM, IDCARGOSITETO, DISTANCE) VALUES (70, 69, 7366);
    INSERT INTO SEADIST (IDCARGOSITEFROM, IDCARGOSITETO, DISTANCE) VALUES (70, 75, 7410);
    INSERT INTO SEADIST (IDCARGOSITEFROM, IDCARGOSITETO, DISTANCE) VALUES (70, 41, 7414);
    INSERT INTO SEADIST (IDCARGOSITEFROM, IDCARGOSITETO, DISTANCE) VALUES (70, 9, 7488);
    INSERT INTO SEADIST (IDCARGOSITEFROM, IDCARGOSITETO, DISTANCE) VALUES (70, 7, 7494);
    INSERT INTO SEADIST (IDCARGOSITEFROM, IDCARGOSITETO, DISTANCE) VALUES (70, 43, 7671);
    INSERT INTO SEADIST (IDCARGOSITEFROM, IDCARGOSITETO, DISTANCE) VALUES (70, 31, 7708);
    INSERT INTO SEADIST (IDCARGOSITEFROM, IDCARGOSITETO, DISTANCE) VALUES (70, 48, 7748);
    INSERT INTO SEADIST (IDCARGOSITEFROM, IDCARGOSITETO, DISTANCE) VALUES (70, 1, 7774);
    INSERT INTO SEADIST (IDCARGOSITEFROM, IDCARGOSITETO, DISTANCE) VALUES (70, 17, 7798);
    INSERT INTO SEADIST (IDCARGOSITEFROM, IDCARGOSITETO, DISTANCE) VALUES (70, 27, 7826);
    INSERT INTO SEADIST (IDCARGOSITEFROM, IDCARGOSITETO, DISTANCE) VALUES (70, 50, 7889);
    INSERT INTO SEADIST (IDCARGOSITEFROM, IDCARGOSITETO, DISTANCE) VALUES (70, 60, 7907);
    INSERT INTO SEADIST (IDCARGOSITEFROM, IDCARGOSITETO, DISTANCE) VALUES (70, 26, 8064);
    INSERT INTO SEADIST (IDCARGOSITEFROM, IDCARGOSITETO, DISTANCE) VALUES (70, 35, 8099);
    INSERT INTO SEADIST (IDCARGOSITEFROM, IDCARGOSITETO, DISTANCE) VALUES (70, 67, 8220);
    INSERT INTO SEADIST (IDCARGOSITEFROM, IDCARGOSITETO, DISTANCE) VALUES (70, 68, 8327);
    INSERT INTO SEADIST (IDCARGOSITEFROM, IDCARGOSITETO, DISTANCE) VALUES (70, 32, 8348);
    INSERT INTO SEADIST (IDCARGOSITEFROM, IDCARGOSITETO, DISTANCE) VALUES (70, 37, 8403);
    INSERT INTO SEADIST (IDCARGOSITEFROM, IDCARGOSITETO, DISTANCE) VALUES (70, 52, 8460);
    INSERT INTO SEADIST (IDCARGOSITEFROM, IDCARGOSITETO, DISTANCE) VALUES (70, 65, 8467);
    INSERT INTO SEADIST (IDCARGOSITEFROM, IDCARGOSITETO, DISTANCE) VALUES (70, 4, 8468);
    INSERT INTO SEADIST (IDCARGOSITEFROM, IDCARGOSITETO, DISTANCE) VALUES (70, 66, 8489);
    INSERT INTO SEADIST (IDCARGOSITEFROM, IDCARGOSITETO, DISTANCE) VALUES (70, 58, 8587);
    INSERT INTO SEADIST (IDCARGOSITEFROM, IDCARGOSITETO, DISTANCE) VALUES (70, 34, 8623);
    INSERT INTO SEADIST (IDCARGOSITEFROM, IDCARGOSITETO, DISTANCE) VALUES (70, 36, 8623);
    INSERT INTO SEADIST (IDCARGOSITEFROM, IDCARGOSITETO, DISTANCE) VALUES (70, 53, 8623);
    INSERT INTO SEADIST (IDCARGOSITEFROM, IDCARGOSITETO, DISTANCE) VALUES (70, 73, 8643);
    INSERT INTO SEADIST (IDCARGOSITEFROM, IDCARGOSITETO, DISTANCE) VALUES (70, 2, 8764);
    INSERT INTO SEADIST (IDCARGOSITEFROM, IDCARGOSITETO, DISTANCE) VALUES (70, 38, 8900);
    INSERT INTO SEADIST (IDCARGOSITEFROM, IDCARGOSITETO, DISTANCE) VALUES (70, 47, 8940);
    INSERT INTO SEADIST (IDCARGOSITEFROM, IDCARGOSITETO, DISTANCE) VALUES (70, 16, 8975);
    INSERT INTO SEADIST (IDCARGOSITEFROM, IDCARGOSITETO, DISTANCE) VALUES (70, 25, 9099);
    INSERT INTO SEADIST (IDCARGOSITEFROM, IDCARGOSITETO, DISTANCE) VALUES (70, 23, 9170);
    INSERT INTO SEADIST (IDCARGOSITEFROM, IDCARGOSITETO, DISTANCE) VALUES (70, 8, 9365);
    INSERT INTO SEADIST (IDCARGOSITEFROM, IDCARGOSITETO, DISTANCE) VALUES (70, 55, 9382);
    INSERT INTO SEADIST (IDCARGOSITEFROM, IDCARGOSITETO, DISTANCE) VALUES (71, 42, 1162);
    INSERT INTO SEADIST (IDCARGOSITEFROM, IDCARGOSITETO, DISTANCE) VALUES (71, 44, 2328);
    INSERT INTO SEADIST (IDCARGOSITEFROM, IDCARGOSITETO, DISTANCE) VALUES (71, 57, 3156);
    INSERT INTO SEADIST (IDCARGOSITEFROM, IDCARGOSITETO, DISTANCE) VALUES (71, 19, 3354);
    INSERT INTO SEADIST (IDCARGOSITEFROM, IDCARGOSITETO, DISTANCE) VALUES (71, 6, 4021);
    INSERT INTO SEADIST (IDCARGOSITEFROM, IDCARGOSITETO, DISTANCE) VALUES (71, 18, 4060);
    INSERT INTO SEADIST (IDCARGOSITEFROM, IDCARGOSITETO, DISTANCE) VALUES (71, 22, 4110);
    INSERT INTO SEADIST (IDCARGOSITEFROM, IDCARGOSITETO, DISTANCE) VALUES (71, 12, 4156);
    INSERT INTO SEADIST (IDCARGOSITEFROM, IDCARGOSITETO, DISTANCE) VALUES (71, 56, 4252);
    INSERT INTO SEADIST (IDCARGOSITEFROM, IDCARGOSITETO, DISTANCE) VALUES (71, 15, 4336);
    INSERT INTO SEADIST (IDCARGOSITEFROM, IDCARGOSITETO, DISTANCE) VALUES (71, 29, 4340);
    INSERT INTO SEADIST (IDCARGOSITEFROM, IDCARGOSITETO, DISTANCE) VALUES (71, 14, 4763);
    INSERT INTO SEADIST (IDCARGOSITEFROM, IDCARGOSITETO, DISTANCE) VALUES (71, 46, 5192);
    INSERT INTO SEADIST (IDCARGOSITEFROM, IDCARGOSITETO, DISTANCE) VALUES (71, 74, 5470);
    INSERT INTO SEADIST (IDCARGOSITEFROM, IDCARGOSITETO, DISTANCE) VALUES (71, 70, 5915);
    INSERT INTO SEADIST (IDCARGOSITEFROM, IDCARGOSITETO, DISTANCE) VALUES (71, 51, 6039);
    INSERT INTO SEADIST (IDCARGOSITEFROM, IDCARGOSITETO, DISTANCE) VALUES (71, 62, 6043);
    INSERT INTO SEADIST (IDCARGOSITEFROM, IDCARGOSITETO, DISTANCE) VALUES (71, 24, 7799);
    INSERT INTO SEADIST (IDCARGOSITEFROM, IDCARGOSITETO, DISTANCE) VALUES (71, 64, 8230);
    INSERT INTO SEADIST (IDCARGOSITEFROM, IDCARGOSITETO, DISTANCE) VALUES (71, 39, 8250);
    INSERT INTO SEADIST (IDCARGOSITEFROM, IDCARGOSITETO, DISTANCE) VALUES (71, 49, 8302);
    INSERT INTO SEADIST (IDCARGOSITEFROM, IDCARGOSITETO, DISTANCE) VALUES (71, 11, 8477);
    INSERT INTO SEADIST (IDCARGOSITEFROM, IDCARGOSITETO, DISTANCE) VALUES (71, 20, 8521);
    INSERT INTO SEADIST (IDCARGOSITEFROM, IDCARGOSITETO, DISTANCE) VALUES (71, 40, 8600);
    INSERT INTO SEADIST (IDCARGOSITEFROM, IDCARGOSITETO, DISTANCE) VALUES (71, 21, 8767);
    INSERT INTO SEADIST (IDCARGOSITEFROM, IDCARGOSITETO, DISTANCE) VALUES (71, 69, 8772);
    INSERT INTO SEADIST (IDCARGOSITEFROM, IDCARGOSITETO, DISTANCE) VALUES (71, 75, 8816);
    INSERT INTO SEADIST (IDCARGOSITEFROM, IDCARGOSITETO, DISTANCE) VALUES (71, 41, 8820);
    INSERT INTO SEADIST (IDCARGOSITEFROM, IDCARGOSITETO, DISTANCE) VALUES (71, 9, 8894);
    INSERT INTO SEADIST (IDCARGOSITEFROM, IDCARGOSITETO, DISTANCE) VALUES (71, 7, 8900);
    INSERT INTO SEADIST (IDCARGOSITEFROM, IDCARGOSITETO, DISTANCE) VALUES (71, 43, 9077);
    INSERT INTO SEADIST (IDCARGOSITEFROM, IDCARGOSITETO, DISTANCE) VALUES (71, 31, 9114);
    INSERT INTO SEADIST (IDCARGOSITEFROM, IDCARGOSITETO, DISTANCE) VALUES (71, 48, 9154);
    INSERT INTO SEADIST (IDCARGOSITEFROM, IDCARGOSITETO, DISTANCE) VALUES (71, 1, 9180);
    INSERT INTO SEADIST (IDCARGOSITEFROM, IDCARGOSITETO, DISTANCE) VALUES (71, 17, 9204);
    INSERT INTO SEADIST (IDCARGOSITEFROM, IDCARGOSITETO, DISTANCE) VALUES (71, 27, 9232);
    INSERT INTO SEADIST (IDCARGOSITEFROM, IDCARGOSITETO, DISTANCE) VALUES (71, 50, 9295);
    INSERT INTO SEADIST (IDCARGOSITEFROM, IDCARGOSITETO, DISTANCE) VALUES (71, 60, 9313);
    INSERT INTO SEADIST (IDCARGOSITEFROM, IDCARGOSITETO, DISTANCE) VALUES (71, 26, 9470);
    INSERT INTO SEADIST (IDCARGOSITEFROM, IDCARGOSITETO, DISTANCE) VALUES (71, 35, 9505);
    INSERT INTO SEADIST (IDCARGOSITEFROM, IDCARGOSITETO, DISTANCE) VALUES (71, 67, 9626);
    INSERT INTO SEADIST (IDCARGOSITEFROM, IDCARGOSITETO, DISTANCE) VALUES (71, 68, 9733);
    INSERT INTO SEADIST (IDCARGOSITEFROM, IDCARGOSITETO, DISTANCE) VALUES (71, 32, 9754);
    INSERT INTO SEADIST (IDCARGOSITEFROM, IDCARGOSITETO, DISTANCE) VALUES (71, 37, 9809);
    INSERT INTO SEADIST (IDCARGOSITEFROM, IDCARGOSITETO, DISTANCE) VALUES (71, 52, 9866);
    INSERT INTO SEADIST (IDCARGOSITEFROM, IDCARGOSITETO, DISTANCE) VALUES (71, 65, 9873);
    INSERT INTO SEADIST (IDCARGOSITEFROM, IDCARGOSITETO, DISTANCE) VALUES (71, 4, 9874);
    INSERT INTO SEADIST (IDCARGOSITEFROM, IDCARGOSITETO, DISTANCE) VALUES (71, 66, 9895);
    INSERT INTO SEADIST (IDCARGOSITEFROM, IDCARGOSITETO, DISTANCE) VALUES (71, 58, 9993);
    INSERT INTO SEADIST (IDCARGOSITEFROM, IDCARGOSITETO, DISTANCE) VALUES (71, 34, 10029);
    INSERT INTO SEADIST (IDCARGOSITEFROM, IDCARGOSITETO, DISTANCE) VALUES (71, 36, 10029);
    INSERT INTO SEADIST (IDCARGOSITEFROM, IDCARGOSITETO, DISTANCE) VALUES (71, 53, 10029);
    INSERT INTO SEADIST (IDCARGOSITEFROM, IDCARGOSITETO, DISTANCE) VALUES (71, 73, 10049);
    INSERT INTO SEADIST (IDCARGOSITEFROM, IDCARGOSITETO, DISTANCE) VALUES (71, 2, 10170);
    INSERT INTO SEADIST (IDCARGOSITEFROM, IDCARGOSITETO, DISTANCE) VALUES (71, 38, 10306);
    INSERT INTO SEADIST (IDCARGOSITEFROM, IDCARGOSITETO, DISTANCE) VALUES (71, 47, 10346);
    INSERT INTO SEADIST (IDCARGOSITEFROM, IDCARGOSITETO, DISTANCE) VALUES (71, 16, 10381);
    INSERT INTO SEADIST (IDCARGOSITEFROM, IDCARGOSITETO, DISTANCE) VALUES (71, 25, 10505);
    INSERT INTO SEADIST (IDCARGOSITEFROM, IDCARGOSITETO, DISTANCE) VALUES (71, 23, 10576);
    INSERT INTO SEADIST (IDCARGOSITEFROM, IDCARGOSITETO, DISTANCE) VALUES (71, 8, 10771);
    INSERT INTO SEADIST (IDCARGOSITEFROM, IDCARGOSITETO, DISTANCE) VALUES (71, 55, 10788);
    INSERT INTO SEADIST (IDCARGOSITEFROM, IDCARGOSITETO, DISTANCE) VALUES (72, 16, 76);
    INSERT INTO SEADIST (IDCARGOSITEFROM, IDCARGOSITETO, DISTANCE) VALUES (72, 2, 164);
    INSERT INTO SEADIST (IDCARGOSITEFROM, IDCARGOSITETO, DISTANCE) VALUES (72, 25, 214);
    INSERT INTO SEADIST (IDCARGOSITEFROM, IDCARGOSITETO, DISTANCE) VALUES (72, 23, 350);
    INSERT INTO SEADIST (IDCARGOSITEFROM, IDCARGOSITETO, DISTANCE) VALUES (72, 52, 501);
    INSERT INTO SEADIST (IDCARGOSITEFROM, IDCARGOSITETO, DISTANCE) VALUES (72, 4, 509);
    INSERT INTO SEADIST (IDCARGOSITEFROM, IDCARGOSITETO, DISTANCE) VALUES (72, 55, 613);
    INSERT INTO SEADIST (IDCARGOSITEFROM, IDCARGOSITETO, DISTANCE) VALUES (72, 8, 617);
    INSERT INTO SEADIST (IDCARGOSITEFROM, IDCARGOSITETO, DISTANCE) VALUES (72, 38, 875);
    INSERT INTO SEADIST (IDCARGOSITEFROM, IDCARGOSITETO, DISTANCE) VALUES (72, 47, 899);
    INSERT INTO SEADIST (IDCARGOSITEFROM, IDCARGOSITETO, DISTANCE) VALUES (72, 65, 1140);
    INSERT INTO SEADIST (IDCARGOSITEFROM, IDCARGOSITETO, DISTANCE) VALUES (72, 58, 1261);
    INSERT INTO SEADIST (IDCARGOSITEFROM, IDCARGOSITETO, DISTANCE) VALUES (72, 34, 1297);
    INSERT INTO SEADIST (IDCARGOSITEFROM, IDCARGOSITETO, DISTANCE) VALUES (72, 36, 1297);
    INSERT INTO SEADIST (IDCARGOSITEFROM, IDCARGOSITETO, DISTANCE) VALUES (72, 53, 1297);
    INSERT INTO SEADIST (IDCARGOSITEFROM, IDCARGOSITETO, DISTANCE) VALUES (72, 73, 1318);
    INSERT INTO SEADIST (IDCARGOSITEFROM, IDCARGOSITETO, DISTANCE) VALUES (72, 27, 1434);
    INSERT INTO SEADIST (IDCARGOSITEFROM, IDCARGOSITETO, DISTANCE) VALUES (72, 48, 1462);
    INSERT INTO SEADIST (IDCARGOSITEFROM, IDCARGOSITETO, DISTANCE) VALUES (72, 7, 1618);
    INSERT INTO SEADIST (IDCARGOSITEFROM, IDCARGOSITETO, DISTANCE) VALUES (72, 69, 1699);
    INSERT INTO SEADIST (IDCARGOSITEFROM, IDCARGOSITETO, DISTANCE) VALUES (72, 64, 2233);
    INSERT INTO SEADIST (IDCARGOSITEFROM, IDCARGOSITETO, DISTANCE) VALUES (72, 39, 2403);
    INSERT INTO SEADIST (IDCARGOSITEFROM, IDCARGOSITETO, DISTANCE) VALUES (72, 24, 2557);
    INSERT INTO SEADIST (IDCARGOSITEFROM, IDCARGOSITETO, DISTANCE) VALUES (72, 11, 2891);
    INSERT INTO SEADIST (IDCARGOSITEFROM, IDCARGOSITETO, DISTANCE) VALUES (72, 20, 3145);
    INSERT INTO SEADIST (IDCARGOSITEFROM, IDCARGOSITETO, DISTANCE) VALUES (72, 21, 3211);
    INSERT INTO SEADIST (IDCARGOSITEFROM, IDCARGOSITETO, DISTANCE) VALUES (72, 40, 3215);
    INSERT INTO SEADIST (IDCARGOSITEFROM, IDCARGOSITETO, DISTANCE) VALUES (72, 75, 3265);
    INSERT INTO SEADIST (IDCARGOSITEFROM, IDCARGOSITETO, DISTANCE) VALUES (72, 41, 3269);
    INSERT INTO SEADIST (IDCARGOSITEFROM, IDCARGOSITETO, DISTANCE) VALUES (72, 31, 3563);
    INSERT INTO SEADIST (IDCARGOSITEFROM, IDCARGOSITETO, DISTANCE) VALUES (72, 43, 3745);
    INSERT INTO SEADIST (IDCARGOSITEFROM, IDCARGOSITETO, DISTANCE) VALUES (72, 9, 3761);
    INSERT INTO SEADIST (IDCARGOSITEFROM, IDCARGOSITETO, DISTANCE) VALUES (72, 1, 3837);
    INSERT INTO SEADIST (IDCARGOSITEFROM, IDCARGOSITETO, DISTANCE) VALUES (72, 17, 3861);
    INSERT INTO SEADIST (IDCARGOSITEFROM, IDCARGOSITETO, DISTANCE) VALUES (72, 60, 3970);
    INSERT INTO SEADIST (IDCARGOSITEFROM, IDCARGOSITETO, DISTANCE) VALUES (72, 26, 4127);
    INSERT INTO SEADIST (IDCARGOSITEFROM, IDCARGOSITETO, DISTANCE) VALUES (72, 35, 4162);
    INSERT INTO SEADIST (IDCARGOSITEFROM, IDCARGOSITETO, DISTANCE) VALUES (72, 67, 4283);
    INSERT INTO SEADIST (IDCARGOSITEFROM, IDCARGOSITETO, DISTANCE) VALUES (72, 50, 4357);
    INSERT INTO SEADIST (IDCARGOSITEFROM, IDCARGOSITETO, DISTANCE) VALUES (72, 68, 4390);
    INSERT INTO SEADIST (IDCARGOSITEFROM, IDCARGOSITETO, DISTANCE) VALUES (72, 32, 4411);
    INSERT INTO SEADIST (IDCARGOSITEFROM, IDCARGOSITETO, DISTANCE) VALUES (72, 37, 4466);
    INSERT INTO SEADIST (IDCARGOSITEFROM, IDCARGOSITETO, DISTANCE) VALUES (72, 66, 4552);
    INSERT INTO SEADIST (IDCARGOSITEFROM, IDCARGOSITETO, DISTANCE) VALUES (72, 30, 4663);
    INSERT INTO SEADIST (IDCARGOSITEFROM, IDCARGOSITETO, DISTANCE) VALUES (72, 51, 5162);
    INSERT INTO SEADIST (IDCARGOSITEFROM, IDCARGOSITETO, DISTANCE) VALUES (72, 15, 6048);
    INSERT INTO SEADIST (IDCARGOSITEFROM, IDCARGOSITETO, DISTANCE) VALUES (72, 18, 6274);
    INSERT INTO SEADIST (IDCARGOSITEFROM, IDCARGOSITETO, DISTANCE) VALUES (72, 6, 6313);
    INSERT INTO SEADIST (IDCARGOSITEFROM, IDCARGOSITETO, DISTANCE) VALUES (72, 56, 6407);
    INSERT INTO SEADIST (IDCARGOSITEFROM, IDCARGOSITETO, DISTANCE) VALUES (72, 12, 6667);
    INSERT INTO SEADIST (IDCARGOSITEFROM, IDCARGOSITETO, DISTANCE) VALUES (72, 74, 6768);
    INSERT INTO SEADIST (IDCARGOSITEFROM, IDCARGOSITETO, DISTANCE) VALUES (72, 22, 6793);
    INSERT INTO SEADIST (IDCARGOSITEFROM, IDCARGOSITETO, DISTANCE) VALUES (72, 19, 7054);
    INSERT INTO SEADIST (IDCARGOSITEFROM, IDCARGOSITETO, DISTANCE) VALUES (72, 49, 7141);
    INSERT INTO SEADIST (IDCARGOSITEFROM, IDCARGOSITETO, DISTANCE) VALUES (72, 29, 7150);
    INSERT INTO SEADIST (IDCARGOSITEFROM, IDCARGOSITETO, DISTANCE) VALUES (72, 57, 7202);
    INSERT INTO SEADIST (IDCARGOSITEFROM, IDCARGOSITETO, DISTANCE) VALUES (72, 14, 7653);
    INSERT INTO SEADIST (IDCARGOSITEFROM, IDCARGOSITETO, DISTANCE) VALUES (72, 44, 8038);
    INSERT INTO SEADIST (IDCARGOSITEFROM, IDCARGOSITETO, DISTANCE) VALUES (72, 46, 8088);
    INSERT INTO SEADIST (IDCARGOSITEFROM, IDCARGOSITETO, DISTANCE) VALUES (72, 70, 8928);
    INSERT INTO SEADIST (IDCARGOSITEFROM, IDCARGOSITETO, DISTANCE) VALUES (72, 62, 9115);
    INSERT INTO SEADIST (IDCARGOSITEFROM, IDCARGOSITETO, DISTANCE) VALUES (72, 42, 9225);
    INSERT INTO SEADIST (IDCARGOSITEFROM, IDCARGOSITETO, DISTANCE) VALUES (72, 71, 10334);
    INSERT INTO SEADIST (IDCARGOSITEFROM, IDCARGOSITETO, DISTANCE) VALUES (73, 34, 60);
    INSERT INTO SEADIST (IDCARGOSITEFROM, IDCARGOSITETO, DISTANCE) VALUES (73, 36, 60);
    INSERT INTO SEADIST (IDCARGOSITEFROM, IDCARGOSITETO, DISTANCE) VALUES (73, 53, 60);
    INSERT INTO SEADIST (IDCARGOSITEFROM, IDCARGOSITETO, DISTANCE) VALUES (73, 2, 1154);
    INSERT INTO SEADIST (IDCARGOSITEFROM, IDCARGOSITETO, DISTANCE) VALUES (73, 48, 1155);
    INSERT INTO SEADIST (IDCARGOSITEFROM, IDCARGOSITETO, DISTANCE) VALUES (73, 7, 1316);
    INSERT INTO SEADIST (IDCARGOSITEFROM, IDCARGOSITETO, DISTANCE) VALUES (73, 47, 1335);
    INSERT INTO SEADIST (IDCARGOSITEFROM, IDCARGOSITETO, DISTANCE) VALUES (73, 16, 1365);
    INSERT INTO SEADIST (IDCARGOSITEFROM, IDCARGOSITETO, DISTANCE) VALUES (73, 69, 1404);
    INSERT INTO SEADIST (IDCARGOSITEFROM, IDCARGOSITETO, DISTANCE) VALUES (73, 25, 1489);
    INSERT INTO SEADIST (IDCARGOSITEFROM, IDCARGOSITETO, DISTANCE) VALUES (73, 23, 1560);
    INSERT INTO SEADIST (IDCARGOSITEFROM, IDCARGOSITETO, DISTANCE) VALUES (73, 64, 1948);
    INSERT INTO SEADIST (IDCARGOSITEFROM, IDCARGOSITETO, DISTANCE) VALUES (73, 39, 2118);
    INSERT INTO SEADIST (IDCARGOSITEFROM, IDCARGOSITETO, DISTANCE) VALUES (73, 24, 2272);
    INSERT INTO SEADIST (IDCARGOSITEFROM, IDCARGOSITETO, DISTANCE) VALUES (73, 40, 2930);
    INSERT INTO SEADIST (IDCARGOSITEFROM, IDCARGOSITETO, DISTANCE) VALUES (73, 75, 2980);
    INSERT INTO SEADIST (IDCARGOSITEFROM, IDCARGOSITETO, DISTANCE) VALUES (73, 41, 2984);
    INSERT INTO SEADIST (IDCARGOSITEFROM, IDCARGOSITETO, DISTANCE) VALUES (73, 43, 3460);
    INSERT INTO SEADIST (IDCARGOSITEFROM, IDCARGOSITETO, DISTANCE) VALUES (73, 9, 3476);
    INSERT INTO SEADIST (IDCARGOSITEFROM, IDCARGOSITETO, DISTANCE) VALUES (73, 26, 3842);
    INSERT INTO SEADIST (IDCARGOSITEFROM, IDCARGOSITETO, DISTANCE) VALUES (73, 35, 3877);
    INSERT INTO SEADIST (IDCARGOSITEFROM, IDCARGOSITETO, DISTANCE) VALUES (73, 67, 3998);
    INSERT INTO SEADIST (IDCARGOSITEFROM, IDCARGOSITETO, DISTANCE) VALUES (73, 50, 4072);
    INSERT INTO SEADIST (IDCARGOSITEFROM, IDCARGOSITETO, DISTANCE) VALUES (73, 66, 4267);
    INSERT INTO SEADIST (IDCARGOSITEFROM, IDCARGOSITETO, DISTANCE) VALUES (73, 51, 4877);
    INSERT INTO SEADIST (IDCARGOSITEFROM, IDCARGOSITETO, DISTANCE) VALUES (73, 18, 5989);
    INSERT INTO SEADIST (IDCARGOSITEFROM, IDCARGOSITETO, DISTANCE) VALUES (73, 6, 6028);
    INSERT INTO SEADIST (IDCARGOSITEFROM, IDCARGOSITETO, DISTANCE) VALUES (73, 74, 6483);
    INSERT INTO SEADIST (IDCARGOSITEFROM, IDCARGOSITETO, DISTANCE) VALUES (73, 49, 6856);
    INSERT INTO SEADIST (IDCARGOSITEFROM, IDCARGOSITETO, DISTANCE) VALUES (73, 14, 7368);
    INSERT INTO SEADIST (IDCARGOSITEFROM, IDCARGOSITETO, DISTANCE) VALUES (73, 44, 7753);
    INSERT INTO SEADIST (IDCARGOSITEFROM, IDCARGOSITETO, DISTANCE) VALUES (73, 46, 7803);
    INSERT INTO SEADIST (IDCARGOSITEFROM, IDCARGOSITETO, DISTANCE) VALUES (73, 42, 8940);
    INSERT INTO SEADIST (IDCARGOSITEFROM, IDCARGOSITETO, DISTANCE) VALUES (74, 18, 1410);
    INSERT INTO SEADIST (IDCARGOSITEFROM, IDCARGOSITETO, DISTANCE) VALUES (74, 6, 1449);
    INSERT INTO SEADIST (IDCARGOSITEFROM, IDCARGOSITETO, DISTANCE) VALUES (74, 51, 1965);
    INSERT INTO SEADIST (IDCARGOSITEFROM, IDCARGOSITETO, DISTANCE) VALUES (74, 14, 2789);
    INSERT INTO SEADIST (IDCARGOSITEFROM, IDCARGOSITETO, DISTANCE) VALUES (74, 46, 3224);
    INSERT INTO SEADIST (IDCARGOSITEFROM, IDCARGOSITETO, DISTANCE) VALUES (74, 42, 4361);
    INSERT INTO SEADIST (IDCARGOSITEFROM, IDCARGOSITETO, DISTANCE) VALUES (74, 39, 4613);
    INSERT INTO SEADIST (IDCARGOSITEFROM, IDCARGOSITETO, DISTANCE) VALUES (74, 64, 4617);
    INSERT INTO SEADIST (IDCARGOSITEFROM, IDCARGOSITETO, DISTANCE) VALUES (74, 40, 4836);
    INSERT INTO SEADIST (IDCARGOSITEFROM, IDCARGOSITETO, DISTANCE) VALUES (74, 9, 5059);
    INSERT INTO SEADIST (IDCARGOSITEFROM, IDCARGOSITETO, DISTANCE) VALUES (74, 75, 5059);
    INSERT INTO SEADIST (IDCARGOSITEFROM, IDCARGOSITETO, DISTANCE) VALUES (74, 41, 5063);
    INSERT INTO SEADIST (IDCARGOSITEFROM, IDCARGOSITETO, DISTANCE) VALUES (74, 69, 5206);
    INSERT INTO SEADIST (IDCARGOSITEFROM, IDCARGOSITETO, DISTANCE) VALUES (74, 43, 5242);
    INSERT INTO SEADIST (IDCARGOSITEFROM, IDCARGOSITETO, DISTANCE) VALUES (74, 7, 5334);
    INSERT INTO SEADIST (IDCARGOSITEFROM, IDCARGOSITETO, DISTANCE) VALUES (74, 50, 5460);
    INSERT INTO SEADIST (IDCARGOSITEFROM, IDCARGOSITETO, DISTANCE) VALUES (74, 48, 5588);
    INSERT INTO SEADIST (IDCARGOSITEFROM, IDCARGOSITETO, DISTANCE) VALUES (74, 26, 5635);
    INSERT INTO SEADIST (IDCARGOSITEFROM, IDCARGOSITETO, DISTANCE) VALUES (74, 35, 5670);
    INSERT INTO SEADIST (IDCARGOSITEFROM, IDCARGOSITETO, DISTANCE) VALUES (74, 67, 5791);
    INSERT INTO SEADIST (IDCARGOSITEFROM, IDCARGOSITETO, DISTANCE) VALUES (74, 66, 6060);
    INSERT INTO SEADIST (IDCARGOSITEFROM, IDCARGOSITETO, DISTANCE) VALUES (74, 49, 6256);
    INSERT INTO SEADIST (IDCARGOSITEFROM, IDCARGOSITETO, DISTANCE) VALUES (74, 34, 6463);
    INSERT INTO SEADIST (IDCARGOSITEFROM, IDCARGOSITETO, DISTANCE) VALUES (74, 36, 6463);
    INSERT INTO SEADIST (IDCARGOSITEFROM, IDCARGOSITETO, DISTANCE) VALUES (74, 53, 6463);
    INSERT INTO SEADIST (IDCARGOSITEFROM, IDCARGOSITETO, DISTANCE) VALUES (74, 2, 6604);
    INSERT INTO SEADIST (IDCARGOSITEFROM, IDCARGOSITETO, DISTANCE) VALUES (74, 47, 6780);
    INSERT INTO SEADIST (IDCARGOSITEFROM, IDCARGOSITETO, DISTANCE) VALUES (74, 16, 6815);
    INSERT INTO SEADIST (IDCARGOSITEFROM, IDCARGOSITETO, DISTANCE) VALUES (74, 25, 6939);
    INSERT INTO SEADIST (IDCARGOSITEFROM, IDCARGOSITETO, DISTANCE) VALUES (74, 23, 7010);
    INSERT INTO SEADIST (IDCARGOSITEFROM, IDCARGOSITETO, DISTANCE) VALUES (75, 41, 146);
    INSERT INTO SEADIST (IDCARGOSITEFROM, IDCARGOSITETO, DISTANCE) VALUES (75, 43, 538);
    INSERT INTO SEADIST (IDCARGOSITEFROM, IDCARGOSITETO, DISTANCE) VALUES (75, 9, 585);
    INSERT INTO SEADIST (IDCARGOSITEFROM, IDCARGOSITETO, DISTANCE) VALUES (75, 40, 648);
    INSERT INTO SEADIST (IDCARGOSITEFROM, IDCARGOSITETO, DISTANCE) VALUES (75, 39, 885);
    INSERT INTO SEADIST (IDCARGOSITEFROM, IDCARGOSITETO, DISTANCE) VALUES (75, 26, 920);
    INSERT INTO SEADIST (IDCARGOSITEFROM, IDCARGOSITETO, DISTANCE) VALUES (75, 35, 955);
    INSERT INTO SEADIST (IDCARGOSITEFROM, IDCARGOSITETO, DISTANCE) VALUES (75, 64, 1067);
    INSERT INTO SEADIST (IDCARGOSITEFROM, IDCARGOSITETO, DISTANCE) VALUES (75, 67, 1076);
    INSERT INTO SEADIST (IDCARGOSITEFROM, IDCARGOSITETO, DISTANCE) VALUES (75, 50, 1180);
    INSERT INTO SEADIST (IDCARGOSITEFROM, IDCARGOSITETO, DISTANCE) VALUES (75, 66, 1345);
    INSERT INTO SEADIST (IDCARGOSITEFROM, IDCARGOSITETO, DISTANCE) VALUES (75, 69, 1703);
    INSERT INTO SEADIST (IDCARGOSITEFROM, IDCARGOSITETO, DISTANCE) VALUES (75, 7, 1831);
    INSERT INTO SEADIST (IDCARGOSITEFROM, IDCARGOSITETO, DISTANCE) VALUES (75, 34, 2960);
    INSERT INTO SEADIST (IDCARGOSITEFROM, IDCARGOSITETO, DISTANCE) VALUES (75, 36, 2960);
    INSERT INTO SEADIST (IDCARGOSITEFROM, IDCARGOSITETO, DISTANCE) VALUES (75, 53, 2960);
    INSERT INTO SEADIST (IDCARGOSITEFROM, IDCARGOSITETO, DISTANCE) VALUES (75, 2, 3101);
    INSERT INTO SEADIST (IDCARGOSITEFROM, IDCARGOSITETO, DISTANCE) VALUES (75, 47, 3277);
    INSERT INTO SEADIST (IDCARGOSITEFROM, IDCARGOSITETO, DISTANCE) VALUES (75, 16, 3312);
    INSERT INTO SEADIST (IDCARGOSITEFROM, IDCARGOSITETO, DISTANCE) VALUES (75, 51, 3345);
    INSERT INTO SEADIST (IDCARGOSITEFROM, IDCARGOSITETO, DISTANCE) VALUES (75, 25, 3436);
    INSERT INTO SEADIST (IDCARGOSITEFROM, IDCARGOSITETO, DISTANCE) VALUES (75, 23, 3507);
    INSERT INTO SEADIST (IDCARGOSITEFROM, IDCARGOSITETO, DISTANCE) VALUES (75, 18, 4756);
    INSERT INTO SEADIST (IDCARGOSITEFROM, IDCARGOSITETO, DISTANCE) VALUES (75, 6, 4795);
    INSERT INTO SEADIST (IDCARGOSITEFROM, IDCARGOSITETO, DISTANCE) VALUES (75, 14, 6135);
    INSERT INTO SEADIST (IDCARGOSITEFROM, IDCARGOSITETO, DISTANCE) VALUES (75, 49, 6199);
    INSERT INTO SEADIST (IDCARGOSITEFROM, IDCARGOSITETO, DISTANCE) VALUES (75, 46, 6570);
    INSERT INTO SEADIST (IDCARGOSITEFROM, IDCARGOSITETO, DISTANCE) VALUES (75, 42, 7707);
    INSERT INTO SEADIST (IDCARGOSITEFROM, IDCARGOSITETO, DISTANCE) VALUES (76, 65, 271);
    INSERT INTO SEADIST (IDCARGOSITEFROM, IDCARGOSITETO, DISTANCE) VALUES (76, 58, 395);
    INSERT INTO SEADIST (IDCARGOSITEFROM, IDCARGOSITETO, DISTANCE) VALUES (76, 34, 431);
    INSERT INTO SEADIST (IDCARGOSITEFROM, IDCARGOSITETO, DISTANCE) VALUES (76, 36, 431);
    INSERT INTO SEADIST (IDCARGOSITEFROM, IDCARGOSITETO, DISTANCE) VALUES (76, 53, 431);
    INSERT INTO SEADIST (IDCARGOSITEFROM, IDCARGOSITETO, DISTANCE) VALUES (76, 52, 440);
    INSERT INTO SEADIST (IDCARGOSITEFROM, IDCARGOSITETO, DISTANCE) VALUES (76, 4, 448);
    INSERT INTO SEADIST (IDCARGOSITEFROM, IDCARGOSITETO, DISTANCE) VALUES (76, 73, 451);
    INSERT INTO SEADIST (IDCARGOSITEFROM, IDCARGOSITETO, DISTANCE) VALUES (76, 2, 738);
    INSERT INTO SEADIST (IDCARGOSITEFROM, IDCARGOSITETO, DISTANCE) VALUES (76, 27, 743);
    INSERT INTO SEADIST (IDCARGOSITEFROM, IDCARGOSITETO, DISTANCE) VALUES (76, 48, 771);
    INSERT INTO SEADIST (IDCARGOSITEFROM, IDCARGOSITETO, DISTANCE) VALUES (76, 10, 879);
    INSERT INTO SEADIST (IDCARGOSITEFROM, IDCARGOSITETO, DISTANCE) VALUES (76, 38, 882);
    INSERT INTO SEADIST (IDCARGOSITEFROM, IDCARGOSITETO, DISTANCE) VALUES (76, 72, 902);
    INSERT INTO SEADIST (IDCARGOSITEFROM, IDCARGOSITETO, DISTANCE) VALUES (76, 47, 920);
    INSERT INTO SEADIST (IDCARGOSITEFROM, IDCARGOSITETO, DISTANCE) VALUES (76, 7, 932);
    INSERT INTO SEADIST (IDCARGOSITEFROM, IDCARGOSITETO, DISTANCE) VALUES (76, 16, 949);
    INSERT INTO SEADIST (IDCARGOSITEFROM, IDCARGOSITETO, DISTANCE) VALUES (76, 69, 1020);
    INSERT INTO SEADIST (IDCARGOSITEFROM, IDCARGOSITETO, DISTANCE) VALUES (76, 25, 1073);
    INSERT INTO SEADIST (IDCARGOSITEFROM, IDCARGOSITETO, DISTANCE) VALUES (76, 23, 1144);
    INSERT INTO SEADIST (IDCARGOSITEFROM, IDCARGOSITETO, DISTANCE) VALUES (76, 8, 1339);
    INSERT INTO SEADIST (IDCARGOSITEFROM, IDCARGOSITETO, DISTANCE) VALUES (76, 55, 1356);
    INSERT INTO SEADIST (IDCARGOSITEFROM, IDCARGOSITETO, DISTANCE) VALUES (76, 64, 1564);
    INSERT INTO SEADIST (IDCARGOSITEFROM, IDCARGOSITETO, DISTANCE) VALUES (76, 39, 1734);
    INSERT INTO SEADIST (IDCARGOSITEFROM, IDCARGOSITETO, DISTANCE) VALUES (76, 24, 1888);
    INSERT INTO SEADIST (IDCARGOSITEFROM, IDCARGOSITETO, DISTANCE) VALUES (76, 11, 2222);
    INSERT INTO SEADIST (IDCARGOSITEFROM, IDCARGOSITETO, DISTANCE) VALUES (76, 54, 2262);
    INSERT INTO SEADIST (IDCARGOSITEFROM, IDCARGOSITETO, DISTANCE) VALUES (76, 33, 2404);
    INSERT INTO SEADIST (IDCARGOSITEFROM, IDCARGOSITETO, DISTANCE) VALUES (76, 20, 2476);
    INSERT INTO SEADIST (IDCARGOSITEFROM, IDCARGOSITETO, DISTANCE) VALUES (76, 21, 2542);
    INSERT INTO SEADIST (IDCARGOSITEFROM, IDCARGOSITETO, DISTANCE) VALUES (76, 40, 2546);
    INSERT INTO SEADIST (IDCARGOSITEFROM, IDCARGOSITETO, DISTANCE) VALUES (76, 78, 2575);
    INSERT INTO SEADIST (IDCARGOSITEFROM, IDCARGOSITETO, DISTANCE) VALUES (76, 75, 2596);
    INSERT INTO SEADIST (IDCARGOSITEFROM, IDCARGOSITETO, DISTANCE) VALUES (76, 41, 2600);
    INSERT INTO SEADIST (IDCARGOSITEFROM, IDCARGOSITETO, DISTANCE) VALUES (76, 3, 2646);
    INSERT INTO SEADIST (IDCARGOSITEFROM, IDCARGOSITETO, DISTANCE) VALUES (76, 31, 2894);
    INSERT INTO SEADIST (IDCARGOSITEFROM, IDCARGOSITETO, DISTANCE) VALUES (76, 43, 3076);
    INSERT INTO SEADIST (IDCARGOSITEFROM, IDCARGOSITETO, DISTANCE) VALUES (76, 9, 3092);
    INSERT INTO SEADIST (IDCARGOSITEFROM, IDCARGOSITETO, DISTANCE) VALUES (76, 1, 3168);
    INSERT INTO SEADIST (IDCARGOSITEFROM, IDCARGOSITETO, DISTANCE) VALUES (76, 17, 3192);
    INSERT INTO SEADIST (IDCARGOSITEFROM, IDCARGOSITETO, DISTANCE) VALUES (76, 60, 3301);
    INSERT INTO SEADIST (IDCARGOSITEFROM, IDCARGOSITETO, DISTANCE) VALUES (76, 26, 3458);
    INSERT INTO SEADIST (IDCARGOSITEFROM, IDCARGOSITETO, DISTANCE) VALUES (76, 35, 3493);
    INSERT INTO SEADIST (IDCARGOSITEFROM, IDCARGOSITETO, DISTANCE) VALUES (76, 67, 3614);
    INSERT INTO SEADIST (IDCARGOSITEFROM, IDCARGOSITETO, DISTANCE) VALUES (76, 50, 3688);
    INSERT INTO SEADIST (IDCARGOSITEFROM, IDCARGOSITETO, DISTANCE) VALUES (76, 68, 3721);
    INSERT INTO SEADIST (IDCARGOSITEFROM, IDCARGOSITETO, DISTANCE) VALUES (76, 32, 3742);
    INSERT INTO SEADIST (IDCARGOSITEFROM, IDCARGOSITETO, DISTANCE) VALUES (76, 37, 3797);
    INSERT INTO SEADIST (IDCARGOSITEFROM, IDCARGOSITETO, DISTANCE) VALUES (76, 66, 3883);
    INSERT INTO SEADIST (IDCARGOSITEFROM, IDCARGOSITETO, DISTANCE) VALUES (76, 30, 3994);
    INSERT INTO SEADIST (IDCARGOSITEFROM, IDCARGOSITETO, DISTANCE) VALUES (76, 51, 4493);
    INSERT INTO SEADIST (IDCARGOSITEFROM, IDCARGOSITETO, DISTANCE) VALUES (76, 61, 4792);
    INSERT INTO SEADIST (IDCARGOSITEFROM, IDCARGOSITETO, DISTANCE) VALUES (76, 15, 5379);
    INSERT INTO SEADIST (IDCARGOSITEFROM, IDCARGOSITETO, DISTANCE) VALUES (76, 18, 5605);
    INSERT INTO SEADIST (IDCARGOSITEFROM, IDCARGOSITETO, DISTANCE) VALUES (76, 6, 5644);
    INSERT INTO SEADIST (IDCARGOSITEFROM, IDCARGOSITETO, DISTANCE) VALUES (76, 63, 5657);
    INSERT INTO SEADIST (IDCARGOSITEFROM, IDCARGOSITETO, DISTANCE) VALUES (76, 56, 5738);
    INSERT INTO SEADIST (IDCARGOSITEFROM, IDCARGOSITETO, DISTANCE) VALUES (76, 12, 5998);
    INSERT INTO SEADIST (IDCARGOSITEFROM, IDCARGOSITETO, DISTANCE) VALUES (76, 74, 6099);
    INSERT INTO SEADIST (IDCARGOSITEFROM, IDCARGOSITETO, DISTANCE) VALUES (76, 22, 6124);
    INSERT INTO SEADIST (IDCARGOSITEFROM, IDCARGOSITETO, DISTANCE) VALUES (76, 59, 6178);
    INSERT INTO SEADIST (IDCARGOSITEFROM, IDCARGOSITETO, DISTANCE) VALUES (76, 19, 6385);
    INSERT INTO SEADIST (IDCARGOSITEFROM, IDCARGOSITETO, DISTANCE) VALUES (76, 49, 6472);
    INSERT INTO SEADIST (IDCARGOSITEFROM, IDCARGOSITETO, DISTANCE) VALUES (76, 29, 6481);
    INSERT INTO SEADIST (IDCARGOSITEFROM, IDCARGOSITETO, DISTANCE) VALUES (76, 57, 6533);
    INSERT INTO SEADIST (IDCARGOSITEFROM, IDCARGOSITETO, DISTANCE) VALUES (76, 13, 6569);
    INSERT INTO SEADIST (IDCARGOSITEFROM, IDCARGOSITETO, DISTANCE) VALUES (76, 5, 6847);
    INSERT INTO SEADIST (IDCARGOSITEFROM, IDCARGOSITETO, DISTANCE) VALUES (76, 14, 6984);
    INSERT INTO SEADIST (IDCARGOSITEFROM, IDCARGOSITETO, DISTANCE) VALUES (76, 44, 7369);
    INSERT INTO SEADIST (IDCARGOSITEFROM, IDCARGOSITETO, DISTANCE) VALUES (76, 46, 7419);
    INSERT INTO SEADIST (IDCARGOSITEFROM, IDCARGOSITETO, DISTANCE) VALUES (76, 70, 8259);
    INSERT INTO SEADIST (IDCARGOSITEFROM, IDCARGOSITETO, DISTANCE) VALUES (76, 62, 8446);
    INSERT INTO SEADIST (IDCARGOSITEFROM, IDCARGOSITETO, DISTANCE) VALUES (76, 42, 8556);
    INSERT INTO SEADIST (IDCARGOSITEFROM, IDCARGOSITETO, DISTANCE) VALUES (76, 71, 9665);
    INSERT INTO SEADIST (IDCARGOSITEFROM, IDCARGOSITETO, DISTANCE) VALUES (77, 65, 271);
    INSERT INTO SEADIST (IDCARGOSITEFROM, IDCARGOSITETO, DISTANCE) VALUES (77, 58, 395);
    INSERT INTO SEADIST (IDCARGOSITEFROM, IDCARGOSITETO, DISTANCE) VALUES (77, 34, 431);
    INSERT INTO SEADIST (IDCARGOSITEFROM, IDCARGOSITETO, DISTANCE) VALUES (77, 36, 431);
    INSERT INTO SEADIST (IDCARGOSITEFROM, IDCARGOSITETO, DISTANCE) VALUES (77, 53, 431);
    INSERT INTO SEADIST (IDCARGOSITEFROM, IDCARGOSITETO, DISTANCE) VALUES (77, 52, 440);
    INSERT INTO SEADIST (IDCARGOSITEFROM, IDCARGOSITETO, DISTANCE) VALUES (77, 4, 448);
    INSERT INTO SEADIST (IDCARGOSITEFROM, IDCARGOSITETO, DISTANCE) VALUES (77, 73, 451);
    INSERT INTO SEADIST (IDCARGOSITEFROM, IDCARGOSITETO, DISTANCE) VALUES (77, 2, 738);
    INSERT INTO SEADIST (IDCARGOSITEFROM, IDCARGOSITETO, DISTANCE) VALUES (77, 27, 743);
    INSERT INTO SEADIST (IDCARGOSITEFROM, IDCARGOSITETO, DISTANCE) VALUES (77, 48, 771);
    INSERT INTO SEADIST (IDCARGOSITEFROM, IDCARGOSITETO, DISTANCE) VALUES (77, 10, 879);
    INSERT INTO SEADIST (IDCARGOSITEFROM, IDCARGOSITETO, DISTANCE) VALUES (77, 38, 882);
    INSERT INTO SEADIST (IDCARGOSITEFROM, IDCARGOSITETO, DISTANCE) VALUES (77, 72, 902);
    INSERT INTO SEADIST (IDCARGOSITEFROM, IDCARGOSITETO, DISTANCE) VALUES (77, 47, 920);
    INSERT INTO SEADIST (IDCARGOSITEFROM, IDCARGOSITETO, DISTANCE) VALUES (77, 7, 932);
    INSERT INTO SEADIST (IDCARGOSITEFROM, IDCARGOSITETO, DISTANCE) VALUES (77, 16, 949);
    INSERT INTO SEADIST (IDCARGOSITEFROM, IDCARGOSITETO, DISTANCE) VALUES (77, 69, 1020);
    INSERT INTO SEADIST (IDCARGOSITEFROM, IDCARGOSITETO, DISTANCE) VALUES (77, 25, 1073);
    INSERT INTO SEADIST (IDCARGOSITEFROM, IDCARGOSITETO, DISTANCE) VALUES (77, 23, 1144);
    INSERT INTO SEADIST (IDCARGOSITEFROM, IDCARGOSITETO, DISTANCE) VALUES (77, 8, 1339);
    INSERT INTO SEADIST (IDCARGOSITEFROM, IDCARGOSITETO, DISTANCE) VALUES (77, 55, 1356);
    INSERT INTO SEADIST (IDCARGOSITEFROM, IDCARGOSITETO, DISTANCE) VALUES (77, 64, 1564);
    INSERT INTO SEADIST (IDCARGOSITEFROM, IDCARGOSITETO, DISTANCE) VALUES (77, 39, 1734);
    INSERT INTO SEADIST (IDCARGOSITEFROM, IDCARGOSITETO, DISTANCE) VALUES (77, 24, 1888);
    INSERT INTO SEADIST (IDCARGOSITEFROM, IDCARGOSITETO, DISTANCE) VALUES (77, 11, 2222);
    INSERT INTO SEADIST (IDCARGOSITEFROM, IDCARGOSITETO, DISTANCE) VALUES (77, 54, 2262);
    INSERT INTO SEADIST (IDCARGOSITEFROM, IDCARGOSITETO, DISTANCE) VALUES (77, 33, 2404);
    INSERT INTO SEADIST (IDCARGOSITEFROM, IDCARGOSITETO, DISTANCE) VALUES (77, 20, 2476);
    INSERT INTO SEADIST (IDCARGOSITEFROM, IDCARGOSITETO, DISTANCE) VALUES (77, 21, 2542);
    INSERT INTO SEADIST (IDCARGOSITEFROM, IDCARGOSITETO, DISTANCE) VALUES (77, 40, 2546);
    INSERT INTO SEADIST (IDCARGOSITEFROM, IDCARGOSITETO, DISTANCE) VALUES (77, 78, 2575);
    INSERT INTO SEADIST (IDCARGOSITEFROM, IDCARGOSITETO, DISTANCE) VALUES (77, 75, 2596);
    INSERT INTO SEADIST (IDCARGOSITEFROM, IDCARGOSITETO, DISTANCE) VALUES (77, 41, 2600);
    INSERT INTO SEADIST (IDCARGOSITEFROM, IDCARGOSITETO, DISTANCE) VALUES (77, 3, 2646);
    INSERT INTO SEADIST (IDCARGOSITEFROM, IDCARGOSITETO, DISTANCE) VALUES (77, 31, 2894);
    INSERT INTO SEADIST (IDCARGOSITEFROM, IDCARGOSITETO, DISTANCE) VALUES (77, 43, 3076);
    INSERT INTO SEADIST (IDCARGOSITEFROM, IDCARGOSITETO, DISTANCE) VALUES (77, 9, 3092);
    INSERT INTO SEADIST (IDCARGOSITEFROM, IDCARGOSITETO, DISTANCE) VALUES (77, 1, 3168);
    INSERT INTO SEADIST (IDCARGOSITEFROM, IDCARGOSITETO, DISTANCE) VALUES (77, 17, 3192);
    INSERT INTO SEADIST (IDCARGOSITEFROM, IDCARGOSITETO, DISTANCE) VALUES (77, 60, 3301);
    INSERT INTO SEADIST (IDCARGOSITEFROM, IDCARGOSITETO, DISTANCE) VALUES (77, 26, 3458);
    INSERT INTO SEADIST (IDCARGOSITEFROM, IDCARGOSITETO, DISTANCE) VALUES (77, 35, 3493);
    INSERT INTO SEADIST (IDCARGOSITEFROM, IDCARGOSITETO, DISTANCE) VALUES (77, 67, 3614);
    INSERT INTO SEADIST (IDCARGOSITEFROM, IDCARGOSITETO, DISTANCE) VALUES (77, 50, 3688);
    INSERT INTO SEADIST (IDCARGOSITEFROM, IDCARGOSITETO, DISTANCE) VALUES (77, 68, 3721);
    INSERT INTO SEADIST (IDCARGOSITEFROM, IDCARGOSITETO, DISTANCE) VALUES (77, 32, 3742);
    INSERT INTO SEADIST (IDCARGOSITEFROM, IDCARGOSITETO, DISTANCE) VALUES (77, 37, 3797);
    INSERT INTO SEADIST (IDCARGOSITEFROM, IDCARGOSITETO, DISTANCE) VALUES (77, 66, 3883);
    INSERT INTO SEADIST (IDCARGOSITEFROM, IDCARGOSITETO, DISTANCE) VALUES (77, 30, 3994);
    INSERT INTO SEADIST (IDCARGOSITEFROM, IDCARGOSITETO, DISTANCE) VALUES (77, 51, 4493);
    INSERT INTO SEADIST (IDCARGOSITEFROM, IDCARGOSITETO, DISTANCE) VALUES (77, 61, 4792);
    INSERT INTO SEADIST (IDCARGOSITEFROM, IDCARGOSITETO, DISTANCE) VALUES (77, 15, 5379);
    INSERT INTO SEADIST (IDCARGOSITEFROM, IDCARGOSITETO, DISTANCE) VALUES (77, 18, 5605);
    INSERT INTO SEADIST (IDCARGOSITEFROM, IDCARGOSITETO, DISTANCE) VALUES (77, 6, 5644);
    INSERT INTO SEADIST (IDCARGOSITEFROM, IDCARGOSITETO, DISTANCE) VALUES (77, 63, 5657);
    INSERT INTO SEADIST (IDCARGOSITEFROM, IDCARGOSITETO, DISTANCE) VALUES (77, 56, 5738);
    INSERT INTO SEADIST (IDCARGOSITEFROM, IDCARGOSITETO, DISTANCE) VALUES (77, 12, 5998);
    INSERT INTO SEADIST (IDCARGOSITEFROM, IDCARGOSITETO, DISTANCE) VALUES (77, 74, 6099);
    INSERT INTO SEADIST (IDCARGOSITEFROM, IDCARGOSITETO, DISTANCE) VALUES (77, 22, 6124);
    INSERT INTO SEADIST (IDCARGOSITEFROM, IDCARGOSITETO, DISTANCE) VALUES (77, 59, 6178);
    INSERT INTO SEADIST (IDCARGOSITEFROM, IDCARGOSITETO, DISTANCE) VALUES (77, 19, 6385);
    INSERT INTO SEADIST (IDCARGOSITEFROM, IDCARGOSITETO, DISTANCE) VALUES (77, 49, 6472);
    INSERT INTO SEADIST (IDCARGOSITEFROM, IDCARGOSITETO, DISTANCE) VALUES (77, 29, 6481);
    INSERT INTO SEADIST (IDCARGOSITEFROM, IDCARGOSITETO, DISTANCE) VALUES (77, 57, 6533);
    INSERT INTO SEADIST (IDCARGOSITEFROM, IDCARGOSITETO, DISTANCE) VALUES (77, 13, 6569);
    INSERT INTO SEADIST (IDCARGOSITEFROM, IDCARGOSITETO, DISTANCE) VALUES (77, 5, 6847);
    INSERT INTO SEADIST (IDCARGOSITEFROM, IDCARGOSITETO, DISTANCE) VALUES (77, 14, 6984);
    INSERT INTO SEADIST (IDCARGOSITEFROM, IDCARGOSITETO, DISTANCE) VALUES (77, 44, 7369);
    INSERT INTO SEADIST (IDCARGOSITEFROM, IDCARGOSITETO, DISTANCE) VALUES (77, 46, 7419);
    INSERT INTO SEADIST (IDCARGOSITEFROM, IDCARGOSITETO, DISTANCE) VALUES (77, 70, 8259);
    INSERT INTO SEADIST (IDCARGOSITEFROM, IDCARGOSITETO, DISTANCE) VALUES (77, 62, 8446);
    INSERT INTO SEADIST (IDCARGOSITEFROM, IDCARGOSITETO, DISTANCE) VALUES (77, 42, 8556);
    INSERT INTO SEADIST (IDCARGOSITEFROM, IDCARGOSITETO, DISTANCE) VALUES (77, 71, 9665);
    INSERT INTO SEADIST (IDCARGOSITEFROM, IDCARGOSITETO, DISTANCE) VALUES (78, 75, 37);
    INSERT INTO SEADIST (IDCARGOSITEFROM, IDCARGOSITETO, DISTANCE) VALUES (78, 21, 76);
    INSERT INTO SEADIST (IDCARGOSITEFROM, IDCARGOSITETO, DISTANCE) VALUES (78, 41, 124);
    INSERT INTO SEADIST (IDCARGOSITEFROM, IDCARGOSITETO, DISTANCE) VALUES (78, 31, 347);
    INSERT INTO SEADIST (IDCARGOSITEFROM, IDCARGOSITETO, DISTANCE) VALUES (78, 11, 411);
    INSERT INTO SEADIST (IDCARGOSITEFROM, IDCARGOSITETO, DISTANCE) VALUES (78, 43, 535);
    INSERT INTO SEADIST (IDCARGOSITEFROM, IDCARGOSITETO, DISTANCE) VALUES (78, 20, 562);
    INSERT INTO SEADIST (IDCARGOSITEFROM, IDCARGOSITETO, DISTANCE) VALUES (78, 9, 577);
    INSERT INTO SEADIST (IDCARGOSITEFROM, IDCARGOSITETO, DISTANCE) VALUES (78, 1, 627);
    INSERT INTO SEADIST (IDCARGOSITEFROM, IDCARGOSITETO, DISTANCE) VALUES (78, 40, 627);
    INSERT INTO SEADIST (IDCARGOSITEFROM, IDCARGOSITETO, DISTANCE) VALUES (78, 17, 651);
    INSERT INTO SEADIST (IDCARGOSITEFROM, IDCARGOSITETO, DISTANCE) VALUES (78, 60, 760);
    INSERT INTO SEADIST (IDCARGOSITEFROM, IDCARGOSITETO, DISTANCE) VALUES (78, 39, 864);
    INSERT INTO SEADIST (IDCARGOSITEFROM, IDCARGOSITETO, DISTANCE) VALUES (78, 26, 917);
    INSERT INTO SEADIST (IDCARGOSITEFROM, IDCARGOSITETO, DISTANCE) VALUES (78, 35, 952);
    INSERT INTO SEADIST (IDCARGOSITEFROM, IDCARGOSITETO, DISTANCE) VALUES (78, 64, 1046);
    INSERT INTO SEADIST (IDCARGOSITEFROM, IDCARGOSITETO, DISTANCE) VALUES (78, 67, 1073);
    INSERT INTO SEADIST (IDCARGOSITEFROM, IDCARGOSITETO, DISTANCE) VALUES (78, 50, 1170);
    INSERT INTO SEADIST (IDCARGOSITEFROM, IDCARGOSITETO, DISTANCE) VALUES (78, 68, 1180);
    INSERT INTO SEADIST (IDCARGOSITEFROM, IDCARGOSITETO, DISTANCE) VALUES (78, 32, 1201);
    INSERT INTO SEADIST (IDCARGOSITEFROM, IDCARGOSITETO, DISTANCE) VALUES (78, 37, 1256);
    INSERT INTO SEADIST (IDCARGOSITEFROM, IDCARGOSITETO, DISTANCE) VALUES (78, 66, 1342);
    INSERT INTO SEADIST (IDCARGOSITEFROM, IDCARGOSITETO, DISTANCE) VALUES (78, 24, 1465);
    INSERT INTO SEADIST (IDCARGOSITEFROM, IDCARGOSITETO, DISTANCE) VALUES (78, 69, 1682);
    INSERT INTO SEADIST (IDCARGOSITEFROM, IDCARGOSITETO, DISTANCE) VALUES (78, 7, 1810);
    INSERT INTO SEADIST (IDCARGOSITEFROM, IDCARGOSITETO, DISTANCE) VALUES (78, 48, 2064);
    INSERT INTO SEADIST (IDCARGOSITEFROM, IDCARGOSITETO, DISTANCE) VALUES (78, 27, 2142);
    INSERT INTO SEADIST (IDCARGOSITEFROM, IDCARGOSITETO, DISTANCE) VALUES (78, 30, 2716);
    INSERT INTO SEADIST (IDCARGOSITEFROM, IDCARGOSITETO, DISTANCE) VALUES (78, 52, 2776);
    INSERT INTO SEADIST (IDCARGOSITEFROM, IDCARGOSITETO, DISTANCE) VALUES (78, 65, 2783);
    INSERT INTO SEADIST (IDCARGOSITEFROM, IDCARGOSITETO, DISTANCE) VALUES (78, 4, 2784);
    INSERT INTO SEADIST (IDCARGOSITEFROM, IDCARGOSITETO, DISTANCE) VALUES (78, 58, 2903);
    INSERT INTO SEADIST (IDCARGOSITEFROM, IDCARGOSITETO, DISTANCE) VALUES (78, 34, 2939);
    INSERT INTO SEADIST (IDCARGOSITEFROM, IDCARGOSITETO, DISTANCE) VALUES (78, 36, 2939);
    INSERT INTO SEADIST (IDCARGOSITEFROM, IDCARGOSITETO, DISTANCE) VALUES (78, 53, 2939);
    INSERT INTO SEADIST (IDCARGOSITEFROM, IDCARGOSITETO, DISTANCE) VALUES (78, 73, 2959);
    INSERT INTO SEADIST (IDCARGOSITEFROM, IDCARGOSITETO, DISTANCE) VALUES (78, 2, 3080);
    INSERT INTO SEADIST (IDCARGOSITEFROM, IDCARGOSITETO, DISTANCE) VALUES (78, 38, 3216);
    INSERT INTO SEADIST (IDCARGOSITEFROM, IDCARGOSITETO, DISTANCE) VALUES (78, 10, 3221);
    INSERT INTO SEADIST (IDCARGOSITEFROM, IDCARGOSITETO, DISTANCE) VALUES (78, 72, 3244);
    INSERT INTO SEADIST (IDCARGOSITEFROM, IDCARGOSITETO, DISTANCE) VALUES (78, 47, 3256);
    INSERT INTO SEADIST (IDCARGOSITEFROM, IDCARGOSITETO, DISTANCE) VALUES (78, 16, 3291);
    INSERT INTO SEADIST (IDCARGOSITEFROM, IDCARGOSITETO, DISTANCE) VALUES (78, 51, 3324);
    INSERT INTO SEADIST (IDCARGOSITEFROM, IDCARGOSITETO, DISTANCE) VALUES (78, 25, 3415);
    INSERT INTO SEADIST (IDCARGOSITEFROM, IDCARGOSITETO, DISTANCE) VALUES (78, 23, 3486);
    INSERT INTO SEADIST (IDCARGOSITEFROM, IDCARGOSITETO, DISTANCE) VALUES (78, 8, 3681);
    INSERT INTO SEADIST (IDCARGOSITEFROM, IDCARGOSITETO, DISTANCE) VALUES (78, 55, 3698);
    INSERT INTO SEADIST (IDCARGOSITEFROM, IDCARGOSITETO, DISTANCE) VALUES (78, 61, 4492);
    INSERT INTO SEADIST (IDCARGOSITEFROM, IDCARGOSITETO, DISTANCE) VALUES (78, 15, 4520);
    INSERT INTO SEADIST (IDCARGOSITEFROM, IDCARGOSITETO, DISTANCE) VALUES (78, 18, 4735);
    INSERT INTO SEADIST (IDCARGOSITEFROM, IDCARGOSITETO, DISTANCE) VALUES (78, 6, 4774);
    INSERT INTO SEADIST (IDCARGOSITEFROM, IDCARGOSITETO, DISTANCE) VALUES (78, 56, 4819);
    INSERT INTO SEADIST (IDCARGOSITEFROM, IDCARGOSITETO, DISTANCE) VALUES (78, 74, 5038);
    INSERT INTO SEADIST (IDCARGOSITEFROM, IDCARGOSITETO, DISTANCE) VALUES (78, 12, 5128);
    INSERT INTO SEADIST (IDCARGOSITEFROM, IDCARGOSITETO, DISTANCE) VALUES (78, 22, 5254);
    INSERT INTO SEADIST (IDCARGOSITEFROM, IDCARGOSITETO, DISTANCE) VALUES (78, 63, 5364);
    INSERT INTO SEADIST (IDCARGOSITEFROM, IDCARGOSITETO, DISTANCE) VALUES (78, 19, 5515);
    INSERT INTO SEADIST (IDCARGOSITEFROM, IDCARGOSITETO, DISTANCE) VALUES (78, 29, 5611);
    INSERT INTO SEADIST (IDCARGOSITEFROM, IDCARGOSITETO, DISTANCE) VALUES (78, 57, 5663);
    INSERT INTO SEADIST (IDCARGOSITEFROM, IDCARGOSITETO, DISTANCE) VALUES (78, 59, 5885);
    INSERT INTO SEADIST (IDCARGOSITEFROM, IDCARGOSITETO, DISTANCE) VALUES (78, 14, 6114);
    INSERT INTO SEADIST (IDCARGOSITEFROM, IDCARGOSITETO, DISTANCE) VALUES (78, 49, 6178);
    INSERT INTO SEADIST (IDCARGOSITEFROM, IDCARGOSITETO, DISTANCE) VALUES (78, 44, 6499);
    INSERT INTO SEADIST (IDCARGOSITEFROM, IDCARGOSITETO, DISTANCE) VALUES (78, 46, 6549);
    INSERT INTO SEADIST (IDCARGOSITEFROM, IDCARGOSITETO, DISTANCE) VALUES (78, 70, 7389);
    INSERT INTO SEADIST (IDCARGOSITEFROM, IDCARGOSITETO, DISTANCE) VALUES (78, 62, 7576);
    INSERT INTO SEADIST (IDCARGOSITEFROM, IDCARGOSITETO, DISTANCE) VALUES (78, 42, 7686);

    DBMS_OUTPUT.PUT_LINE('Results: Can´t show them in console, is too BIG! Trust they will be there!');
    DBMS_OUTPUT.PUT_LINE('---------------------- END ---------------------');
    COMMIT;
END;
